Date,Open,High,Low,Close
1995-11-03,994.20,1000.91,992.69,1000.00
1995-11-06,1001.53,1001.53,988.92,988.92
1995-11-07,987.17,987.17,977.05,978.22
1995-11-08,976.28,976.28,962.98,964.01
1995-11-09,960.32,960.32,952.13,953.07
1995-11-10,951.93,951.93,946.00,948.82
1995-11-13,949.29,949.29,916.48,917.26
1995-11-14,916.66,916.66,897.52,902.56
1995-11-15,901.33,913.54,901.33,913.21
1995-11-16,915.96,915.96,900.83,904.08
1995-11-17,898.72,900.41,885.31,898.86
1995-11-20,896.27,898.86,892.05,892.79
1995-11-21,891.96,891.96,876.00,876.59
1995-11-22,878.00,878.00,856.92,864.42
1995-11-23,856.20,856.20,842.33,849.50
1995-11-24,849.60,874.97,849.60,871.11
1995-11-27,871.94,878.58,858.93,861.25
1995-11-28,854.50,854.50,841.44,843.68
1995-11-29,845.36,845.36,822.54,845.12
1995-11-30,840.87,863.98,838.36,862.10
1995-12-01,867.99,877.41,866.37,873.05
1995-12-04,870.29,873.05,861.97,863.70
1995-12-05,860.02,867.59,854.47,866.52
1995-12-06,870.39,878.93,868.12,878.93
1995-12-07,881.97,901.25,881.97,898.62
1995-12-08,900.28,908.12,886.54,887.12
1995-12-11,882.58,882.58,874.37,877.41
1995-12-12,878.99,880.08,875.43,879.49
1995-12-13,881.30,889.26,881.30,889.26
1995-12-14,890.81,891.98,884.31,884.34
1995-12-15,876.95,883.85,875.50,883.41
1995-12-18,883.29,883.58,881.17,882.63
1995-12-19,882.35,884.19,879.54,883.72
1995-12-20,883.68,887.19,883.68,885.53
1995-12-21,888.25,900.50,887.73,900.50
1995-12-22,900.86,906.63,899.38,900.65
1995-12-26,899.87,906.47,898.41,905.33
1995-12-27,908.81,923.09,908.81,922.50
1995-12-28,923.67,927.60,913.76,914.55
1995-12-29,912.72,912.72,906.32,908.53
1996-01-01,913.11,913.11,906.15,908.01
1996-01-02,906.78,906.78,899.52,900.38
1996-01-03,901.66,904.48,895.48,895.96
1996-01-04,891.37,891.37,884.10,889.67
1996-01-05,887.79,887.79,881.74,884.73
1996-01-08,883.64,883.64,868.44,869.70
1996-01-09,864.84,870.71,856.77,869.12
1996-01-10,863.86,869.01,863.80,863.80
1996-01-11,862.62,873.72,861.97,873.27
1996-01-12,875.11,877.60,872.10,875.15
1996-01-15,878.74,878.74,870.98,871.32
1996-01-16,871.29,871.29,866.64,868.52
1996-01-17,866.00,866.00,857.11,857.11
1996-01-18,853.28,853.28,841.79,848.83
1996-01-19,846.66,847.17,840.18,843.99
1996-01-22,844.83,847.12,844.04,844.31
1996-01-23,846.05,846.05,830.83,832.90
1996-01-24,831.17,831.17,816.00,818.69
1996-01-25,819.56,819.56,814.34,814.92
1996-01-29,813.12,832.23,813.12,830.88
1996-01-30,836.14,848.13,836.14,846.57
1996-01-31,843.19,852.75,843.19,848.42
1996-02-01,848.28,869.54,848.28,869.54
1996-02-02,878.50,919.82,878.50,918.31
1996-02-05,933.14,949.16,927.65,943.08
1996-02-06,943.75,947.89,919.99,925.71
1996-02-07,918.97,932.02,913.22,932.02
1996-02-08,936.72,983.25,936.72,980.27
1996-02-09,1001.85,1033.02,980.27,1033.00
1996-02-12,1032.47,1045.81,1018.51,1018.50
1996-02-13,1019.69,1030.30,1006.28,1027.30
1996-02-14,1040.91,1067.49,1040.91,1051.90
1996-02-15,1048.14,1053.19,1042.36,1046.20
1996-02-16,1040.84,1040.84,1020.46,1023.00
1996-02-19,1027.20,1028.26,1019.93,1021.30
1996-02-20,1021.08,1021.08,999.93,1000.10
1996-02-22,1006.84,1025.44,1006.84,1024.90
1996-02-23,1025.36,1029.64,1019.45,1028.80
1996-02-26,1035.02,1045.15,1034.52,1034.70
1996-02-27,1034.28,1034.28,1024.65,1027.40
1996-02-28,1034.49,1037.53,1027.39,1027.30
1996-02-29,1024.14,1024.14,992.48,992.51
1996-03-01,994.66,1002.19,989.78,999.47
1996-03-04,1000.58,1002.41,996.51,998.84
1996-03-06,999.67,1003.72,997.86,1002.90
1996-03-07,1005.06,1010.50,998.45,998.45
1996-03-08,993.93,993.93,981.60,988.62
1996-03-11,981.16,981.16,966.28,975.26
1996-03-12,974.71,976.46,969.15,976.22
1996-03-13,973.75,992.54,972.77,992.14
1996-03-14,993.72,1002.68,990.41,991.14
1996-03-15,989.55,989.98,981.67,981.87
1996-03-18,977.71,977.71,961.37,962.09
1996-03-19,961.12,964.08,945.07,947.09
1996-03-21,957.88,967.75,957.88,965.57
1996-03-22,962.34,962.34,950.07,956.11
1996-03-25,956.89,957.19,952.25,953.98
1996-03-26,952.87,958.58,949.28,957.14
1996-03-27,965.84,975.60,965.84,974.17
1996-03-28,976.91,997.32,976.91,997.32
1996-03-29,998.16,998.16,985.30,985.30
1996-04-01,988.33,995.01,988.33,994.80
1996-04-02,996.07,1005.68,996.07,1003.20
1996-04-03,1013.41,1019.09,1012.79,1013.40
1996-04-04,1012.29,1012.29,1000.90,1010.90
1996-04-08,1024.40,1034.72,1024.40,1032.10
1996-04-09,1035.61,1041.05,1028.78,1029.00
1996-04-10,1030.57,1035.79,1027.07,1029.20
1996-04-11,1024.37,1026.52,1022.31,1025.10
1996-04-12,1023.84,1033.17,1023.84,1032.10
1996-04-15,1038.03,1050.48,1038.03,1046.40
1996-04-16,1046.80,1060.85,1046.80,1058.70
1996-04-17,1067.93,1096.28,1067.93,1096.20
1996-04-18,1107.76,1124.93,1107.76,1121.60
1996-04-19,1124.30,1142.26,1124.30,1131.70
1996-04-22,1136.28,1136.28,1102.83,1106.90
1996-04-23,1090.04,1100.51,1090.04,1095.80
1996-04-24,1136.97,1145.11,1126.77,1145.10
1996-04-25,1157.94,1160.16,1110.61,1120.80
1996-04-26,1133.17,1133.17,1106.29,1123.60
1996-04-29,1112.70,1118.69,1107.51,1118.30
1996-04-30,1118.10,1118.23,1112.44,1114.30
1996-05-01,1141.65,1141.65,1133.92,1137.80
1996-05-02,1131.96,1132.05,1123.15,1132.00
1996-05-03,1126.08,1127.99,1119.34,1119.40
1996-05-06,1108.00,1108.00,1087.86,1088.20
1996-05-07,1086.66,1094.97,1086.66,1093.00
1996-05-08,1082.78,1113.62,1075.94,1108.50
1996-05-09,1101.41,1107.41,1089.87,1090.50
1996-05-10,1076.97,1080.91,1063.75,1078.60
1996-05-13,1081.68,1090.16,1080.68,1088.10
1996-05-14,1087.94,1107.44,1085.85,1105.40
1996-05-15,1107.00,1117.41,1095.67,1115.90
1996-05-16,1128.45,1141.64,1126.29,1128.50
1996-05-17,1122.42,1122.42,1113.59,1115.50
1996-05-20,1094.60,1094.60,1083.56,1083.60
1996-05-21,1077.18,1082.52,1074.19,1074.80
1996-05-22,1082.25,1086.07,1079.61,1081.10
1996-05-23,1079.89,1079.89,1073.76,1076.70
1996-05-24,1079.77,1087.77,1077.87,1085.00
1996-05-27,1080.55,1080.55,1065.29,1065.20
1996-05-28,1054.62,1065.61,1046.95,1063.30
1996-05-29,1074.23,1100.59,1074.23,1096.70
1996-05-30,1095.86,1095.86,1082.58,1082.80
1996-05-31,1086.46,1089.92,1083.73,1089.90
1996-06-03,1098.18,1109.99,1098.18,1108.80
1996-06-04,1114.55,1118.13,1104.32,1105.60
1996-06-05,1108.78,1115.06,1104.45,1113.10
1996-06-06,1129.17,1132.62,1127.52,1129.80
1996-06-07,1126.39,1134.86,1126.39,1133.40
1996-06-10,1136.86,1144.15,1136.86,1141.30
1996-06-11,1137.74,1145.68,1136.77,1143.00
1996-06-12,1164.83,1171.01,1163.58,1163.80
1996-06-13,1166.37,1172.34,1164.66,1168.40
1996-06-14,1169.26,1198.35,1169.26,1196.00
1996-06-17,1202.58,1203.11,1184.36,1185.30
1996-06-18,1176.48,1184.18,1173.66,1181.90
1996-06-19,1180.78,1190.03,1163.46,1168.00
1996-06-20,1163.68,1170.54,1150.40,1169.40
1996-06-21,1168.72,1170.01,1155.56,1157.40
1996-06-24,1157.92,1159.92,1138.88,1146.70
1996-06-25,1147.28,1154.22,1123.79,1127.70
1996-06-26,1127.43,1134.43,1116.96,1119.80
1996-06-27,1119.00,1130.00,1107.00,1127.00
1996-06-28,1128.00,1136.00,1119.00,1122.00
1996-07-01,1121.00,1121.00,1105.00,1109.00
1996-07-02,1109.00,1111.00,1098.00,1100.00
1996-07-03,1100.00,1100.00,1076.00,1080.00
1996-07-04,1080.00,1099.00,1056.00,1088.00
1996-07-05,1089.00,1104.00,1088.00,1093.00
1996-07-08,1095.08,1106.36,1095.08,1103.40
1996-07-09,1104.01,1104.13,1082.41,1088.70
1996-07-10,1083.49,1093.27,1072.48,1086.60
1996-07-11,1089.45,1103.19,1089.45,1097.40
1996-07-12,1096.85,1099.20,1086.07,1089.30
1996-07-15,1089.00,1098.35,1081.22,1093.30
1996-07-16,1100.14,1105.94,1076.92,1083.40
1996-07-18,1109.17,1126.14,1109.17,1118.60
1996-07-19,1118.92,1126.71,1112.35,1119.20
1996-07-22,1119.39,1126.29,1115.13,1125.60
1996-07-23,1125.15,1127.08,1086.28,1092.10
1996-07-24,1090.74,1090.74,1049.88,1069.40
1996-07-25,1069.27,1075.79,1060.60,1062.60
1996-07-26,1062.04,1066.12,1046.46,1051.20
1996-07-29,1054.51,1057.84,1030.87,1033.90
1996-07-30,1031.01,1031.01,999.03,1014.90
1996-07-31,1017.06,1047.04,1004.76,1042.80
1996-08-01,1047.47,1054.08,1035.30,1036.60
1996-08-02,1036.34,1036.48,1024.80,1032.90
1996-08-05,1035.73,1038.20,1030.34,1032.20
1996-08-06,1031.80,1038.04,1023.73,1035.50
1996-08-07,1036.59,1050.54,1033.52,1048.50
1996-08-08,1050.43,1054.29,1037.94,1039.20
1996-08-09,1038.76,1042.25,1033.46,1037.90
1996-08-12,1038.11,1039.93,1030.40,1032.10
1996-08-13,1031.05,1031.05,1021.67,1024.40
1996-08-14,1021.18,1027.95,1017.43,1018.40
1996-08-16,1018.28,1019.64,1001.35,1002.20
1996-08-19,1001.19,1001.19,972.96,975.66
1996-08-20,973.13,980.78,968.76,977.34
1996-08-21,980.23,1001.84,980.23,999.19
1996-08-22,1001.45,1010.40,999.85,1002.10
1996-08-23,1001.38,1014.78,1000.49,1012.70
1996-08-26,1011.12,1016.63,1007.25,1009.00
1996-08-27,1009.90,1016.59,1006.02,1014.60
1996-08-28,1015.01,1029.49,1015.01,1027.00
1996-08-29,1028.70,1035.59,1024.67,1025.80
1996-08-30,1025.91,1029.89,1023.44,1029.00
1996-09-02,1028.91,1039.98,1028.91,1036.90
1996-09-03,1039.84,1046.51,1017.46,1023.20
1996-09-04,1022.37,1028.26,1012.15,1026.40
1996-09-05,1028.06,1038.31,1028.06,1037.40
1996-09-06,1038.04,1038.79,1029.96,1032.00
1996-09-09,1030.42,1031.22,1012.34,1013.80
1996-09-10,1014.87,1014.87,996.75,1001.10
1996-09-11,1001.86,1008.79,989.71,991.34
1996-09-12,990.88,992.68,981.01,989.28
1996-09-13,991.65,991.86,979.80,980.72
1996-09-16,980.69,980.69,959.65,962.27
1996-09-17,965.02,975.19,962.93,971.21
1996-09-18,972.73,996.97,969.67,994.43
1996-09-19,996.41,1001.25,975.85,977.76
1996-09-20,979.14,984.45,973.09,977.03
1996-09-23,976.08,976.08,963.19,968.84
1996-09-24,968.78,972.74,965.69,968.91
1996-09-25,967.98,981.75,967.98,971.29
1996-09-26,970.76,970.89,955.60,959.31
1996-09-27,958.79,958.83,942.05,947.23
1996-09-30,945.68,948.41,932.27,943.96
1996-10-01,944.51,945.66,933.56,936.27
1996-10-03,937.16,943.38,921.18,924.92
1996-10-04,924.93,925.93,898.47,904.12
1996-10-07,905.76,905.76,859.65,874.00
1996-10-08,872.57,876.78,850.52,873.90
1996-10-09,873.18,875.85,859.35,874.72
1996-10-10,874.20,900.53,872.83,898.42
1996-10-11,900.11,915.59,897.60,908.79
1996-10-14,907.26,907.26,890.71,892.05
1996-10-15,892.07,902.74,885.23,897.77
1996-10-16,896.63,905.11,891.16,892.77
1996-10-17,891.42,893.33,880.76,892.07
1996-10-18,892.61,899.51,888.61,895.00
1996-10-22,896.87,924.83,896.87,919.09
1996-10-23,924.20,953.44,924.20,951.29
1996-10-24,953.48,956.45,928.45,932.77
1996-10-25,929.42,939.73,929.42,936.95
1996-10-28,936.84,948.37,934.64,935.89
1996-10-29,936.78,936.78,922.89,926.39
1996-10-30,929.03,929.03,929.03,929.03
1996-10-31,927.31,927.31,897.23,909.29
1996-11-01,910.32,915.39,904.95,906.68
1996-11-04,906.56,906.56,886.68,890.13
1996-11-05,890.19,894.40,878.29,881.57
1996-11-06,879.81,880.15,851.77,866.57
1996-11-07,867.24,876.25,866.76,874.89
1996-11-08,876.11,885.68,876.11,884.64
1996-11-10,885.21,886.84,878.57,880.36
1996-11-11,879.28,895.64,876.83,891.27
1996-11-13,895.98,898.54,889.47,896.84
1996-11-14,895.67,897.92,885.21,889.39
1996-11-15,888.58,894.62,885.62,894.31
1996-11-18,893.95,904.89,893.95,904.05
1996-11-19,904.50,905.61,895.86,897.58
1996-11-20,897.99,897.99,875.36,876.61
1996-11-21,876.36,878.26,866.97,869.82
1996-11-22,867.82,868.18,848.13,850.33
1996-11-25,850.24,859.24,826.99,852.26
1996-11-26,856.31,870.84,847.60,855.48
1996-11-27,848.17,848.21,822.17,829.08
1996-11-28,829.28,835.15,823.26,825.47
1996-11-29,825.59,833.81,825.59,830.32
1996-12-02,830.48,834.92,818.61,820.25
1996-12-03,819.77,819.77,804.46,809.43
1996-12-04,805.40,805.82,775.43,788.15
1996-12-05,786.37,808.21,781.54,802.23
1996-12-06,805.51,815.03,805.47,808.19
1996-12-09,809.03,816.20,804.97,808.69
1996-12-10,807.73,808.53,797.66,803.20
1996-12-11,806.46,839.13,803.68,837.07
1996-12-12,838.86,847.36,825.52,827.25
1996-12-13,826.54,826.54,814.89,824.62
1996-12-16,823.71,848.88,823.71,847.27
1996-12-17,846.06,853.36,841.00,850.74
1996-12-18,850.69,871.84,850.69,860.40
1996-12-19,858.03,864.54,853.47,860.58
1996-12-20,864.25,887.92,864.25,884.38
1996-12-23,884.40,890.65,878.10,882.00
1996-12-24,881.85,887.50,874.05,884.05
1996-12-26,887.95,913.35,887.95,911.80
1996-12-31,918.15,922.10,895.60,899.10
1997-01-01,905.20,941.40,905.20,939.55
1997-01-02,941.95,944.00,925.05,927.05
1997-01-03,924.30,932.60,919.55,931.65
1997-01-06,932.45,937.95,925.65,927.80
1997-01-07,926.35,935.15,922.25,928.80
1997-01-08,937.35,953.10,937.35,946.70
1997-01-09,945.15,959.75,943.60,956.60
1997-01-10,962.70,984.10,962.70,980.35
1997-01-13,978.55,982.25,965.50,980.70
1997-01-14,984.00,994.40,977.70,989.30
1997-01-15,997.50,1042.75,997.05,1041.80
1997-01-16,1064.05,1085.75,995.35,1009.40
1997-01-17,994.10,1009.70,976.35,1001.70
1997-01-20,1004.10,1005.55,973.95,977.00
1997-01-21,972.10,980.20,956.45,960.50
1997-01-22,971.40,992.90,971.40,987.10
1997-01-24,991.05,991.40,979.55,985.90
1997-01-27,993.15,1017.30,990.30,1009.10
1997-01-28,1016.00,1025.10,1007.95,1021.80
1997-01-29,1038.10,1043.90,1007.10,1017.20
1997-01-30,1010.60,1012.85,993.50,1000.00
1997-01-31,988.70,988.70,965.85,972.65
1997-02-03,967.90,967.90,944.20,948.20
1997-02-04,947.00,963.20,944.45,958.30
1997-02-05,970.75,984.80,959.50,962.50
1997-02-06,960.75,972.40,953.95,967.75
1997-02-07,969.50,980.95,966.50,978.80
1997-02-10,981.00,986.75,975.15,981.45
1997-02-11,980.95,996.05,978.85,992.75
1997-02-12,991.65,1008.80,990.90,1001.00
1997-02-13,998.45,1005.10,995.35,1002.10
1997-02-14,1001.30,1011.85,1001.10,1009.40
1997-02-17,1017.75,1024.30,1015.10,1020.10
1997-02-18,1020.75,1020.85,998.90,1000.70
1997-02-19,1004.05,1013.05,993.85,1011.80
1997-02-20,1009.55,1009.60,1000.55,1003.10
1997-02-21,1000.75,1002.00,989.50,991.55
1997-02-24,988.70,988.90,961.95,964.75
1997-02-25,962.60,975.25,954.50,966.10
1997-02-26,963.95,970.50,956.75,968.85
1997-02-27,972.35,994.50,972.05,992.75
1997-02-28,998.25,1006.60,996.00,998.65
1997-03-01,1070.80,1106.60,1070.80,1102.90
1997-03-03,1102.45,1140.65,1095.90,1107.70
1997-03-04,1111.75,1121.40,1098.20,1117.30
1997-03-05,1144.25,1167.95,1122.25,1132.90
1997-03-06,1127.00,1135.75,1119.30,1127.20
1997-03-10,1118.80,1118.80,1075.05,1078.70
1997-03-11,1073.80,1083.35,1046.30,1052.00
1997-03-12,1066.55,1088.65,1065.25,1074.20
1997-03-13,1076.85,1078.60,1062.70,1066.50
1997-03-14,1062.20,1076.65,1057.55,1070.10
1997-03-17,1071.95,1076.25,1065.45,1072.60
1997-03-18,1072.30,1074.50,1061.05,1064.30
1997-03-19,1074.25,1079.60,1050.00,1052.00
1997-03-20,1049.00,1059.50,1040.95,1054.80
1997-03-21,1058.70,1069.50,1058.55,1061.40
1997-03-25,1064.50,1067.25,1054.50,1058.30
1997-03-26,1062.50,1067.20,1057.50,1059.20
1997-03-27,1057.45,1059.00,1047.70,1057.80
1997-03-31,1012.15,1012.15,966.80,968.30
1997-04-01,931.95,973.85,931.50,970.15
1997-04-02,982.10,1004.65,982.10,1002.20
1997-04-03,1004.30,1012.75,1000.55,1010.60
1997-04-04,1001.90,1002.00,996.60,1001.00
1997-04-07,997.50,998.00,988.00,990.90
1997-04-09,1009.95,1031.15,1009.95,1030.30
1997-04-10,1024.45,1024.70,1000.30,1008.30
1997-04-11,993.30,1017.20,985.65,1013.40
1997-04-12,1004.90,1009.90,999.30,1003.20
1997-04-15,1010.65,1018.60,1010.65,1014.90
1997-04-17,1020.40,1036.15,1018.25,1035.20
1997-04-21,1041.45,1061.80,1041.25,1060.60
1997-04-22,1066.70,1073.90,1056.40,1059.80
1997-04-23,1065.95,1078.05,1063.85,1071.00
1997-04-24,1071.40,1075.90,1063.30,1067.20
1997-04-25,1065.40,1071.05,1062.95,1069.40
1997-04-28,1068.60,1070.70,1061.20,1065.40
1997-04-29,1063.60,1065.40,1052.80,1057.40
1997-04-30,1081.10,1088.40,1075.95,1079.80
1997-05-02,1074.70,1074.70,1063.75,1069.00
1997-05-05,1061.80,1061.80,1043.55,1045.50
1997-05-06,1045.80,1050.55,1038.75,1048.40
1997-05-07,1053.10,1055.05,1042.55,1044.40
1997-05-08,1043.70,1055.40,1039.80,1054.00
1997-05-09,1054.60,1063.00,1048.05,1053.30
1997-05-12,1052.80,1056.50,1039.05,1040.50
1997-05-13,1041.05,1042.25,1027.50,1031.00
1997-05-14,1030.35,1044.15,1018.15,1041.60
1997-05-15,1041.65,1049.00,1036.25,1045.00
1997-05-16,1043.40,1049.75,1041.10,1048.40
1997-05-19,1052.20,1059.25,1048.05,1050.80
1997-05-20,1051.55,1053.25,1045.30,1050.80
1997-05-21,1047.50,1049.70,1040.55,1042.00
1997-05-22,1042.45,1043.80,1034.35,1037.20
1997-05-23,1037.00,1039.00,1028.75,1033.70
1997-05-26,1032.15,1035.80,1025.50,1026.90
1997-05-27,1027.50,1031.50,1023.45,1025.70
1997-05-28,1032.50,1035.35,1024.55,1027.00
1997-05-29,1024.75,1040.05,1023.80,1038.20
1997-05-30,1039.85,1051.20,1038.30,1050.90
1997-06-02,1053.05,1066.15,1051.05,1064.90
1997-06-03,1067.65,1081.75,1067.55,1073.70
1997-06-04,1081.55,1090.95,1078.80,1085.70
1997-06-05,1089.85,1095.50,1082.85,1086.60
1997-06-06,1087.50,1091.05,1081.30,1082.70
1997-06-09,1082.95,1082.95,1071.55,1074.60
1997-06-10,1075.30,1084.15,1075.20,1081.10
1997-06-11,1090.45,1108.95,1090.45,1104.60
1997-06-12,1106.10,1122.20,1105.75,1120.70
1997-06-13,1124.95,1147.50,1122.75,1136.30
1997-06-16,1135.30,1141.05,1121.85,1129.70
1997-06-17,1134.90,1145.80,1127.15,1138.80
1997-06-18,1162.20,1171.00,1156.05,1159.80
1997-06-19,1151.95,1161.70,1145.35,1159.80
1997-06-20,1162.70,1174.15,1154.30,1158.30
1997-06-23,1159.60,1163.00,1149.30,1153.70
1997-06-24,1154.95,1161.95,1146.85,1155.30
1997-06-25,1166.10,1175.00,1158.90,1161.90
1997-06-26,1164.00,1177.60,1160.25,1168.20
1997-06-27,1168.30,1174.75,1165.95,1169.60
1997-06-30,1167.45,1194.75,1164.50,1192.40
1997-07-01,1201.30,1206.10,1193.55,1200.40
1997-07-02,1214.70,1237.05,1212.60,1222.90
1997-07-03,1222.45,1235.45,1209.45,1214.90
1997-07-04,1218.95,1222.60,1209.45,1216.10
1997-07-07,1217.40,1226.60,1208.25,1209.70
1997-07-08,1205.10,1205.80,1193.35,1198.20
1997-07-09,1211.60,1239.55,1211.60,1236.50
1997-07-10,1248.10,1252.70,1234.95,1239.10
1997-07-11,1233.50,1233.50,1217.00,1221.10
1997-07-14,1212.40,1215.60,1176.60,1187.00
1997-07-15,1190.50,1195.40,1180.75,1183.30
1997-07-16,1195.55,1207.00,1179.25,1183.00
1997-07-17,1182.85,1185.30,1173.00,1181.40
1997-07-21,1171.35,1171.35,1153.75,1165.00
1997-07-22,1169.55,1176.40,1165.15,1173.20
1997-07-23,1184.05,1201.75,1183.90,1200.70
1997-07-24,1204.35,1213.40,1195.20,1199.90
1997-07-25,1194.75,1195.95,1179.00,1185.00
1997-07-28,1185.25,1187.85,1176.95,1181.60
1997-07-29,1182.60,1190.55,1180.10,1190.30
1997-07-30,1196.65,1205.80,1195.85,1197.90
1997-07-31,1203.95,1224.70,1201.85,1221.50
1997-08-01,1224.40,1233.85,1219.90,1232.40
1997-08-04,1238.75,1254.50,1237.95,1250.40
1997-08-05,1250.50,1275.45,1249.70,1273.10
1997-08-06,1273.65,1297.10,1273.65,1292.90
1997-08-07,1292.80,1292.80,1259.05,1269.60
1997-08-08,1269.55,1269.55,1253.20,1256.90
1997-08-11,1256.85,1260.00,1247.65,1258.30
1997-08-12,1258.50,1272.00,1243.95,1248.40
1997-08-13,1248.30,1251.40,1240.90,1244.60
1997-08-14,1244.40,1245.80,1226.10,1227.90
1997-08-18,1228.40,1228.45,1198.75,1201.40
1997-08-19,1201.50,1203.15,1177.10,1180.70
1997-08-20,1179.55,1200.25,1178.65,1198.20
1997-08-21,1198.80,1212.15,1179.30,1181.50
1997-08-22,1181.55,1181.60,1158.45,1160.40
1997-08-25,1160.40,1160.40,1119.65,1144.30
1997-08-26,1144.55,1160.45,1144.05,1151.70
1997-08-27,1152.40,1184.85,1152.40,1168.40
1997-08-28,1168.40,1168.40,1132.25,1134.60
1997-08-29,1134.20,1134.20,1098.90,1105.00
1997-09-01,1105.45,1115.00,1097.95,1104.70
1997-09-02,1104.90,1125.85,1102.45,1117.10
1997-09-03,1118.45,1145.40,1118.45,1134.70
1997-09-04,1134.30,1138.80,1123.70,1137.10
1997-09-05,1137.20,1152.30,1137.20,1149.20
1997-09-08,1148.70,1160.85,1136.85,1158.20
1997-09-09,1158.30,1168.35,1154.95,1159.50
1997-09-10,1159.00,1159.00,1143.95,1154.50
1997-09-11,1154.60,1163.30,1152.55,1154.30
1997-09-12,1154.20,1154.20,1138.25,1142.80
1997-09-15,1142.75,1143.35,1136.30,1141.00
1997-09-16,1141.10,1149.25,1137.80,1140.10
1997-09-17,1140.30,1141.75,1132.75,1134.20
1997-09-18,1133.60,1133.60,1101.65,1109.30
1997-09-19,1109.60,1115.15,1099.60,1104.30
1997-09-22,1104.25,1104.25,1082.50,1085.00
1997-09-23,1084.40,1090.95,1079.60,1088.60
1997-09-24,1089.15,1108.15,1089.15,1100.80
1997-09-25,1100.85,1112.40,1098.35,1111.30
1997-09-26,1111.65,1122.25,1111.65,1116.10
1997-09-29,1124.90,1133.40,1122.60,1125.70
1997-09-30,1125.65,1125.65,1112.50,1123.80
1997-10-01,1123.45,1123.45,1102.45,1114.70
1997-10-09,1119.10,1135.95,1118.65,1134.50
1997-10-10,1135.30,1166.05,1133.60,1163.50
1997-10-13,1165.50,1177.50,1153.85,1156.90
1997-10-14,1156.45,1158.80,1131.00,1137.90
1997-10-15,1138.45,1152.65,1138.45,1150.40
1997-10-16,1150.45,1171.60,1150.45,1168.30
1997-10-17,1168.75,1181.15,1168.70,1177.80
1997-10-20,1177.50,1189.40,1172.05,1188.20
1997-10-21,1188.20,1192.00,1171.20,1174.90
1997-10-22,1175.55,1184.90,1168.30,1169.80
1997-10-23,1169.40,1171.05,1140.80,1151.60
1997-10-24,1151.45,1151.45,1122.55,1136.60
1997-10-27,1136.00,1136.00,1116.00,1120.80
1997-10-28,1120.60,1120.60,1028.20,1032.60
1997-10-29,1033.00,1108.50,1033.00,1107.00
1997-10-30,1106.90,1106.90,1080.15,1085.20
1997-11-03,1085.75,1096.05,1071.20,1084.00
1997-11-04,1083.80,1097.05,1079.55,1090.20
1997-11-05,1091.20,1096.05,1081.90,1085.00
1997-11-06,1084.80,1085.20,1068.40,1080.90
1997-11-07,1081.15,1081.45,1072.15,1074.80
1997-11-10,1074.50,1074.50,1064.40,1065.90
1997-11-11,1065.90,1076.50,1064.30,1073.30
1997-11-12,1073.30,1073.30,1042.35,1045.00
1997-11-13,1044.55,1044.55,1013.10,1022.40
1997-11-17,1022.30,1028.50,1014.55,1024.90
1997-11-18,1025.30,1025.40,1004.20,1009.80
1997-11-19,1009.55,1009.55,971.20,987.85
1997-11-20,987.70,1004.80,974.20,995.15
1997-11-21,994.85,1014.50,990.40,1005.70
1997-11-24,1005.70,1010.65,979.75,981.25
1997-11-25,981.10,1015.20,974.70,1010.70
1997-11-26,1011.40,1028.90,1011.05,1016.80
1997-11-27,1016.95,1048.95,1011.90,1046.70
1997-11-28,1046.35,1046.35,1014.85,1023.90
1997-12-01,1023.85,1033.90,1008.45,1032.60
1997-12-02,1033.15,1041.25,1024.85,1029.80
1997-12-03,1030.20,1037.40,1022.05,1030.70
1997-12-04,1030.20,1036.60,1007.80,1011.70
1997-12-05,1011.40,1024.35,1002.45,1006.30
1997-12-08,1006.65,1014.15,1003.20,1008.80
1997-12-09,1008.50,1011.50,979.70,984.05
1997-12-10,983.20,983.20,965.85,971.90
1997-12-11,971.70,978.80,943.00,973.65
1997-12-12,973.70,979.10,963.85,965.15
1997-12-15,965.00,980.65,957.20,979.85
1997-12-16,980.00,1007.75,979.80,1002.30
1997-12-17,1002.25,1017.60,1002.15,1013.10
1997-12-18,1013.50,1023.85,1008.15,1009.70
1997-12-19,1009.30,1029.75,1006.80,1028.40
1997-12-22,1028.45,1053.40,1028.45,1051.40
1997-12-23,1051.45,1066.25,1049.55,1054.80
1997-12-24,1054.80,1055.50,1032.95,1054.10
1997-12-26,1054.15,1066.00,1054.15,1061.40
1997-12-29,1061.65,1081.50,1060.20,1079.00
1997-12-30,1078.75,1080.20,1054.55,1058.50
1997-12-31,1058.45,1083.35,1057.75,1079.40
1998-01-01,1078.95,1084.50,1074.15,1081.20
1998-01-02,1081.00,1091.30,1081.00,1086.20
1998-01-05,1086.60,1102.15,1086.60,1091.60
1998-01-06,1091.25,1091.25,1074.10,1079.10
1998-01-07,1079.95,1097.30,1071.75,1082.40
1998-01-08,1082.05,1082.05,1054.00,1057.70
1998-01-09,1057.65,1057.65,1028.70,1033.50
1998-01-12,1033.20,1033.20,992.50,995.80
1998-01-13,995.70,1016.80,995.70,999.10
1998-01-14,999.45,1019.85,990.75,997.55
1998-01-15,997.50,1001.30,975.65,989.65
1998-01-16,990.05,999.80,987.10,997.80
1998-01-19,998.30,1019.75,992.05,1017.20
1998-01-20,1017.25,1029.65,1008.80,1011.40
1998-01-21,1011.60,1017.75,1003.90,1012.40
1998-01-22,1012.20,1012.20,990.85,992.35
1998-01-23,992.20,992.45,984.55,986.80
1998-01-27,986.90,988.00,959.40,963.30
1998-01-28,962.65,969.70,940.10,944.80
1998-01-29,944.55,944.55,929.05,941.35
1998-01-30,941.40,965.30,941.40,963.45
1998-02-02,963.45,978.05,962.25,976.60
1998-02-03,977.05,979.55,967.85,975.25
1998-02-04,975.90,988.40,965.45,967.95
1998-02-05,968.15,980.45,968.15,976.10
1998-02-06,976.10,981.20,971.90,977.65
1998-02-09,977.55,980.75,973.10,976.10
1998-02-10,976.10,976.10,962.00,963.70
1998-02-11,964.25,971.75,956.00,958.90
1998-02-12,959.05,960.25,949.65,956.65
1998-02-13,956.80,978.15,956.80,974.55
1998-02-17,974.65,1002.15,974.65,991.70
1998-02-18,992.15,997.80,984.00,988.85
1998-02-19,988.95,1001.10,988.95,997.55
1998-02-20,997.10,1006.25,991.85,993.65
1998-02-23,994.10,1011.70,994.10,1009.60
1998-02-24,1009.50,1017.55,1007.40,1014.10
1998-02-25,1014.10,1037.15,1014.10,1036.00
1998-02-26,1036.30,1048.55,1032.40,1045.80
1998-02-27,1045.85,1064.15,1045.75,1060.70
1998-03-02,1060.90,1100.80,1060.90,1098.20
1998-03-03,1099.25,1101.95,1046.75,1063.50
1998-03-04,1062.70,1094.45,1062.70,1092.30
1998-03-05,1091.95,1098.90,1079.95,1083.30
1998-03-06,1083.30,1086.00,1073.25,1081.40
1998-03-09,1081.95,1100.40,1081.95,1099.50
1998-03-10,1099.35,1102.85,1082.70,1086.00
1998-03-11,1086.65,1102.60,1074.55,1083.00
1998-03-12,1083.35,1083.95,1072.40,1077.50
1998-03-16,1077.75,1102.60,1077.75,1090.40
1998-03-17,1090.25,1090.25,1072.70,1083.30
1998-03-18,1083.85,1108.20,1083.85,1103.30
1998-03-19,1103.80,1113.45,1099.80,1105.80
1998-03-20,1105.50,1112.40,1097.75,1109.60
1998-03-23,1110.10,1124.80,1110.10,1124.10
1998-03-24,1124.25,1137.80,1117.35,1120.80
1998-03-25,1121.45,1149.35,1121.45,1146.90
1998-03-26,1147.65,1156.70,1127.30,1129.50
1998-03-27,1129.50,1142.10,1121.20,1140.30
1998-03-30,1140.60,1146.65,1122.95,1124.80
1998-03-31,1124.75,1127.50,1111.85,1116.90
1998-04-01,1117.15,1151.00,1117.15,1150.10
1998-04-02,1150.40,1169.55,1150.40,1157.40
1998-04-03,1157.90,1174.55,1157.30,1173.40
1998-04-06,1173.55,1191.55,1173.55,1187.10
1998-04-07,1187.35,1199.55,1184.00,1187.80
1998-04-09,1189.40,1224.25,1189.40,1209.60
1998-04-10,1209.75,1209.90,1189.45,1192.40
1998-04-13,1191.65,1191.65,1156.85,1159.40
1998-04-15,1159.55,1210.60,1159.55,1206.30
1998-04-16,1206.35,1215.05,1194.50,1197.00
1998-04-17,1197.05,1211.80,1189.75,1210.00
1998-04-20,1210.05,1222.55,1202.20,1207.10
1998-04-21,1207.20,1218.95,1207.20,1212.70
1998-04-22,1212.95,1247.15,1208.00,1210.80
1998-04-23,1210.25,1211.30,1179.75,1182.10
1998-04-24,1182.15,1183.75,1144.85,1173.80
1998-04-27,1173.85,1180.20,1161.20,1164.30
1998-04-28,1164.10,1164.30,1144.55,1146.80
1998-04-29,1151.30,1178.05,1147.00,1151.10
1998-04-30,1151.40,1161.00,1137.80,1159.30
1998-05-04,1159.80,1185.75,1159.80,1185.10
1998-05-05,1185.20,1191.25,1177.30,1188.10
1998-05-06,1188.00,1196.70,1169.15,1172.40
1998-05-08,1172.10,1172.20,1157.30,1161.50
1998-05-11,1162.20,1162.95,1156.45,1160.30
1998-05-12,1160.15,1160.15,1100.10,1132.20
1998-05-13,1132.10,1132.10,1091.25,1094.10
1998-05-14,1094.05,1121.75,1081.60,1118.60
1998-05-15,1119.15,1130.40,1104.20,1110.10
1998-05-18,1110.65,1130.00,1110.65,1119.80
1998-05-19,1119.80,1125.15,1116.20,1121.70
1998-05-20,1121.70,1142.95,1121.70,1141.30
1998-05-21,1141.65,1146.35,1120.35,1126.10
1998-05-22,1126.10,1131.25,1118.50,1126.50
1998-05-25,1125.90,1127.00,1111.20,1122.90
1998-05-26,1123.15,1123.15,1101.55,1104.40
1998-05-27,1104.05,1107.20,1089.00,1090.90
1998-05-28,1090.50,1097.00,1073.30,1075.50
1998-05-29,1075.35,1077.15,1037.95,1063.10
1998-06-01,1064.10,1100.00,1049.40,1053.70
1998-06-02,1053.40,1053.65,1016.25,1019.60
1998-06-03,1019.35,1037.30,1009.95,1033.90
1998-06-04,1034.10,1044.40,1023.35,1027.00
1998-06-05,1026.60,1026.60,989.20,993.50
1998-06-08,993.50,1003.15,936.55,968.60
1998-06-09,968.90,1002.45,964.70,995.05
1998-06-10,994.55,998.65,959.60,962.90
1998-06-11,962.15,964.65,929.95,961.35
1998-06-12,961.60,987.30,961.60,971.15
1998-06-15,970.95,970.95,914.30,916.80
1998-06-16,916.25,916.25,862.15,910.10
1998-06-17,910.90,980.30,910.90,976.50
1998-06-18,977.00,990.15,952.65,956.15
1998-06-19,955.05,955.05,910.55,913.25
1998-06-22,912.90,912.90,853.30,880.20
1998-06-23,882.20,882.20,853.05,875.60
1998-06-24,875.45,910.05,873.60,908.50
1998-06-25,908.65,939.15,908.65,932.15
1998-06-26,931.80,932.50,914.45,924.35
1998-06-29,923.20,951.20,916.65,949.10
1998-06-30,949.45,952.75,933.00,941.65
1998-07-01,941.60,945.55,916.50,942.25
1998-07-02,941.65,941.65,918.10,919.90
1998-07-03,920.05,920.05,898.65,900.55
1998-07-06,901.00,919.50,900.90,917.35
1998-07-07,917.45,936.00,917.45,924.70
1998-07-08,925.15,948.30,924.95,944.15
1998-07-09,944.10,966.10,944.10,961.05
1998-07-10,961.65,982.20,961.65,980.15
1998-07-13,980.30,991.70,959.40,964.35
1998-07-14,964.10,970.30,954.50,967.35
1998-07-15,968.05,988.55,968.05,971.40
1998-07-16,972.00,1005.90,969.55,1004.00
1998-07-17,1005.10,1015.55,996.60,1000.90
1998-07-20,1001.90,1002.40,973.75,977.30
1998-07-21,977.65,983.40,960.85,965.50
1998-07-22,965.55,976.50,959.50,965.70
1998-07-23,965.35,965.35,931.75,934.40
1998-07-24,933.50,934.75,915.50,920.10
1998-07-27,919.40,929.45,895.85,899.35
1998-07-28,899.10,920.00,897.65,917.25
1998-07-29,917.40,940.15,917.40,937.85
1998-07-30,938.15,949.85,926.80,932.60
1998-07-31,932.60,939.60,925.25,931.40
1998-08-03,930.80,930.80,903.50,906.00
1998-08-04,905.65,913.45,903.15,906.20
1998-08-05,905.65,911.80,890.95,907.45
1998-08-06,907.90,919.00,900.20,902.75
1998-08-07,902.75,903.55,892.90,895.55
1998-08-10,895.15,895.15,877.55,878.75
1998-08-11,878.70,878.70,863.65,866.50
1998-08-12,866.35,871.40,853.10,860.10
1998-08-13,859.80,878.40,854.50,872.25
1998-08-14,872.85,876.80,863.55,864.10
1998-08-17,864.35,873.20,853.05,854.55
1998-08-18,854.55,854.80,831.10,832.45
1998-08-19,832.85,853.90,830.15,838.30
1998-08-20,839.30,871.15,839.30,868.70
1998-08-21,868.55,871.15,853.40,855.45
1998-08-24,855.20,860.95,845.35,859.80
1998-08-25,859.85,874.15,859.85,871.90
1998-08-27,872.15,889.70,872.15,877.45
1998-08-28,877.15,877.15,847.15,849.80
1998-08-31,850.30,858.60,841.10,852.80
1998-09-01,852.75,852.75,832.05,834.55
1998-09-02,834.55,847.95,834.55,842.50
1998-09-03,842.30,852.05,838.75,846.45
1998-09-04,846.90,868.05,846.90,866.50
1998-09-07,866.90,889.45,866.90,887.10
1998-09-08,887.25,902.05,882.60,899.95
1998-09-09,900.20,916.80,900.20,903.60
1998-09-10,903.15,913.20,897.35,907.40
1998-09-11,907.10,907.10,893.30,899.70
1998-09-14,900.20,921.65,900.20,920.50
1998-09-15,920.10,923.20,915.60,920.80
1998-09-16,921.40,926.55,912.60,914.50
1998-09-17,914.45,919.95,908.55,910.10
1998-09-18,910.00,910.00,899.95,901.65
1998-09-21,902.10,908.05,895.85,897.70
1998-09-22,897.85,900.80,891.40,897.25
1998-09-23,897.90,910.75,897.90,907.75
1998-09-24,908.20,936.50,908.20,934.80
1998-09-25,935.30,945.25,933.00,934.95
1998-09-28,935.60,941.45,926.00,927.90
1998-09-29,928.30,932.50,902.40,908.40
1998-09-30,908.30,912.25,896.05,904.95
1998-10-05,904.75,904.75,839.30,840.75
1998-10-06,839.95,848.20,820.10,845.75
1998-10-07,846.15,875.75,846.05,874.25
1998-10-08,874.65,885.25,845.10,847.95
1998-10-09,847.95,861.55,842.10,849.10
1998-10-12,849.70,860.90,832.10,835.80
1998-10-13,835.45,835.75,810.00,816.75
1998-10-14,816.55,846.75,816.55,843.55
1998-10-15,843.65,845.90,832.10,835.65
1998-10-16,836.25,844.70,829.25,839.50
1998-10-19,839.70,840.00,830.10,831.25
1998-10-20,831.15,831.45,803.30,808.70
1998-10-22,809.30,825.20,805.70,811.60
1998-10-23,811.85,820.35,804.70,817.35
1998-10-26,817.60,854.10,817.60,845.25
1998-10-27,845.45,848.25,835.70,841.60
1998-10-28,842.80,857.75,831.55,833.85
1998-10-29,833.55,834.00,818.95,832.25
1998-10-30,832.65,839.20,826.85,828.85
1998-10-31,828.25,828.25,819.85,824.00
1998-11-02,824.20,829.10,812.30,823.20
1998-11-03,823.20,825.30,818.60,820.90
1998-11-05,821.35,830.40,821.35,829.15
1998-11-06,829.20,842.15,829.20,840.80
1998-11-09,841.30,870.50,841.30,864.65
1998-11-10,864.80,871.60,859.70,868.70
1998-11-11,869.45,882.10,866.60,868.85
1998-11-12,868.45,874.20,857.20,871.75
1998-11-13,871.70,877.25,865.00,867.25
1998-11-16,866.50,866.50,854.30,855.35
1998-11-17,855.45,861.65,854.55,860.00
1998-11-18,862.90,876.15,862.90,875.05
1998-11-19,875.75,878.85,864.30,865.10
1998-11-20,865.10,867.70,855.35,857.95
1998-11-21,857.85,857.95,853.95,857.40
1998-11-23,856.40,856.40,844.85,847.55
1998-11-24,850.05,851.55,840.75,841.75
1998-11-26,838.85,843.55,821.40,824.45
1998-11-27,823.30,824.65,810.30,812.45
1998-11-28,812.70,817.40,804.30,810.85
1998-11-30,808.60,817.75,800.10,817.75
1998-12-01,816.55,820.85,812.25,816.65
1998-12-02,820.35,826.05,817.35,821.15
1998-12-03,821.30,822.50,814.50,817.05
1998-12-04,816.15,828.35,813.10,828.35
1998-12-07,829.75,846.00,828.20,845.15
1998-12-08,844.95,853.85,840.50,853.00
1998-12-09,855.95,864.70,855.10,856.55
1998-12-10,858.60,865.80,858.50,864.40
1998-12-11,867.15,874.20,865.70,870.00
1998-12-14,871.65,874.75,861.95,863.60
1998-12-15,861.00,861.10,844.55,845.05
1998-12-16,844.65,851.55,836.85,851.55
1998-12-17,835.45,845.10,827.90,830.25
1998-12-18,830.30,838.80,827.30,835.20
1998-12-21,845.60,859.55,845.25,859.30
1998-12-22,864.55,864.90,851.35,857.30
1998-12-23,866.25,874.65,858.70,858.70
1998-12-24,856.30,863.50,854.75,861.10
1998-12-28,869.75,882.70,866.25,879.85
1998-12-29,876.90,881.25,867.80,872.65
1998-12-30,887.40,903.85,887.00,899.95
1998-12-31,900.55,902.90,884.25,884.25
1999-01-01,886.75,892.20,882.60,890.80
1999-01-04,896.40,905.45,895.75,897.80
1999-01-05,901.00,907.20,893.15,907.20
1999-01-06,923.30,930.55,915.65,928.25
1999-01-07,932.95,961.15,932.95,954.70
1999-01-08,969.95,990.05,966.40,990.05
1999-01-11,1005.15,1016.30,985.60,985.60
1999-01-12,976.70,985.55,953.90,964.45
1999-01-13,980.30,986.25,958.05,961.20
1999-01-14,948.00,968.40,944.50,954.75
1999-01-15,961.70,967.85,932.25,934.30
1999-01-18,938.65,945.05,922.80,944.90
1999-01-19,944.15,948.00,923.20,924.10
1999-01-21,935.15,967.20,932.80,967.20
1999-01-22,976.60,980.45,955.15,957.05
1999-01-25,954.35,956.65,935.00,949.80
1999-01-27,968.55,985.25,967.65,971.30
1999-01-28,971.20,976.75,954.25,955.10
1999-01-29,956.80,966.35,952.70,966.20
1999-02-01,962.40,968.05,940.15,940.15
1999-02-02,940.10,945.15,924.95,931.20
1999-02-03,948.00,955.55,940.75,952.40
1999-02-04,957.15,958.80,937.50,939.70
1999-02-05,939.65,943.70,930.10,936.30
1999-02-08,937.75,940.90,916.50,916.50
1999-02-09,914.70,924.75,907.45,924.75
1999-02-10,938.80,959.60,935.20,959.45
1999-02-11,966.85,973.70,958.15,960.05
1999-02-12,965.70,972.75,962.35,970.25
1999-02-15,974.10,976.85,954.55,954.55
1999-02-16,952.55,960.25,951.50,958.90
1999-02-17,970.10,978.75,953.10,969.05
1999-02-18,974.15,989.15,968.70,973.45
1999-02-19,979.40,985.40,975.85,976.30
1999-02-22,978.50,978.85,953.60,953.85
1999-02-23,949.30,952.65,938.65,949.65
1999-02-24,959.80,961.40,947.95,957.65
1999-02-25,954.70,962.60,951.90,954.30
1999-02-26,955.40,955.75,938.20,941.20
1999-02-27,947.35,981.55,932.20,981.30
1999-03-01,992.45,1018.40,984.45,1015.80
1999-03-03,1066.40,1073.05,1051.80,1051.80
1999-03-04,1056.85,1060.55,1030.45,1041.20
1999-03-05,1043.45,1061.40,1033.80,1054.40
1999-03-08,1064.35,1080.30,1056.85,1072.10
1999-03-09,1074.25,1084.65,1071.75,1078.30
1999-03-10,1099.15,1099.80,1062.70,1078.80
1999-03-11,1080.15,1085.40,1059.60,1059.60
1999-03-12,1066.85,1074.15,1057.10,1072.60
1999-03-15,1073.15,1082.50,1063.45,1073.90
1999-03-16,1068.85,1075.70,1052.90,1053.10
1999-03-17,1078.20,1088.55,1057.75,1060.60
1999-03-18,1061.40,1074.60,1058.25,1074.60
1999-03-19,1080.70,1083.15,1056.40,1062.90
1999-03-20,1063.15,1063.65,1053.60,1060.30
1999-03-22,1052.60,1066.60,1044.10,1063.00
1999-03-23,1063.95,1079.85,1063.90,1072.90
1999-03-24,1091.15,1091.90,1047.05,1062.80
1999-03-25,1057.95,1068.15,1053.30,1054.90
1999-03-26,1054.95,1057.80,1033.00,1041.20
1999-03-30,1036.00,1054.65,1028.45,1054.60
1999-03-31,1076.95,1090.40,1073.65,1078.00
1999-04-01,1082.55,1084.05,1062.45,1063.40
1999-04-05,1030.65,1036.45,1008.35,1011.40
1999-04-06,999.80,1025.95,993.00,1024.20
1999-04-07,1027.35,1043.40,1027.00,1031.00
1999-04-08,1033.00,1036.95,1015.30,1020.30
1999-04-09,1021.55,1022.15,989.75,993.40
1999-04-12,984.55,999.65,972.70,998.20
1999-04-13,991.05,1006.15,989.90,994.25
1999-04-15,968.40,980.65,964.35,968.60
1999-04-16,970.95,1044.85,965.15,1044.40
1999-04-17,1065.50,1069.55,961.40,966.95
1999-04-19,961.30,1000.60,955.75,993.90
1999-04-20,995.65,1003.70,983.70,995.40
1999-04-21,997.35,1003.40,990.95,996.65
1999-04-22,999.55,1012.00,971.90,981.65
1999-04-23,987.05,994.30,968.15,982.00
1999-04-26,945.90,955.50,931.30,931.35
1999-04-28,928.85,944.45,916.00,943.50
1999-04-29,950.25,966.60,948.40,966.60
1999-04-30,970.90,980.75,969.60,978.20
1999-05-03,979.80,986.40,968.25,970.75
1999-05-04,971.90,1008.35,971.80,1008.30
1999-05-05,1014.65,1034.55,1004.90,1019.50
1999-05-06,1024.95,1048.05,1023.95,1046.90
1999-05-07,1065.40,1080.70,1059.05,1062.90
1999-05-10,1070.75,1094.20,1070.35,1094.20
1999-05-11,1102.20,1121.95,1100.50,1116.00
1999-05-12,1135.45,1142.10,1086.70,1110.90
1999-05-13,1131.95,1149.60,1130.85,1148.10
1999-05-14,1157.60,1173.55,1144.90,1165.30
1999-05-17,1164.45,1171.10,1120.70,1151.90
1999-05-18,1155.75,1176.30,1153.45,1160.10
1999-05-19,1169.60,1189.20,1161.60,1180.20
1999-05-20,1181.00,1201.30,1166.90,1166.90
1999-05-21,1176.95,1177.00,1139.10,1145.80
1999-05-24,1147.40,1154.50,1132.50,1151.60
1999-05-25,1148.05,1164.20,1147.40,1160.20
1999-05-26,1165.15,1170.10,1122.60,1135.50
1999-05-27,1132.85,1147.95,1091.45,1091.40
1999-05-28,1088.00,1098.25,1049.95,1081.50
1999-05-31,1098.00,1132.80,1097.85,1132.30
1999-06-01,1125.55,1139.80,1113.00,1123.80
1999-06-02,1120.65,1127.65,1107.20,1125.10
1999-06-03,1129.90,1141.05,1127.30,1136.60
1999-06-04,1150.05,1162.00,1149.10,1155.00
1999-06-07,1159.55,1164.15,1150.20,1156.60
1999-06-08,1145.90,1178.95,1138.05,1178.90
1999-06-09,1180.00,1192.05,1159.25,1163.20
1999-06-10,1163.70,1175.95,1159.60,1162.60
1999-06-11,1161.80,1162.95,1140.25,1141.90
1999-06-14,1140.75,1140.75,1099.85,1126.90
1999-06-15,1127.40,1143.30,1113.30,1120.50
1999-06-16,1120.35,1152.35,1109.70,1148.10
1999-06-17,1148.95,1181.90,1148.95,1176.30
1999-06-18,1177.15,1189.20,1172.20,1175.10
1999-06-21,1175.30,1203.35,1175.30,1202.30
1999-06-22,1202.95,1219.45,1201.20,1214.30
1999-06-23,1215.95,1228.55,1188.65,1193.10
1999-06-24,1192.55,1193.10,1171.30,1181.30
1999-06-25,1181.60,1197.00,1174.20,1177.00
1999-06-28,1177.05,1194.90,1177.05,1192.20
1999-06-29,1192.20,1198.70,1185.30,1191.30
1999-06-30,1191.45,1193.90,1179.65,1187.70
1999-07-01,1187.85,1197.00,1179.30,1183.20
1999-07-02,1183.65,1204.15,1183.65,1197.80
1999-07-05,1197.95,1232.40,1197.95,1230.20
1999-07-06,1230.30,1246.40,1230.30,1241.20
1999-07-07,1241.65,1255.75,1238.15,1243.70
1999-07-08,1243.90,1251.15,1238.40,1244.00
1999-07-09,1244.40,1260.70,1244.40,1254.00
1999-07-12,1254.10,1318.05,1254.10,1315.30
1999-07-13,1315.75,1338.15,1315.75,1321.40
1999-07-14,1322.90,1341.10,1306.20,1335.10
1999-07-15,1335.55,1367.95,1310.45,1317.70
1999-07-16,1318.30,1331.75,1312.30,1324.20
1999-07-19,1325.35,1357.85,1325.35,1349.60
1999-07-20,1349.60,1350.35,1310.85,1314.70
1999-07-21,1314.80,1346.65,1302.80,1340.10
1999-07-22,1339.05,1358.25,1337.55,1349.20
1999-07-23,1350.00,1367.30,1339.60,1342.90
1999-07-26,1342.60,1342.60,1314.80,1326.10
1999-07-27,1325.40,1327.00,1304.40,1309.80
1999-07-28,1309.75,1337.00,1309.75,1320.10
1999-07-29,1320.75,1329.75,1312.55,1325.70
1999-07-30,1325.55,1325.55,1302.50,1310.10
1999-08-02,1309.85,1310.80,1282.85,1289.60
1999-08-03,1289.20,1290.80,1277.85,1285.00
1999-08-04,1285.90,1329.30,1285.90,1326.40
1999-08-05,1326.75,1345.85,1317.50,1323.30
1999-08-06,1323.15,1326.00,1315.15,1316.80
1999-08-09,1316.90,1332.90,1312.80,1327.70
1999-08-10,1328.15,1328.40,1305.85,1309.70
1999-08-11,1308.75,1328.20,1295.20,1315.30
1999-08-12,1315.90,1321.55,1308.05,1309.50
1999-08-13,1309.70,1317.10,1290.30,1291.80
1999-08-16,1292.35,1314.15,1292.35,1309.90
1999-08-17,1310.30,1327.90,1310.30,1322.70
1999-08-18,1326.00,1371.90,1326.00,1363.30
1999-08-19,1363.50,1375.45,1341.55,1345.00
1999-08-20,1345.60,1350.30,1332.40,1347.30
1999-08-23,1347.75,1375.95,1347.75,1369.70
1999-08-24,1370.05,1385.60,1369.90,1382.60
1999-08-25,1383.45,1414.00,1341.35,1371.60
1999-08-26,1371.90,1408.15,1371.90,1402.50
1999-08-27,1402.60,1425.20,1402.60,1417.50
1999-08-30,1417.80,1435.50,1417.80,1422.60
1999-08-31,1422.65,1424.05,1409.55,1412.00
1999-09-01,1412.05,1430.80,1397.70,1410.70
1999-09-02,1410.00,1410.00,1372.50,1375.80
1999-09-03,1375.70,1384.25,1370.95,1374.90
1999-09-06,1375.45,1392.05,1372.50,1390.20
1999-09-07,1391.20,1403.75,1378.95,1383.20
1999-09-08,1385.55,1413.45,1385.55,1399.50
1999-09-09,1400.15,1402.25,1388.65,1396.90
1999-09-10,1397.15,1398.60,1388.85,1391.10
1999-09-14,1391.90,1397.45,1366.25,1370.50
1999-09-15,1371.00,1392.35,1371.00,1374.70
1999-09-16,1374.45,1375.35,1347.30,1351.20
1999-09-17,1350.35,1364.05,1329.70,1359.70
1999-09-20,1359.80,1379.05,1356.30,1357.80
1999-09-21,1358.45,1367.75,1348.60,1350.60
1999-09-22,1350.70,1400.00,1350.70,1386.40
1999-09-23,1387.95,1403.55,1387.45,1398.00
1999-09-24,1397.45,1427.75,1396.75,1412.20
1999-09-27,1413.80,1427.15,1387.05,1389.50
1999-09-28,1389.25,1389.45,1363.45,1379.10
1999-09-29,1380.70,1429.05,1380.30,1415.30
1999-09-30,1415.55,1432.55,1409.55,1413.10
1999-10-01,1414.65,1419.10,1389.05,1403.20
1999-10-04,1403.45,1406.35,1367.85,1372.30
1999-10-05,1372.40,1384.35,1358.95,1378.10
1999-10-06,1377.65,1419.75,1377.15,1392.70
1999-10-07,1394.35,1475.45,1394.35,1469.70
1999-10-08,1470.00,1502.65,1462.75,1479.20
1999-10-11,1480.80,1504.55,1479.10,1484.00
1999-10-12,1484.40,1493.15,1472.35,1483.80
1999-10-13,1485.45,1510.50,1466.00,1496.30
1999-10-14,1497.30,1522.85,1496.65,1505.20
1999-10-15,1505.70,1512.00,1448.95,1454.50
1999-10-18,1454.90,1461.45,1426.15,1444.00
1999-10-20,1446.20,1498.70,1446.20,1477.60
1999-10-21,1478.00,1496.45,1448.35,1453.30
1999-10-22,1452.60,1452.60,1421.40,1430.20
1999-10-23,1430.75,1451.85,1429.10,1449.80
1999-10-25,1449.85,1457.20,1410.85,1426.20
1999-10-26,1426.60,1431.50,1410.95,1414.30
1999-10-27,1419.10,1440.70,1400.75,1411.40
1999-10-28,1411.20,1411.45,1361.05,1367.70
1999-10-29,1367.90,1370.80,1296.70,1325.40
1999-11-01,1325.90,1332.70,1260.80,1270.00
1999-11-02,1269.30,1335.60,1239.80,1332.20
1999-11-03,1332.70,1353.55,1303.25,1326.40
1999-11-04,1326.85,1339.75,1313.60,1336.80
1999-11-05,1336.75,1369.65,1336.55,1364.50
1999-11-07,1364.70,1382.25,1364.70,1369.60
1999-11-09,1370.50,1374.80,1345.25,1371.20
1999-11-10,1371.60,1392.55,1371.60,1389.10
1999-11-11,1389.20,1402.70,1382.30,1389.60
1999-11-12,1389.25,1389.40,1368.85,1373.50
1999-11-15,1372.75,1381.10,1358.15,1362.70
1999-11-16,1362.30,1362.30,1351.40,1357.70
1999-11-17,1367.65,1381.50,1352.25,1352.20
1999-11-18,1353.40,1366.25,1342.25,1364.20
1999-11-19,1365.25,1381.05,1360.05,1361.80
1999-11-22,1362.40,1378.10,1358.20,1375.20
1999-11-24,1376.50,1404.05,1376.50,1394.90
1999-11-25,1395.85,1417.65,1395.85,1408.60
1999-11-26,1409.35,1418.15,1395.50,1399.60
1999-11-29,1399.80,1401.25,1382.20,1384.60
1999-11-30,1384.90,1386.75,1370.55,1376.10
1999-12-01,1375.05,1401.10,1374.70,1388.70
1999-12-02,1388.20,1420.70,1387.20,1408.80
1999-12-03,1409.05,1436.65,1409.05,1418.00
1999-12-06,1418.30,1445.60,1418.30,1442.80
1999-12-07,1443.20,1455.40,1439.65,1445.10
1999-12-08,1451.10,1486.15,1420.95,1438.60
1999-12-09,1437.10,1451.50,1428.05,1447.50
1999-12-10,1448.05,1462.60,1437.00,1439.70
1999-12-13,1440.20,1444.95,1421.85,1427.60
1999-12-14,1427.90,1431.25,1391.10,1398.20
1999-12-15,1396.60,1410.80,1376.75,1401.40
1999-12-16,1404.05,1428.50,1402.75,1419.70
1999-12-17,1420.10,1439.25,1414.15,1419.30
1999-12-20,1419.45,1435.55,1418.75,1422.40
1999-12-21,1422.60,1437.60,1413.85,1421.70
1999-12-22,1429.15,1486.90,1429.15,1481.70
1999-12-23,1481.60,1510.85,1481.60,1488.30
1999-12-24,1488.05,1489.90,1453.35,1459.00
1999-12-27,1459.65,1460.50,1427.70,1432.10
1999-12-28,1427.45,1451.35,1418.85,1442.20
1999-12-29,1443.90,1483.40,1443.90,1476.30
1999-12-30,1489.20,1504.95,1476.75,1480.40
2000-01-03,1482.15,1592.90,1482.15,1592.20
2000-01-04,1594.40,1641.95,1594.40,1638.70
2000-01-05,1634.55,1635.50,1555.05,1595.80
2000-01-06,1595.80,1639.00,1595.80,1617.60
2000-01-07,1616.60,1628.25,1597.20,1613.30
2000-01-10,1615.65,1662.10,1614.95,1632.90
2000-01-11,1633.25,1639.90,1548.25,1572.50
2000-01-12,1572.30,1631.55,1571.70,1624.80
2000-01-13,1627.85,1671.15,1613.65,1621.40
2000-01-14,1622.15,1627.40,1591.40,1622.70
2000-01-17,1623.50,1668.45,1604.65,1611.60
2000-01-18,1611.65,1615.15,1587.85,1606.70
2000-01-19,1610.05,1644.45,1608.85,1634.80
2000-01-20,1634.65,1644.40,1596.65,1601.10
2000-01-21,1601.25,1626.50,1593.20,1620.60
2000-01-24,1623.05,1645.00,1608.30,1613.60
2000-01-25,1612.95,1613.65,1579.55,1586.40
2000-01-27,1600.50,1633.55,1600.05,1603.90
2000-01-28,1603.65,1610.90,1592.70,1599.10
2000-01-31,1598.35,1598.35,1538.70,1546.20
2000-02-01,1546.20,1554.15,1521.40,1549.50
2000-02-02,1554.20,1605.90,1554.20,1588.00
2000-02-03,1591.25,1616.70,1591.25,1597.90
2000-02-04,1598.50,1621.35,1596.45,1599.70
2000-02-07,1599.80,1645.90,1599.80,1636.60
2000-02-08,1636.60,1676.10,1636.60,1662.70
2000-02-09,1666.95,1731.65,1666.70,1689.60
2000-02-10,1692.10,1713.70,1692.10,1711.20
2000-02-11,1712.85,1771.65,1712.85,1756.00
2000-02-14,1777.75,1795.45,1738.75,1744.50
2000-02-15,1744.50,1744.50,1694.45,1702.50
2000-02-16,1704.85,1742.80,1704.15,1711.10
2000-02-17,1710.05,1753.10,1710.05,1742.10
2000-02-18,1742.30,1764.15,1713.45,1717.80
2000-02-21,1719.55,1767.80,1719.55,1753.50
2000-02-22,1754.20,1781.05,1733.55,1739.00
2000-02-23,1745.20,1818.15,1689.20,1696.40
2000-02-24,1696.40,1751.60,1693.10,1732.00
2000-02-25,1734.05,1757.05,1699.25,1710.40
2000-02-28,1711.15,1726.65,1670.75,1722.50
2000-02-29,1722.85,1783.30,1626.35,1654.80
2000-03-01,1661.50,1727.90,1630.00,1712.70
2000-03-02,1713.65,1773.85,1690.05,1696.50
2000-03-03,1696.45,1719.15,1644.40,1656.00
2000-03-06,1656.00,1721.00,1656.00,1688.50
2000-03-07,1711.85,1730.85,1684.90,1702.70
2000-03-08,1717.75,1765.25,1654.45,1666.30
2000-03-09,1667.45,1692.25,1595.45,1646.20
2000-03-10,1647.85,1680.45,1588.20,1602.70
2000-03-13,1601.40,1645.00,1553.45,1560.70
2000-03-14,1561.55,1571.30,1503.20,1567.00
2000-03-15,1546.80,1630.95,1538.70,1620.10
2000-03-16,1620.40,1621.20,1554.30,1562.20
2000-03-21,1563.30,1585.25,1542.65,1556.60
2000-03-22,1551.05,1604.00,1551.05,1589.60
2000-03-23,1590.30,1629.20,1544.50,1553.40
2000-03-24,1554.20,1579.40,1540.45,1569.50
2000-03-27,1570.45,1593.30,1555.75,1562.90
2000-03-28,1563.30,1575.85,1527.55,1568.60
2000-03-29,1569.30,1609.40,1553.40,1558.20
2000-03-30,1556.95,1557.85,1489.10,1549.50
2000-03-31,1545.55,1545.55,1493.90,1528.40
2000-04-03,1528.70,1555.50,1510.75,1534.70
2000-04-04,1534.05,1534.05,1420.85,1428.10
2000-04-05,1428.50,1467.40,1391.65,1434.60
2000-04-06,1436.15,1475.25,1381.05,1452.90
2000-04-07,1453.30,1558.05,1453.30,1557.10
2000-04-10,1557.55,1636.95,1557.55,1613.00
2000-04-11,1613.00,1631.60,1550.85,1624.60
2000-04-12,1624.40,1628.55,1586.00,1592.70
2000-04-13,1587.95,1587.95,1502.70,1518.60
2000-04-17,1518.55,1518.55,1412.45,1443.50
2000-04-18,1443.55,1478.85,1410.00,1414.80
2000-04-19,1417.75,1469.05,1375.05,1404.90
2000-04-20,1405.70,1425.55,1339.75,1415.60
2000-04-24,1416.05,1431.80,1371.85,1388.00
2000-04-25,1383.80,1383.80,1311.30,1359.40
2000-04-26,1362.50,1439.05,1362.50,1436.10
2000-04-27,1436.15,1455.85,1400.65,1416.90
2000-04-28,1419.90,1438.00,1396.55,1406.50
2000-05-02,1410.00,1421.50,1319.65,1333.40
2000-05-03,1330.15,1342.15,1258.10,1316.00
2000-05-04,1317.95,1385.15,1317.95,1380.50
2000-05-05,1381.90,1428.60,1381.90,1422.40
2000-05-08,1423.25,1436.60,1358.80,1365.00
2000-05-09,1362.45,1385.70,1328.05,1378.50
2000-05-10,1380.40,1391.35,1359.65,1363.10
2000-05-11,1359.10,1359.10,1295.95,1304.50
2000-05-12,1305.30,1326.30,1276.40,1282.80
2000-05-15,1281.30,1311.70,1220.70,1299.20
2000-05-16,1300.20,1310.45,1287.80,1306.80
2000-05-17,1310.80,1347.70,1303.75,1311.60
2000-05-18,1311.30,1316.20,1289.55,1293.40
2000-05-19,1293.45,1293.45,1252.70,1268.00
2000-05-22,1267.85,1267.85,1228.40,1233.00
2000-05-23,1229.25,1230.90,1203.20,1224.40
2000-05-24,1224.50,1246.25,1201.50,1235.90
2000-05-25,1237.00,1269.80,1235.70,1247.60
2000-05-26,1247.10,1278.75,1232.85,1275.30
2000-05-29,1273.70,1317.75,1267.40,1311.00
2000-05-30,1310.80,1347.30,1304.95,1344.80
2000-05-31,1355.35,1410.75,1355.35,1380.40
2000-06-01,1380.40,1380.40,1345.10,1349.00
2000-06-02,1350.15,1395.35,1350.15,1389.20
2000-06-05,1390.95,1461.05,1390.95,1404.60
2000-06-06,1405.45,1426.15,1392.70,1421.70
2000-06-07,1423.40,1442.70,1413.80,1430.30
2000-06-08,1430.50,1468.70,1430.50,1463.60
2000-06-09,1464.30,1485.50,1458.90,1467.20
2000-06-12,1464.40,1477.55,1437.15,1440.40
2000-06-13,1438.80,1438.80,1411.90,1432.90
2000-06-14,1434.95,1459.15,1423.95,1435.50
2000-06-15,1437.00,1452.80,1422.40,1445.20
2000-06-16,1443.15,1480.85,1441.60,1477.30
2000-06-19,1477.55,1510.45,1477.55,1498.70
2000-06-20,1498.00,1518.05,1497.05,1507.10
2000-06-21,1524.05,1539.10,1470.40,1475.10
2000-06-22,1475.65,1491.40,1461.30,1488.20
2000-06-23,1487.85,1499.85,1462.75,1472.20
2000-06-26,1472.15,1472.15,1431.25,1451.60
2000-06-27,1452.80,1467.15,1448.95,1454.30
2000-06-28,1453.70,1474.70,1445.60,1470.00
2000-06-29,1471.35,1505.75,1471.35,1492.30
2000-06-30,1490.20,1490.65,1462.45,1471.40
2000-07-03,1473.45,1498.70,1473.45,1495.20
2000-07-04,1496.15,1516.80,1494.80,1511.30
2000-07-05,1511.50,1530.90,1511.50,1526.00
2000-07-06,1525.15,1525.15,1504.05,1516.80
2000-07-07,1517.00,1528.15,1513.40,1517.60
2000-07-10,1518.15,1523.20,1502.70,1509.60
2000-07-11,1510.55,1523.10,1506.15,1518.50
2000-07-12,1518.70,1537.10,1507.95,1533.30
2000-07-13,1535.55,1564.75,1513.65,1522.60
2000-07-14,1522.20,1534.35,1505.90,1509.70
2000-07-17,1509.25,1512.25,1475.15,1479.60
2000-07-18,1479.30,1482.90,1458.60,1463.10
2000-07-19,1464.55,1468.55,1432.85,1435.80
2000-07-20,1434.95,1443.25,1416.00,1424.20
2000-07-21,1424.90,1435.20,1394.30,1397.20
2000-07-24,1397.05,1397.05,1310.85,1317.70
2000-07-25,1317.35,1363.45,1269.25,1348.90
2000-07-26,1350.80,1371.80,1315.15,1318.20
2000-07-27,1317.00,1342.75,1291.30,1338.00
2000-07-28,1337.70,1359.40,1327.95,1333.80
2000-07-31,1333.30,1343.65,1317.30,1332.80
2000-08-01,1332.85,1344.50,1322.60,1326.80
2000-08-02,1323.70,1333.85,1312.25,1331.90
2000-08-03,1330.70,1339.40,1319.00,1321.20
2000-08-04,1320.25,1333.15,1302.65,1318.50
2000-08-07,1319.70,1321.70,1299.90,1310.80
2000-08-08,1312.10,1348.25,1311.15,1345.60
2000-08-09,1345.95,1363.95,1341.05,1344.90
2000-08-10,1345.25,1360.40,1325.15,1328.00
2000-08-11,1328.15,1328.15,1306.60,1310.70
2000-08-14,1312.25,1321.55,1295.45,1317.90
2000-08-16,1319.35,1354.95,1319.35,1351.40
2000-08-17,1351.50,1363.05,1334.95,1341.40
2000-08-18,1342.00,1360.65,1339.05,1358.00
2000-08-21,1358.75,1374.50,1358.75,1370.20
2000-08-22,1370.75,1394.90,1370.75,1381.20
2000-08-23,1381.60,1398.90,1376.90,1386.00
2000-08-24,1386.30,1390.45,1374.90,1386.90
2000-08-25,1387.35,1396.10,1377.75,1381.20
2000-08-28,1379.60,1383.45,1368.25,1369.80
2000-08-29,1368.65,1373.55,1360.65,1367.70
2000-08-30,1369.90,1384.85,1369.80,1375.90
2000-08-31,1376.50,1397.30,1375.90,1394.10
2000-09-04,1395.95,1433.15,1395.95,1427.70
2000-09-05,1428.05,1434.65,1420.90,1428.20
2000-09-06,1430.90,1444.45,1421.00,1435.30
2000-09-07,1434.70,1450.20,1424.35,1439.70
2000-09-08,1440.60,1453.15,1440.60,1450.00
2000-09-11,1449.35,1469.00,1448.95,1456.30
2000-09-12,1457.10,1470.55,1447.80,1467.60
2000-09-13,1467.65,1482.00,1452.60,1456.10
2000-09-14,1456.75,1466.65,1437.85,1445.30
2000-09-15,1443.25,1451.05,1411.55,1417.20
2000-09-18,1416.05,1416.05,1352.10,1354.30
2000-09-19,1351.80,1361.70,1295.30,1317.00
2000-09-20,1317.80,1351.10,1311.10,1342.90
2000-09-21,1341.65,1347.40,1325.75,1329.80
2000-09-22,1329.10,1329.10,1261.20,1266.40
2000-09-25,1268.40,1305.10,1268.40,1292.50
2000-09-26,1292.90,1298.25,1261.00,1267.90
2000-09-27,1267.45,1299.00,1249.35,1292.50
2000-09-28,1292.40,1302.75,1260.80,1266.40
2000-09-29,1267.30,1284.15,1264.40,1271.60
2000-10-03,1270.75,1288.15,1254.35,1282.00
2000-10-04,1281.45,1300.05,1275.80,1297.80
2000-10-05,1296.10,1306.45,1282.50,1284.70
2000-10-06,1284.35,1287.85,1262.65,1285.00
2000-10-09,1285.05,1286.35,1264.20,1267.30
2000-10-10,1268.70,1272.75,1230.05,1238.90
2000-10-11,1232.85,1234.10,1193.80,1201.90
2000-10-12,1201.30,1214.35,1185.10,1206.20
2000-10-13,1205.70,1205.70,1167.50,1176.70
2000-10-16,1177.85,1228.80,1173.35,1175.40
2000-10-17,1174.30,1174.30,1140.60,1158.00
2000-10-18,1157.05,1157.05,1122.80,1136.00
2000-10-19,1135.65,1171.50,1108.20,1166.10
2000-10-20,1166.20,1202.70,1166.20,1172.00
2000-10-23,1171.75,1172.15,1141.45,1143.90
2000-10-24,1143.00,1155.35,1132.90,1152.40
2000-10-25,1158.20,1190.40,1157.25,1183.90
2000-10-26,1182.80,1188.20,1176.60,1186.30
2000-10-27,1186.95,1192.90,1171.85,1178.70
2000-10-30,1178.75,1185.80,1164.25,1167.10
2000-10-31,1167.20,1175.60,1155.15,1172.70
2000-11-01,1178.25,1203.85,1177.10,1200.80
2000-11-02,1201.25,1226.35,1199.75,1224.80
2000-11-03,1225.00,1249.20,1225.00,1242.00
2000-11-06,1242.15,1261.40,1236.65,1240.20
2000-11-07,1239.00,1249.10,1232.35,1246.70
2000-11-08,1246.65,1277.25,1246.65,1266.80
2000-11-09,1266.75,1275.55,1255.95,1269.90
2000-11-10,1271.35,1271.40,1237.50,1239.50
2000-11-13,1239.35,1239.35,1199.95,1208.00
2000-11-14,1207.20,1246.90,1207.05,1242.80
2000-11-15,1245.00,1270.10,1243.20,1247.00
2000-11-16,1246.60,1254.55,1228.60,1233.20
2000-11-17,1232.35,1238.00,1216.90,1236.00
2000-11-20,1236.00,1241.75,1231.05,1237.60
2000-11-21,1236.95,1237.85,1224.30,1235.00
2000-11-22,1235.85,1247.50,1220.05,1222.30
2000-11-23,1221.20,1223.05,1209.85,1216.00
2000-11-24,1216.05,1230.00,1216.05,1225.20
2000-11-27,1225.40,1254.45,1225.35,1252.90
2000-11-28,1252.90,1275.45,1248.90,1272.70
2000-11-29,1272.25,1281.00,1253.45,1264.70
2000-11-30,1264.75,1272.10,1258.40,1268.10
2000-12-01,1268.10,1280.50,1255.20,1276.20
2000-12-04,1276.25,1290.00,1273.65,1275.60
2000-12-05,1275.70,1288.20,1275.50,1284.60
2000-12-06,1284.85,1319.85,1284.85,1298.50
2000-12-07,1298.90,1308.45,1295.10,1302.50
2000-12-08,1303.30,1317.20,1303.30,1313.70
2000-12-11,1313.70,1333.50,1313.70,1332.10
2000-12-12,1332.20,1341.75,1327.60,1333.30
2000-12-13,1333.80,1360.80,1333.80,1354.30
2000-12-14,1354.45,1369.50,1346.15,1349.30
2000-12-15,1349.25,1349.25,1308.15,1312.60
2000-12-18,1310.15,1321.65,1297.20,1317.60
2000-12-19,1317.75,1325.60,1307.00,1310.50
2000-12-20,1312.80,1313.40,1285.45,1295.20
2000-12-21,1294.25,1294.25,1257.10,1277.40
2000-12-22,1278.95,1292.80,1237.30,1242.00
2000-12-26,1242.05,1248.50,1207.95,1212.00
2000-12-27,1212.15,1239.00,1208.75,1228.30
2000-12-28,1229.35,1253.60,1229.35,1248.90
2000-12-29,1249.00,1265.90,1242.25,1263.50
2001-01-01,1263.50,1276.15,1250.65,1254.30
2001-01-02,1254.25,1279.60,1248.55,1271.80
2001-01-03,1271.80,1293.55,1263.95,1291.20
2001-01-04,1291.30,1331.35,1291.30,1307.60
2001-01-05,1307.55,1330.30,1306.25,1327.20
2001-01-08,1327.35,1334.20,1303.35,1309.20
2001-01-09,1309.20,1323.40,1304.90,1311.60
2001-01-10,1311.65,1324.35,1285.30,1287.30
2001-01-11,1287.50,1296.75,1275.95,1280.40
2001-01-12,1280.45,1298.85,1279.40,1286.70
2001-01-15,1286.85,1295.20,1277.85,1286.70
2001-01-16,1287.00,1302.60,1279.85,1293.00
2001-01-17,1299.40,1312.35,1295.30,1297.90
2001-01-18,1297.95,1309.95,1297.95,1305.90
2001-01-19,1306.00,1333.50,1306.00,1329.10
2001-01-22,1329.30,1351.85,1329.30,1348.00
2001-01-23,1347.95,1362.05,1346.50,1355.20
2001-01-24,1355.35,1371.10,1355.35,1365.90
2001-01-25,1366.05,1374.20,1353.50,1370.10
2001-01-29,1368.55,1368.55,1312.10,1342.00
2001-01-30,1342.10,1382.55,1342.05,1379.70
2001-01-31,1385.85,1396.05,1369.00,1371.70
2001-02-01,1371.50,1373.50,1340.95,1359.10
2001-02-02,1359.10,1384.90,1355.30,1378.80
2001-02-05,1378.80,1392.15,1373.45,1382.60
2001-02-06,1382.70,1395.40,1382.70,1387.10
2001-02-07,1387.30,1391.85,1368.05,1370.80
2001-02-08,1370.65,1396.80,1365.05,1395.50
2001-02-09,1395.55,1416.30,1395.55,1405.70
2001-02-12,1405.70,1416.45,1397.60,1402.20
2001-02-13,1402.20,1412.70,1386.65,1391.20
2001-02-14,1393.15,1396.35,1380.65,1393.30
2001-02-15,1393.35,1421.00,1393.35,1416.70
2001-02-16,1415.85,1422.95,1376.15,1381.30
2001-02-19,1381.40,1392.05,1369.45,1384.80
2001-02-20,1384.85,1392.80,1380.40,1383.80
2001-02-21,1383.90,1389.55,1364.25,1370.10
2001-02-22,1370.05,1370.05,1335.65,1355.10
2001-02-23,1355.10,1362.80,1314.10,1320.40
2001-02-26,1320.90,1325.20,1299.05,1312.40
2001-02-27,1312.45,1324.00,1281.90,1295.50
2001-02-28,1295.30,1362.25,1294.60,1351.40
2001-03-01,1351.75,1399.55,1345.05,1358.00
2001-03-02,1360.25,1386.75,1301.80,1306.30
2001-03-05,1304.85,1316.45,1259.10,1271.40
2001-03-07,1272.80,1311.10,1249.45,1290.50
2001-03-08,1290.85,1307.95,1279.30,1292.80
2001-03-09,1292.70,1292.70,1219.35,1254.70
2001-03-12,1253.25,1253.25,1193.95,1197.90
2001-03-13,1197.85,1201.15,1098.75,1124.70
2001-03-14,1125.15,1200.25,1114.60,1194.20
2001-03-15,1191.60,1219.70,1170.70,1217.10
2001-03-16,1216.90,1233.40,1179.60,1193.50
2001-03-19,1192.85,1201.70,1173.15,1186.70
2001-03-20,1186.80,1193.35,1162.35,1170.90
2001-03-21,1168.80,1212.20,1156.15,1207.10
2001-03-22,1206.45,1218.35,1184.95,1187.50
2001-03-23,1187.60,1196.55,1139.65,1161.30
2001-03-26,1159.85,1165.65,1147.50,1161.50
2001-03-27,1161.60,1182.70,1157.25,1177.70
2001-03-28,1177.55,1209.60,1177.55,1206.20
2001-03-29,1204.90,1210.10,1185.00,1195.10
2001-03-30,1195.05,1195.25,1144.65,1148.20
2001-04-02,1148.10,1148.10,1094.35,1138.10
2001-04-03,1136.65,1153.10,1128.10,1149.20
2001-04-04,1146.10,1146.15,1120.35,1136.60
2001-04-06,1137.55,1171.85,1133.05,1139.60
2001-04-09,1137.60,1138.55,1116.10,1128.30
2001-04-10,1129.10,1129.75,1093.05,1103.00
2001-04-11,1104.90,1116.85,1056.10,1066.80
2001-04-12,1066.75,1066.75,1001.80,1024.90
2001-04-16,1024.00,1049.40,1000.10,1044.60
2001-04-17,1044.85,1072.90,1037.70,1067.00
2001-04-18,1066.50,1106.30,1063.05,1103.40
2001-04-19,1103.60,1159.30,1103.60,1144.40
2001-04-20,1145.75,1156.45,1120.60,1144.00
2001-04-23,1144.05,1162.05,1137.30,1149.70
2001-04-24,1149.60,1149.60,1128.40,1146.30
2001-04-25,1146.50,1162.85,1142.30,1155.30
2001-04-26,1155.40,1170.20,1138.85,1143.70
2001-04-27,1143.65,1143.65,1078.10,1101.30
2001-04-30,1101.45,1127.90,1101.45,1125.20
2001-05-02,1125.45,1150.65,1125.25,1137.20
2001-05-03,1137.15,1139.85,1117.70,1122.00
2001-05-04,1121.45,1131.95,1113.65,1130.00
2001-05-07,1130.05,1145.40,1130.05,1139.20
2001-05-08,1139.25,1151.95,1138.20,1148.90
2001-05-09,1149.90,1164.30,1145.25,1149.20
2001-05-10,1149.10,1151.60,1139.25,1144.90
2001-05-11,1144.10,1146.85,1136.90,1140.50
2001-05-14,1140.45,1146.25,1134.05,1140.80
2001-05-15,1140.75,1147.75,1096.25,1145.30
2001-05-16,1147.10,1163.15,1146.05,1151.10
2001-05-17,1151.20,1179.00,1150.60,1174.90
2001-05-18,1175.00,1187.65,1169.20,1172.80
2001-05-21,1172.95,1182.65,1166.70,1169.40
2001-05-22,1169.50,1176.20,1165.65,1168.10
2001-05-23,1168.25,1181.80,1167.00,1179.10
2001-05-24,1179.10,1190.15,1177.55,1181.80
2001-05-25,1181.95,1188.50,1171.35,1174.90
2001-05-28,1174.95,1194.50,1174.45,1193.20
2001-05-29,1193.25,1202.05,1193.25,1198.40
2001-05-30,1199.50,1207.00,1173.75,1177.50
2001-05-31,1177.50,1177.50,1154.90,1167.90
2001-06-01,1168.10,1175.80,1146.90,1148.00
2001-06-04,1148.00,1154.45,1125.35,1127.20
2001-06-05,1127.15,1130.65,1106.80,1115.60
2001-06-06,1117.50,1132.95,1114.00,1115.70
2001-06-07,1115.05,1116.10,1095.45,1112.30
2001-06-08,1112.45,1128.90,1112.45,1126.60
2001-06-11,1126.55,1134.80,1122.35,1131.10
2001-06-12,1131.05,1133.30,1121.80,1127.10
2001-06-13,1127.10,1132.95,1126.90,1129.00
2001-06-14,1128.95,1128.95,1110.15,1112.70
2001-06-15,1112.70,1112.70,1084.20,1087.70
2001-06-18,1087.75,1087.75,1064.40,1078.30
2001-06-19,1078.25,1099.70,1075.45,1096.60
2001-06-20,1096.35,1100.55,1084.70,1097.60
2001-06-21,1097.90,1102.45,1090.25,1095.20
2001-06-22,1095.85,1097.80,1081.30,1087.60
2001-06-25,1087.10,1087.10,1064.40,1067.00
2001-06-26,1066.40,1099.80,1060.05,1096.60
2001-06-27,1096.60,1102.80,1086.75,1096.10
2001-06-28,1095.85,1101.00,1090.20,1094.00
2001-06-29,1094.05,1114.35,1091.05,1107.90
2001-07-02,1108.35,1119.55,1097.95,1100.70
2001-07-03,1097.40,1097.40,1066.05,1069.80
2001-07-04,1068.05,1074.60,1062.20,1067.90
2001-07-05,1068.35,1079.35,1066.95,1069.70
2001-07-06,1069.15,1069.15,1059.60,1065.10
2001-07-09,1064.80,1064.80,1052.10,1059.50
2001-07-10,1059.95,1078.10,1059.25,1072.00
2001-07-11,1072.15,1088.50,1068.35,1083.60
2001-07-12,1083.80,1109.00,1083.80,1105.50
2001-07-13,1105.70,1127.15,1103.30,1110.40
2001-07-16,1110.35,1116.70,1102.45,1105.50
2001-07-17,1103.55,1106.05,1092.50,1103.10
2001-07-18,1103.10,1108.45,1088.10,1091.90
2001-07-19,1091.35,1091.35,1079.55,1085.90
2001-07-20,1085.95,1089.95,1072.75,1077.70
2001-07-23,1076.15,1076.15,1063.40,1070.60
2001-07-24,1065.95,1074.75,1064.50,1072.50
2001-07-25,1072.45,1073.95,1062.15,1064.20
2001-07-26,1063.90,1066.55,1050.15,1053.40
2001-07-27,1053.20,1061.20,1046.90,1051.70
2001-07-30,1051.45,1062.80,1050.90,1061.40
2001-07-31,1061.45,1076.35,1053.60,1072.80
2001-08-01,1073.00,1077.70,1059.75,1063.10
2001-08-02,1064.25,1070.05,1059.55,1066.00
2001-08-03,1066.40,1077.55,1066.20,1074.60
2001-08-06,1074.20,1082.40,1072.55,1075.20
2001-08-07,1074.35,1079.30,1070.20,1072.10
2001-08-08,1071.75,1072.10,1059.55,1068.00
2001-08-09,1068.10,1072.60,1061.40,1070.60
2001-08-10,1070.65,1076.70,1069.05,1071.10
2001-08-13,1070.95,1081.40,1061.05,1063.00
2001-08-14,1063.05,1076.60,1062.20,1075.50
2001-08-16,1075.20,1083.70,1072.95,1078.90
2001-08-17,1079.00,1084.00,1067.60,1069.20
2001-08-20,1062.50,1067.95,1061.00,1063.70
2001-08-21,1063.65,1071.20,1062.30,1068.70
2001-08-23,1068.70,1079.00,1065.70,1071.50
2001-08-24,1071.50,1076.70,1064.90,1069.10
2001-08-27,1064.05,1078.35,1064.05,1072.50
2001-08-28,1072.35,1076.85,1069.60,1070.60
2001-08-29,1070.55,1074.50,1066.45,1067.40
2001-08-30,1068.30,1070.25,1061.90,1064.10
2001-08-31,1064.10,1064.10,1051.75,1053.70
2001-09-03,1054.65,1059.90,1046.35,1048.00
2001-09-04,1048.20,1053.25,1043.30,1048.20
2001-09-05,1047.25,1051.55,1043.30,1045.00
2001-09-06,1047.70,1048.20,1033.40,1036.10
2001-09-07,1036.35,1037.35,1026.45,1035.20
2001-09-10,1035.00,1045.30,1031.45,1033.40
2001-09-11,1033.35,1037.45,1020.70,1023.40
2001-09-12,1023.25,1023.25,957.95,982.20
2001-09-13,982.20,993.05,969.00,971.70
2001-09-14,972.05,974.50,902.70,919.70
2001-09-17,916.15,916.15,861.05,872.25
2001-09-18,872.15,910.35,868.50,900.20
2001-09-19,899.70,915.00,899.70,912.20
2001-09-20,910.20,910.35,873.70,898.80
2001-09-21,903.75,903.75,849.95,854.20
2001-09-24,853.00,878.60,853.00,869.05
2001-09-25,869.15,893.35,858.85,861.40
2001-09-26,861.35,877.00,859.20,873.70
2001-09-27,873.15,893.05,868.30,890.00
2001-09-28,891.75,922.55,891.00,913.85
2001-10-01,914.65,919.20,905.50,910.10
2001-10-03,910.05,915.05,896.25,899.65
2001-10-04,899.65,914.25,899.65,911.65
2001-10-05,911.60,919.75,903.05,914.60
2001-10-08,911.20,913.05,884.65,901.95
2001-10-09,903.00,914.30,902.55,912.70
2001-10-10,915.50,942.80,912.90,940.35
2001-10-11,940.45,959.75,940.45,954.90
2001-10-12,958.40,969.90,956.85,960.40
2001-10-15,963.65,966.15,954.35,963.40
2001-10-16,963.40,973.25,962.50,971.25
2001-10-17,971.95,989.05,971.95,986.25
2001-10-18,984.20,984.50,969.35,972.05
2001-10-19,972.20,981.00,970.85,976.65
2001-10-22,980.05,994.15,973.20,976.40
2001-10-23,976.75,994.15,976.55,993.20
2001-10-24,992.95,1000.95,987.40,991.20
2001-10-25,991.25,998.00,979.95,983.20
2001-10-29,983.15,996.60,974.05,977.45
2001-10-30,977.35,977.35,960.50,963.10
2001-10-31,962.85,976.40,959.35,971.90
2001-11-01,973.55,997.30,973.55,994.00
2001-11-02,994.25,1009.55,991.95,997.60
2001-11-05,997.25,1001.30,987.85,991.05
2001-11-06,991.20,1007.40,991.15,1001.90
2001-11-07,1001.95,1014.10,984.45,987.50
2001-11-08,987.50,1001.15,985.75,997.70
2001-11-09,999.10,1008.95,999.10,1004.00
2001-11-12,1004.55,1014.25,1003.60,1010.90
2001-11-13,1010.95,1013.25,999.85,1005.40
2001-11-14,1005.45,1017.20,1004.70,1015.80
2001-11-15,1016.05,1038.35,1015.15,1035.70
2001-11-19,1034.20,1072.00,1032.85,1068.10
2001-11-20,1067.30,1082.40,1046.15,1050.20
2001-11-21,1050.40,1064.85,1046.30,1056.30
2001-11-22,1056.45,1075.90,1056.45,1062.40
2001-11-23,1063.05,1075.05,1057.30,1059.00
2001-11-26,1059.25,1084.65,1059.25,1080.60
2001-11-27,1087.60,1097.60,1071.05,1076.00
2001-11-28,1076.15,1082.30,1067.65,1070.80
2001-11-29,1070.30,1071.00,1063.00,1067.10
2001-12-03,1067.20,1074.50,1063.25,1065.40
2001-12-04,1066.05,1082.60,1065.65,1077.70
2001-12-05,1077.95,1107.15,1077.95,1104.50
2001-12-06,1105.10,1132.65,1105.10,1110.40
2001-12-07,1110.90,1122.65,1109.65,1112.30
2001-12-10,1112.15,1123.55,1112.15,1115.20
2001-12-11,1112.15,1122.85,1107.70,1110.20
2001-12-12,1110.65,1121.55,1104.75,1107.60
2001-12-13,1107.75,1114.15,1069.95,1098.70
2001-12-14,1098.65,1102.90,1082.75,1087.80
2001-12-18,1089.90,1098.00,1071.35,1082.30
2001-12-19,1082.50,1086.35,1057.10,1060.70
2001-12-20,1060.45,1064.80,1047.50,1062.00
2001-12-21,1061.80,1061.80,1043.65,1050.80
2001-12-24,1051.00,1055.00,1032.60,1048.50
2001-12-26,1048.90,1058.30,1030.50,1034.20
2001-12-27,1033.85,1037.70,1017.35,1020.00
2001-12-28,1019.90,1036.35,1010.45,1033.80
2001-12-31,1033.90,1062.30,1033.90,1059.00
2002-01-01,1058.85,1071.15,1052.05,1055.30
2002-01-02,1054.95,1065.25,1054.10,1060.70
2002-01-03,1063.45,1074.85,1062.90,1072.20
2002-01-04,1072.40,1099.25,1072.40,1096.20
2002-01-07,1093.05,1111.55,1093.05,1100.10
2002-01-08,1100.55,1114.55,1097.90,1109.90
2002-01-09,1110.00,1119.40,1098.70,1102.80
2002-01-10,1098.80,1105.35,1093.60,1098.20
2002-01-11,1098.15,1105.90,1073.45,1088.50
2002-01-14,1089.45,1118.50,1089.45,1109.80
2002-01-15,1109.45,1112.60,1090.20,1094.10
2002-01-16,1094.15,1104.80,1085.30,1090.30
2002-01-17,1090.25,1116.05,1078.95,1109.20
2002-01-18,1109.55,1121.75,1089.05,1093.10
2002-01-21,1093.25,1099.80,1082.65,1091.30
2002-01-22,1091.35,1099.00,1090.00,1092.80
2002-01-23,1092.85,1096.95,1087.50,1089.40
2002-01-24,1089.60,1098.60,1081.70,1085.30
2002-01-25,1085.85,1089.70,1077.00,1080.10
2002-01-28,1083.25,1088.75,1068.70,1071.30
2002-01-29,1071.35,1076.45,1068.85,1071.60
2002-01-30,1072.85,1072.85,1058.80,1067.40
2002-01-31,1067.65,1082.00,1067.65,1075.40
2002-02-01,1076.95,1088.05,1076.95,1081.60
2002-02-04,1083.05,1086.95,1074.15,1076.90
2002-02-05,1076.25,1081.20,1069.40,1074.20
2002-02-06,1074.40,1117.10,1074.00,1113.10
2002-02-07,1114.85,1130.95,1104.30,1110.40
2002-02-08,1112.80,1131.85,1104.45,1123.70
2002-02-11,1124.85,1144.15,1124.85,1131.50
2002-02-12,1131.95,1143.30,1125.55,1129.50
2002-02-13,1129.80,1142.30,1129.60,1135.10
2002-02-14,1135.50,1151.65,1133.85,1150.00
2002-02-15,1150.65,1164.10,1150.30,1159.90
2002-02-18,1159.85,1177.05,1156.70,1172.80
2002-02-19,1172.85,1178.10,1155.10,1158.90
2002-02-20,1158.45,1158.45,1134.65,1145.90
2002-02-21,1146.05,1158.05,1146.05,1149.80
2002-02-22,1149.85,1165.70,1145.50,1163.50
2002-02-25,1163.65,1167.60,1155.45,1165.40
2002-02-26,1165.75,1192.65,1165.75,1189.40
2002-02-27,1190.15,1205.95,1180.00,1189.20
2002-02-28,1189.60,1197.00,1135.20,1142.00
2002-03-01,1142.05,1181.25,1135.45,1178.00
2002-03-04,1178.45,1201.10,1172.30,1177.30
2002-03-05,1176.40,1193.10,1175.15,1178.50
2002-03-06,1176.55,1182.65,1162.75,1172.60
2002-03-07,1173.60,1195.20,1173.60,1193.00
2002-03-08,1193.60,1199.60,1182.55,1187.60
2002-03-11,1187.50,1192.75,1164.55,1167.80
2002-03-12,1167.85,1171.20,1144.30,1150.40
2002-03-13,1150.20,1165.40,1143.55,1157.00
2002-03-14,1156.85,1163.65,1153.15,1159.40
2002-03-15,1159.60,1173.75,1159.60,1169.70
2002-03-18,1169.95,1184.70,1163.75,1169.30
2002-03-19,1169.40,1170.80,1150.30,1152.10
2002-03-20,1152.05,1158.95,1148.50,1155.60
2002-03-21,1155.55,1155.55,1141.05,1144.20
2002-03-22,1144.50,1148.65,1135.90,1138.40
2002-03-26,1138.10,1140.20,1117.85,1123.00
2002-03-27,1130.00,1134.10,1121.35,1123.30
2002-03-28,1123.60,1138.45,1123.60,1129.50
2002-04-01,1129.85,1143.30,1129.85,1138.90
2002-04-02,1138.80,1147.30,1132.30,1136.90
2002-04-03,1136.60,1136.90,1121.45,1123.50
2002-04-04,1124.05,1149.65,1123.90,1145.90
2002-04-05,1146.05,1153.30,1139.90,1141.90
2002-04-08,1141.90,1147.90,1134.00,1135.20
2002-04-09,1135.15,1137.45,1122.10,1126.70
2002-04-10,1126.70,1140.25,1125.75,1138.50
2002-04-11,1138.55,1150.20,1138.55,1143.60
2002-04-12,1143.25,1151.55,1138.65,1146.50
2002-04-15,1146.55,1152.55,1130.45,1134.10
2002-04-16,1130.80,1133.50,1116.65,1118.70
2002-04-17,1119.00,1136.60,1118.95,1125.10
2002-04-18,1125.25,1135.00,1123.80,1129.00
2002-04-19,1125.55,1127.05,1097.60,1100.30
2002-04-22,1100.50,1107.20,1088.05,1104.10
2002-04-23,1104.00,1108.80,1095.00,1106.00
2002-04-24,1106.25,1116.85,1105.70,1110.60
2002-04-25,1110.65,1113.85,1089.00,1094.30
2002-04-26,1094.25,1103.35,1094.10,1097.40
2002-04-29,1097.55,1098.65,1073.30,1074.20
2002-04-30,1074.25,1085.75,1073.40,1084.50
2002-05-02,1084.80,1101.10,1084.80,1093.30
2002-05-03,1093.40,1098.60,1091.50,1096.90
2002-05-06,1096.95,1102.05,1096.25,1100.90
2002-05-07,1100.90,1111.85,1096.65,1110.70
2002-05-08,1110.70,1122.70,1110.70,1117.60
2002-05-09,1117.70,1136.55,1117.70,1127.60
2002-05-10,1127.05,1127.30,1111.15,1116.40
2002-05-13,1116.80,1121.95,1114.20,1119.60
2002-05-14,1119.95,1125.95,1111.45,1115.10
2002-05-15,1115.15,1121.50,1102.65,1107.80
2002-05-16,1108.25,1111.25,1089.85,1092.80
2002-05-17,1092.80,1099.75,1079.95,1090.60
2002-05-20,1091.70,1097.95,1071.35,1074.30
2002-05-21,1074.75,1074.85,1028.25,1049.20
2002-05-22,1049.50,1050.90,1035.50,1045.30
2002-05-23,1045.20,1045.35,1024.30,1026.70
2002-05-24,1026.90,1069.20,1026.90,1067.00
2002-05-27,1067.00,1071.50,1054.10,1062.70
2002-05-28,1061.90,1062.30,1034.10,1038.20
2002-05-29,1038.20,1047.95,1026.50,1041.60
2002-05-30,1041.40,1049.95,1030.10,1032.10
2002-05-31,1032.50,1037.70,1020.10,1028.80
2002-06-03,1029.25,1047.25,1029.25,1039.70
2002-06-04,1040.15,1047.40,1036.55,1045.40
2002-06-05,1045.55,1067.50,1045.00,1064.20
2002-06-06,1064.15,1072.00,1055.50,1064.30
2002-06-07,1063.75,1063.75,1044.35,1048.80
2002-06-10,1049.95,1072.50,1049.95,1069.90
2002-06-11,1070.95,1099.50,1070.55,1097.00
2002-06-12,1097.15,1100.45,1088.50,1092.80
2002-06-13,1093.00,1102.05,1080.80,1082.80
2002-06-14,1081.75,1087.60,1079.45,1085.70
2002-06-17,1085.80,1097.55,1085.70,1088.90
2002-06-18,1088.90,1097.40,1073.75,1074.90
2002-06-19,1074.70,1079.20,1056.45,1062.90
2002-06-20,1063.10,1074.00,1056.25,1070.00
2002-06-21,1069.50,1069.80,1058.95,1062.50
2002-06-24,1065.60,1065.60,1054.45,1061.80
2002-06-25,1061.90,1063.30,1048.55,1055.40
2002-06-26,1055.35,1061.05,1042.20,1044.20
2002-06-27,1044.50,1053.70,1044.00,1048.50
2002-06-28,1049.40,1068.90,1049.40,1057.80
2002-07-01,1058.00,1070.15,1058.00,1068.90
2002-07-02,1067.90,1071.70,1064.95,1068.00
2002-07-03,1067.80,1074.00,1065.55,1069.90
2002-07-04,1069.95,1078.55,1068.40,1070.50
2002-07-05,1071.00,1076.20,1067.45,1073.80
2002-07-08,1074.00,1085.30,1072.90,1082.00
2002-07-09,1081.90,1083.65,1077.55,1080.30
2002-07-10,1081.55,1087.40,1069.45,1071.70
2002-07-11,1070.95,1070.95,1055.30,1056.60
2002-07-12,1057.10,1064.90,1054.90,1058.20
2002-07-15,1057.95,1058.45,1043.30,1048.00
2002-07-16,1047.90,1051.85,1033.95,1035.90
2002-07-17,1035.95,1037.50,1025.00,1032.50
2002-07-18,1032.55,1044.00,1032.55,1041.30
2002-07-19,1041.35,1041.50,1032.25,1035.90
2002-07-22,1035.20,1035.20,1009.00,1012.00
2002-07-23,1012.05,1023.65,1005.75,1021.90
2002-07-24,1021.80,1022.20,1001.90,1004.00
2002-07-25,1004.20,1021.30,997.85,1001.50
2002-07-26,1001.05,1001.05,972.55,973.50
2002-07-29,973.00,977.95,953.15,971.65
2002-07-30,973.00,987.50,956.80,960.65
2002-07-31,960.30,964.10,943.60,958.90
2002-08-01,959.20,972.05,954.15,957.70
2002-08-02,957.55,957.55,935.55,954.75
2002-08-05,954.90,966.50,953.90,963.25
2002-08-06,963.30,969.55,955.40,966.65
2002-08-07,967.70,978.60,966.55,969.10
2002-08-08,969.15,971.75,951.20,953.55
2002-08-09,953.80,963.85,948.00,961.95
2002-08-12,961.15,971.55,961.15,969.85
2002-08-13,970.40,977.20,969.90,976.05
2002-08-14,976.05,976.25,967.25,969.65
2002-08-16,970.75,981.20,968.35,979.25
2002-08-19,979.40,983.55,978.20,979.85
2002-08-20,979.75,990.85,979.05,988.55
2002-08-21,988.60,994.25,984.35,988.45
2002-08-22,988.55,995.30,983.45,985.70
2002-08-23,985.75,996.40,984.70,995.20
2002-08-26,992.40,1001.45,986.15,998.85
2002-08-27,998.85,1003.30,985.70,987.70
2002-08-28,987.35,988.10,981.10,985.70
2002-08-29,985.85,989.40,981.45,987.25
2002-08-30,987.65,1012.75,986.70,1010.60
2002-09-02,1010.90,1024.65,1010.85,1013.50
2002-09-03,1013.65,1014.80,999.40,1001.10
2002-09-04,1000.70,1008.80,990.85,1006.90
2002-09-05,1006.90,1013.45,1004.20,1008.60
2002-09-06,1008.45,1008.45,992.70,995.20
2002-09-09,992.05,1005.85,985.25,998.55
2002-09-11,998.60,1002.35,993.35,998.85
2002-09-12,998.95,1005.15,998.80,1001.60
2002-09-13,1001.40,1001.40,989.85,992.00
2002-09-16,991.75,997.00,983.55,985.75
2002-09-17,985.75,996.80,985.75,994.90
2002-09-18,994.15,994.15,981.60,983.60
2002-09-19,983.45,985.25,970.80,976.05
2002-09-20,975.60,975.60,960.70,969.60
2002-09-23,969.85,974.75,967.35,970.30
2002-09-24,969.95,969.95,960.20,966.20
2002-09-25,964.65,971.85,960.50,970.05
2002-09-26,970.10,976.25,968.25,969.90
2002-09-27,969.95,978.00,969.25,976.45
2002-09-30,976.15,976.15,961.55,963.15
2002-10-01,961.15,964.20,950.30,955.20
2002-10-03,955.35,957.90,945.80,948.20
2002-10-04,948.10,951.80,944.50,948.20
2002-10-07,947.80,956.35,946.25,954.75
2002-10-08,954.80,963.15,952.50,960.80
2002-10-09,960.85,968.75,952.95,954.75
2002-10-10,954.80,960.45,945.00,958.45
2002-10-11,958.45,973.50,958.45,971.05
2002-10-14,971.50,976.50,969.00,972.45
2002-10-16,972.90,983.60,971.70,973.60
2002-10-17,973.70,976.05,966.55,973.30
2002-10-18,973.80,982.50,968.80,971.65
2002-10-21,971.75,976.20,965.65,967.35
2002-10-22,967.50,976.35,961.65,962.50
2002-10-23,962.90,963.75,955.45,957.35
2002-10-24,957.70,959.80,945.00,946.90
2002-10-25,946.80,946.80,929.25,932.20
2002-10-28,932.35,934.90,920.10,922.70
2002-10-29,922.55,939.70,921.65,936.90
2002-10-30,936.15,944.35,935.90,937.75
2002-10-31,937.35,953.30,937.05,951.40
2002-11-01,951.45,956.95,946.40,951.45
2002-11-04,951.60,965.50,951.60,962.10
2002-11-05,962.85,963.70,957.20,962.30
2002-11-07,962.35,970.20,957.95,960.70
2002-11-08,960.50,960.95,954.35,956.95
2002-11-11,957.55,958.55,952.10,954.05
2002-11-12,953.90,960.85,948.05,959.85
2002-11-13,960.35,965.75,956.90,962.65
2002-11-14,964.15,974.10,963.50,971.90
2002-11-15,972.30,992.05,972.30,990.35
2002-11-18,990.35,1000.30,989.05,996.85
2002-11-20,996.85,1007.20,992.30,1001.60
2002-11-21,1001.80,1012.75,1001.80,1008.70
2002-11-22,1009.50,1026.00,1009.50,1020.10
2002-11-25,1020.90,1030.35,1017.50,1026.20
2002-11-26,1026.40,1040.45,1026.00,1036.10
2002-11-27,1036.35,1042.20,1027.70,1031.10
2002-11-28,1031.25,1051.75,1031.25,1049.70
2002-11-29,1049.55,1057.45,1040.95,1050.10
2002-12-02,1050.15,1070.15,1050.15,1067.90
2002-12-03,1067.70,1075.75,1051.80,1055.00
2002-12-04,1055.75,1055.75,1034.10,1036.40
2002-12-05,1036.75,1052.45,1036.75,1045.90
2002-12-06,1047.55,1072.25,1047.55,1069.80
2002-12-09,1070.50,1085.75,1054.95,1058.60
2002-12-10,1058.35,1066.10,1045.65,1063.70
2002-12-11,1064.10,1076.95,1062.30,1069.70
2002-12-12,1069.95,1078.85,1066.80,1077.00
2002-12-13,1074.45,1087.35,1074.45,1086.20
2002-12-16,1089.00,1100.00,1075.55,1078.40
2002-12-17,1078.70,1084.95,1069.00,1073.20
2002-12-18,1073.20,1083.65,1072.85,1077.90
2002-12-19,1077.85,1079.90,1070.50,1076.00
2002-12-20,1075.45,1084.95,1075.40,1079.30
2002-12-23,1079.30,1082.60,1073.35,1076.00
2002-12-24,1075.95,1087.00,1072.65,1085.00
2002-12-26,1085.05,1100.40,1085.05,1094.80
2002-12-27,1095.65,1103.95,1095.60,1098.40
2002-12-30,1095.80,1095.80,1084.35,1091.90
2002-12-31,1091.85,1100.10,1091.70,1093.50
2003-01-01,1093.60,1102.10,1093.60,1100.10
2003-01-02,1100.55,1105.60,1091.20,1093.00
2003-01-03,1094.45,1099.85,1087.30,1089.60
2003-01-06,1089.75,1093.05,1081.25,1084.30
2003-01-07,1084.40,1089.85,1078.95,1081.80
2003-01-08,1082.40,1091.45,1082.30,1089.30
2003-01-09,1089.75,1099.15,1087.75,1097.30
2003-01-10,1097.60,1103.25,1077.40,1080.20
2003-01-13,1080.25,1080.40,1070.75,1073.70
2003-01-14,1072.70,1080.80,1070.30,1078.90
2003-01-15,1077.90,1087.50,1077.80,1085.00
2003-01-16,1085.05,1091.35,1083.95,1088.30
2003-01-17,1089.30,1090.25,1083.20,1086.50
2003-01-20,1086.25,1087.00,1074.20,1076.30
2003-01-21,1076.30,1080.50,1074.10,1077.90
2003-01-22,1078.45,1086.20,1073.60,1082.90
2003-01-23,1081.40,1083.15,1069.05,1070.90
2003-01-24,1070.60,1075.20,1053.40,1056.00
2003-01-27,1057.80,1059.35,1030.35,1037.60
2003-01-28,1036.35,1047.95,1026.75,1046.20
2003-01-29,1059.80,1059.80,1033.30,1037.20
2003-01-30,1037.15,1050.55,1031.35,1034.60
2003-01-31,1034.75,1044.25,1026.20,1041.80
2003-02-03,1040.25,1056.60,1036.50,1055.30
2003-02-04,1056.55,1063.70,1050.45,1054.80
2003-02-05,1054.30,1054.65,1041.75,1047.40
2003-02-06,1047.25,1065.95,1043.70,1063.60
2003-02-07,1063.75,1065.80,1055.50,1057.50
2003-02-10,1058.20,1058.75,1047.15,1048.60
2003-02-11,1048.60,1055.80,1044.55,1048.00
2003-02-12,1048.15,1051.00,1040.40,1044.40
2003-02-14,1044.45,1047.05,1034.10,1036.00
2003-02-17,1036.20,1060.50,1036.20,1058.20
2003-02-18,1058.95,1065.15,1057.60,1059.30
2003-02-19,1059.30,1068.80,1059.30,1064.30
2003-02-20,1064.15,1071.70,1058.35,1065.60
2003-02-21,1065.60,1069.20,1061.10,1066.10
2003-02-24,1066.20,1075.50,1066.20,1070.10
2003-02-25,1070.10,1073.25,1054.90,1055.50
2003-02-26,1055.60,1059.60,1048.20,1049.60
2003-02-27,1049.60,1057.45,1044.90,1052.90
2003-02-28,1053.65,1068.65,1053.65,1063.40
2003-03-03,1063.55,1070.85,1057.55,1058.80
2003-03-04,1058.70,1058.70,1045.20,1046.60
2003-03-05,1046.55,1046.55,1029.90,1040.70
2003-03-06,1040.30,1040.75,1029.55,1031.20
2003-03-07,1031.05,1031.05,1014.30,1017.10
2003-03-10,1017.10,1021.50,1004.35,1006.70
2003-03-11,1006.65,1016.70,998.95,1014.50
2003-03-12,1014.25,1017.75,1000.05,1001.70
2003-03-13,1001.50,1006.40,994.20,999.65
2003-03-17,999.70,1000.85,982.70,993.00
2003-03-19,993.35,1011.45,992.90,1003.90
2003-03-20,1003.45,1028.90,1001.75,1025.20
2003-03-21,1025.55,1033.70,1022.05,1030.50
2003-03-22,1030.60,1039.80,1030.60,1037.10
2003-03-24,1037.15,1038.55,1011.95,1013.90
2003-03-25,1013.50,1013.50,998.40,1011.30
2003-03-26,1011.55,1019.90,1004.85,1013.80
2003-03-27,1013.90,1013.90,999.60,1002.70
2003-03-28,1002.80,1006.30,996.75,1000.60
2003-03-31,1000.60,1000.60,974.10,978.20
2003-04-01,977.40,992.05,973.50,984.30
2003-04-02,984.45,1002.10,984.45,999.40
2003-04-03,999.55,1010.75,999.55,1009.10
2003-04-04,1009.15,1018.25,1002.75,1016.90
2003-04-07,1017.05,1033.45,1017.05,1031.50
2003-04-08,1032.00,1032.00,1016.60,1018.10
2003-04-09,1018.00,1018.00,1002.30,1004.80
2003-04-10,1003.80,1003.80,958.20,962.20
2003-04-11,958.90,965.15,935.70,949.80
2003-04-15,951.80,964.20,938.80,951.20
2003-04-16,950.65,961.75,949.00,958.65
2003-04-17,958.65,958.65,936.70,940.70
2003-04-21,941.50,949.70,941.50,947.20
2003-04-22,947.10,951.40,937.85,943.50
2003-04-23,943.75,951.20,931.50,934.20
2003-04-24,934.20,943.15,927.80,929.70
2003-04-25,929.45,931.35,921.10,924.30
2003-04-28,922.85,931.05,920.00,929.50
2003-04-29,929.75,936.90,929.75,932.30
2003-04-30,935.25,935.55,929.85,934.05
2003-05-02,930.90,940.20,930.80,938.30
2003-05-05,937.45,948.95,936.65,945.40
2003-05-06,945.85,955.00,943.20,951.85
2003-05-07,950.40,956.65,948.90,950.15
2003-05-08,950.15,951.30,938.70,941.55
2003-05-09,941.60,941.65,935.80,937.85
2003-05-12,938.50,944.45,934.00,936.00
2003-05-13,936.90,945.80,936.70,944.20
2003-05-14,944.20,953.45,943.15,952.15
2003-05-15,952.15,961.60,951.15,959.85
2003-05-16,959.85,974.40,959.85,973.10
2003-05-19,973.70,979.85,964.60,966.55
2003-05-20,964.65,974.05,959.80,971.55
2003-05-21,972.05,980.75,965.55,968.00
2003-05-22,967.95,972.40,960.05,963.25
2003-05-23,963.50,972.90,962.40,967.90
2003-05-26,967.85,983.90,967.10,982.45
2003-05-27,982.35,990.00,974.25,976.85
2003-05-28,977.65,992.25,977.55,990.80
2003-05-29,990.80,1004.85,989.50,1002.60
2003-05-30,1000.05,1013.85,994.65,1006.80
2003-06-02,1006.85,1020.50,1004.70,1015.10
2003-06-03,1015.90,1016.90,1007.65,1010.60
2003-06-04,1010.70,1022.75,1010.10,1021.00
2003-06-05,1021.10,1038.30,1021.10,1035.00
2003-06-06,1036.20,1048.85,1035.95,1046.40
2003-06-09,1046.00,1057.05,1039.85,1052.10
2003-06-10,1052.00,1056.55,1033.95,1037.80
2003-06-11,1038.00,1048.25,1035.00,1044.10
2003-06-12,1044.20,1052.60,1043.10,1051.30
2003-06-13,1050.95,1059.45,1050.95,1056.20
2003-06-16,1056.50,1059.80,1045.55,1051.80
2003-06-17,1052.30,1083.20,1052.30,1081.90
2003-06-18,1082.80,1093.20,1080.90,1086.70
2003-06-19,1085.95,1097.00,1078.90,1092.50
2003-06-20,1092.65,1101.60,1081.35,1100.20
2003-06-23,1100.60,1106.15,1087.65,1089.20
2003-06-24,1089.20,1092.65,1079.10,1085.30
2003-06-25,1085.65,1109.75,1084.35,1106.60
2003-06-26,1106.80,1118.90,1106.80,1116.30
2003-06-27,1117.45,1126.80,1109.35,1125.50
2003-06-30,1125.60,1141.30,1125.50,1134.10
2003-07-01,1133.95,1139.00,1125.75,1130.70
2003-07-02,1131.55,1145.40,1130.20,1133.80
2003-07-03,1133.80,1150.75,1126.35,1144.60
2003-07-04,1145.60,1148.85,1134.00,1138.40
2003-07-07,1138.90,1145.75,1134.60,1140.50
2003-07-08,1141.45,1153.15,1141.30,1145.90
2003-07-09,1146.35,1155.30,1137.15,1141.00
2003-07-10,1146.00,1163.60,1146.00,1162.30
2003-07-11,1162.30,1170.75,1157.45,1161.60
2003-07-14,1161.20,1173.95,1161.20,1171.50
2003-07-15,1171.50,1175.55,1148.80,1159.80
2003-07-16,1158.70,1170.45,1148.60,1168.70
2003-07-17,1168.85,1175.95,1145.65,1152.00
2003-07-18,1151.85,1162.60,1130.45,1140.00
2003-07-21,1140.00,1146.40,1112.55,1115.80
2003-07-22,1115.35,1118.25,1089.30,1109.20
2003-07-23,1109.60,1124.70,1109.60,1119.00
2003-07-24,1119.95,1144.35,1118.55,1139.40
2003-07-25,1135.50,1164.70,1135.05,1162.70
2003-07-28,1163.25,1180.60,1163.25,1169.20
2003-07-29,1169.25,1177.25,1154.80,1174.70
2003-07-30,1175.30,1187.70,1168.45,1183.00
2003-07-31,1183.30,1198.50,1181.90,1185.80
2003-08-01,1185.80,1198.80,1180.30,1195.70
2003-08-04,1196.05,1206.10,1185.95,1203.60
2003-08-05,1203.90,1218.50,1181.00,1184.40
2003-08-06,1184.10,1191.05,1164.75,1171.00
2003-08-07,1170.75,1199.70,1170.75,1196.90
2003-08-08,1199.70,1224.50,1199.70,1222.60
2003-08-11,1222.60,1240.35,1215.75,1232.80
2003-08-12,1233.95,1249.35,1229.80,1234.70
2003-08-13,1235.35,1249.35,1229.30,1246.90
2003-08-14,1247.00,1260.35,1243.40,1247.70
2003-08-18,1247.90,1285.70,1247.90,1281.40
2003-08-19,1286.05,1307.60,1268.10,1277.70
2003-08-20,1280.80,1292.95,1280.80,1287.40
2003-08-21,1288.20,1304.15,1287.00,1300.90
2003-08-22,1301.50,1319.45,1298.80,1311.10
2003-08-25,1311.95,1332.55,1245.85,1271.10
2003-08-26,1270.20,1322.95,1269.50,1318.20
2003-08-27,1318.75,1346.30,1318.75,1340.30
2003-08-28,1340.20,1349.00,1328.35,1341.00
2003-08-29,1341.20,1365.80,1340.80,1356.50
2003-09-01,1356.70,1379.40,1356.65,1375.90
2003-09-02,1375.95,1388.95,1366.90,1385.40
2003-09-03,1387.20,1394.95,1353.60,1359.30
2003-09-04,1358.90,1382.60,1355.80,1372.70
2003-09-05,1373.00,1400.90,1372.75,1398.40
2003-09-08,1398.40,1420.25,1398.35,1417.30
2003-09-09,1417.80,1430.70,1397.65,1407.00
2003-09-10,1407.00,1414.10,1389.65,1409.50
2003-09-11,1409.65,1422.40,1399.60,1403.10
2003-09-12,1405.55,1415.65,1367.15,1372.10
2003-09-15,1371.75,1371.85,1322.65,1329.20
2003-09-16,1330.15,1362.10,1299.50,1357.90
2003-09-17,1357.95,1377.45,1332.20,1341.60
2003-09-18,1341.45,1342.60,1299.25,1302.30
2003-09-19,1303.20,1331.05,1285.25,1322.10
2003-09-22,1319.25,1333.55,1300.25,1302.90
2003-09-23,1302.85,1333.70,1290.55,1328.20
2003-09-24,1324.85,1373.90,1322.65,1372.00
2003-09-25,1371.45,1377.25,1352.80,1357.20
2003-09-26,1357.55,1389.30,1357.35,1386.90
2003-09-29,1386.90,1422.35,1386.10,1399.90
2003-09-30,1400.70,1418.10,1399.80,1417.10
2003-10-01,1416.60,1430.90,1407.95,1420.80
2003-10-03,1420.85,1451.20,1420.85,1449.30
2003-10-06,1449.45,1481.05,1423.75,1478.90
2003-10-07,1478.95,1498.45,1467.75,1477.80
2003-10-08,1477.85,1493.05,1460.60,1478.60
2003-10-09,1487.85,1505.05,1478.40,1502.10
2003-10-10,1507.10,1527.25,1505.10,1523.10
2003-10-13,1523.35,1550.90,1516.05,1546.70
2003-10-14,1548.70,1562.85,1513.75,1520.80
2003-10-15,1521.45,1543.85,1503.00,1537.00
2003-10-16,1537.30,1563.40,1537.30,1555.70
2003-10-17,1565.20,1574.10,1552.15,1569.40
2003-10-20,1569.70,1574.10,1536.50,1542.70
2003-10-21,1546.20,1549.65,1496.95,1506.50
2003-10-22,1506.75,1522.65,1483.00,1494.10
2003-10-23,1494.75,1503.00,1466.25,1470.40
2003-10-24,1485.80,1512.55,1434.75,1506.00
2003-10-25,1506.05,1533.05,1506.05,1521.90
2003-10-27,1522.05,1524.05,1482.00,1485.30
2003-10-28,1485.45,1500.80,1471.30,1481.70
2003-10-29,1481.30,1501.70,1477.10,1498.40
2003-10-30,1499.25,1524.25,1495.80,1516.80
2003-10-31,1517.10,1559.75,1515.55,1555.90
2003-11-03,1556.50,1605.60,1556.50,1601.60
2003-11-04,1601.30,1626.40,1601.30,1618.70
2003-11-05,1618.70,1627.60,1592.55,1609.10
2003-11-06,1610.55,1630.25,1605.40,1612.20
2003-11-07,1612.10,1624.50,1585.35,1592.00
2003-11-10,1603.55,1603.65,1568.10,1594.50
2003-11-11,1594.50,1608.85,1590.95,1601.10
2003-11-12,1601.30,1617.75,1598.00,1603.80
2003-11-13,1610.40,1616.15,1573.60,1579.90
2003-11-14,1577.20,1580.30,1544.75,1550.40
2003-11-15,1549.65,1571.30,1542.00,1562.80
2003-11-17,1563.10,1584.75,1554.40,1579.90
2003-11-18,1579.15,1591.25,1557.20,1564.40
2003-11-19,1563.95,1564.00,1534.35,1540.60
2003-11-20,1542.85,1558.15,1517.90,1522.30
2003-11-21,1520.40,1547.00,1509.15,1540.70
2003-11-24,1541.35,1554.05,1536.50,1543.90
2003-11-25,1543.95,1572.05,1543.95,1568.60
2003-11-27,1568.85,1602.60,1568.70,1598.30
2003-11-28,1598.55,1618.95,1598.55,1615.20
2003-12-01,1615.85,1660.55,1615.70,1657.60
2003-12-02,1657.65,1671.85,1639.65,1658.50
2003-12-03,1660.70,1676.20,1655.90,1670.50
2003-12-04,1670.65,1683.75,1656.10,1675.20
2003-12-05,1675.50,1688.25,1642.05,1645.80
2003-12-08,1644.85,1654.35,1631.85,1646.20
2003-12-09,1646.40,1677.90,1646.40,1675.80
2003-12-10,1675.75,1697.30,1672.65,1686.90
2003-12-11,1688.35,1701.70,1678.35,1695.40
2003-12-12,1695.80,1705.95,1686.45,1698.90
2003-12-15,1699.70,1728.00,1699.70,1723.90
2003-12-16,1723.90,1740.30,1711.30,1736.20
2003-12-17,1736.35,1746.20,1725.40,1733.20
2003-12-18,1733.20,1759.00,1725.85,1756.10
2003-12-19,1757.00,1783.70,1755.40,1778.50
2003-12-22,1778.85,1794.30,1778.40,1789.10
2003-12-23,1789.10,1800.90,1751.05,1780.30
2003-12-24,1788.45,1815.60,1780.30,1808.70
2003-12-26,1804.70,1840.35,1804.70,1837.00
2003-12-29,1838.05,1876.00,1837.65,1874.00
2003-12-30,1878.90,1914.40,1858.55,1873.20
2003-12-31,1868.90,1895.65,1852.50,1879.70
2004-01-01,1880.35,1917.05,1880.35,1912.20
2004-01-02,1912.25,1951.70,1911.05,1946.00
2004-01-05,1946.30,1969.20,1930.75,1955.00
2004-01-06,1955.10,1979.05,1908.75,1926.70
2004-01-07,1927.95,1930.95,1888.10,1916.70
2004-01-08,1918.10,1973.45,1918.10,1968.50
2004-01-09,1969.00,2014.65,1957.45,1971.90
2004-01-12,1972.00,1980.55,1936.75,1945.60
2004-01-13,1944.70,1967.85,1926.10,1963.60
2004-01-14,1987.40,1995.20,1970.10,1982.10
2004-01-15,1983.20,2000.30,1933.25,1944.40
2004-01-16,1944.15,1953.05,1887.10,1900.60
2004-01-19,1901.90,1943.10,1874.95,1935.30
2004-01-20,1928.80,1957.65,1876.85,1893.20
2004-01-21,1895.45,1899.55,1811.35,1824.60
2004-01-22,1824.70,1854.55,1756.25,1770.50
2004-01-23,1771.10,1858.50,1771.10,1847.50
2004-01-27,1847.90,1911.30,1844.65,1904.70
2004-01-28,1903.90,1918.45,1846.35,1863.10
2004-01-29,1863.00,1883.10,1827.25,1843.60
2004-01-30,1843.70,1860.40,1804.30,1809.70
2004-02-03,1809.30,1815.95,1755.65,1769.00
2004-02-04,1769.10,1829.65,1761.75,1822.20
2004-02-05,1823.50,1846.75,1787.15,1804.50
2004-02-06,1804.35,1837.95,1797.95,1833.60
2004-02-09,1834.90,1885.20,1833.05,1880.70
2004-02-10,1880.85,1897.00,1861.65,1880.70
2004-02-11,1891.80,1894.80,1874.50,1891.50
2004-02-12,1892.20,1906.10,1869.25,1885.30
2004-02-13,1875.60,1916.20,1873.25,1913.60
2004-02-16,1914.45,1929.50,1909.45,1913.50
2004-02-17,1913.55,1926.15,1905.50,1920.10
2004-02-18,1920.00,1935.80,1912.60,1916.40
2004-02-19,1916.65,1919.70,1851.80,1858.30
2004-02-20,1858.25,1872.85,1831.15,1852.60
2004-02-23,1853.00,1867.25,1800.20,1808.20
2004-02-24,1808.40,1826.85,1780.35,1821.30
2004-02-25,1833.65,1834.10,1779.00,1786.80
2004-02-26,1787.45,1818.60,1760.55,1765.80
2004-02-27,1765.90,1807.45,1763.95,1800.30
2004-03-01,1798.35,1856.45,1795.35,1852.70
2004-03-03,1852.45,1868.25,1842.45,1860.40
2004-03-04,1859.30,1867.95,1831.20,1843.80
2004-03-05,1843.90,1871.10,1843.90,1867.70
2004-03-08,1868.15,1891.95,1867.95,1885.20
2004-03-09,1884.50,1898.70,1843.00,1866.00
2004-03-10,1866.30,1866.40,1835.80,1844.30
2004-03-11,1843.95,1843.95,1798.45,1805.40
2004-03-12,1805.20,1820.95,1775.90,1812.20
2004-03-15,1812.45,1836.00,1751.80,1763.40
2004-03-16,1763.35,1769.50,1730.10,1749.30
2004-03-17,1749.60,1765.05,1738.85,1749.80
2004-03-18,1750.00,1754.95,1708.30,1716.60
2004-03-19,1716.30,1738.60,1703.55,1725.10
2004-03-22,1726.30,1726.35,1678.40,1685.00
2004-03-23,1685.15,1710.45,1669.70,1696.40
2004-03-24,1697.40,1700.65,1676.40,1692.10
2004-03-25,1691.95,1720.65,1691.95,1704.40
2004-03-26,1704.45,1755.45,1703.80,1747.50
2004-03-29,1747.35,1766.15,1739.50,1762.00
2004-03-30,1762.15,1775.40,1746.25,1750.10
2004-03-31,1744.60,1775.30,1740.20,1771.90
2004-04-01,1771.45,1823.05,1771.45,1819.60
2004-04-02,1856.10,1856.30,1809.00,1841.10
2004-04-05,1841.10,1878.80,1840.00,1856.60
2004-04-06,1870.80,1876.15,1836.90,1851.10
2004-04-07,1856.40,1865.20,1833.95,1848.70
2004-04-08,1854.00,1864.95,1839.70,1853.50
2004-04-12,1860.30,1873.75,1828.95,1838.20
2004-04-13,1838.50,1885.15,1819.80,1878.40
2004-04-15,1878.50,1884.50,1855.00,1861.90
2004-04-16,1863.85,1882.55,1861.80,1868.90
2004-04-17,1869.20,1875.95,1864.95,1868.10
2004-04-19,1868.20,1876.20,1837.40,1844.00
2004-04-20,1844.40,1851.00,1832.00,1844.20
2004-04-21,1844.35,1876.00,1838.60,1873.30
2004-04-22,1873.55,1894.60,1871.00,1889.50
2004-04-23,1890.85,1912.35,1885.75,1892.40
2004-04-27,1890.05,1893.10,1814.00,1817.20
2004-04-28,1819.00,1833.95,1801.80,1816.50
2004-04-29,1816.70,1818.90,1793.10,1808.90
2004-04-30,1820.55,1841.45,1788.30,1796.10
2004-05-03,1796.10,1801.45,1742.80,1766.70
2004-05-04,1769.10,1803.15,1768.80,1793.10
2004-05-05,1789.45,1814.35,1788.10,1809.90
2004-05-06,1810.30,1837.95,1810.30,1832.80
2004-05-07,1832.85,1833.15,1796.95,1804.40
2004-05-10,1804.40,1804.40,1753.80,1769.10
2004-05-11,1768.70,1768.70,1692.90,1699.40
2004-05-12,1699.25,1721.35,1689.85,1711.10
2004-05-13,1707.95,1750.30,1625.10,1717.50
2004-05-14,1717.05,1722.80,1566.95,1582.40
2004-05-17,1582.50,1583.80,1292.20,1388.70
2004-05-18,1392.95,1517.60,1389.65,1503.90
2004-05-19,1508.05,1576.05,1508.05,1567.80
2004-05-20,1566.50,1591.05,1531.30,1543.80
2004-05-21,1545.05,1566.15,1498.10,1560.20
2004-05-24,1563.65,1613.60,1563.05,1608.80
2004-05-25,1608.90,1621.45,1566.40,1606.70
2004-05-26,1608.15,1625.70,1587.00,1598.80
2004-05-27,1590.15,1606.00,1576.05,1586.40
2004-05-28,1586.35,1587.10,1504.00,1508.70
2004-05-31,1507.05,1509.05,1456.20,1483.60
2004-06-01,1483.90,1529.60,1483.90,1507.90
2004-06-02,1508.00,1543.30,1508.00,1535.20
2004-06-03,1535.80,1566.50,1484.50,1495.10
2004-06-04,1494.85,1527.00,1480.80,1521.10
2004-06-07,1521.60,1557.50,1521.60,1542.50
2004-06-08,1542.60,1557.00,1526.45,1550.50
2004-06-09,1550.45,1561.60,1541.60,1548.30
2004-06-10,1547.70,1552.75,1535.00,1544.70
2004-06-11,1544.95,1547.40,1504.80,1508.40
2004-06-14,1508.15,1509.60,1474.65,1481.30
2004-06-15,1481.45,1507.85,1481.00,1501.00
2004-06-16,1500.95,1525.20,1490.45,1494.70
2004-06-17,1494.70,1519.20,1482.20,1512.00
2004-06-18,1511.95,1515.05,1485.05,1491.20
2004-06-21,1490.75,1499.80,1478.85,1482.00
2004-06-22,1482.85,1489.60,1467.65,1474.70
2004-06-23,1474.80,1481.45,1442.55,1446.10
2004-06-24,1445.35,1474.30,1437.90,1470.70
2004-06-25,1471.50,1494.00,1459.55,1488.50
2004-06-28,1488.60,1516.95,1488.60,1514.30
2004-06-29,1514.35,1528.50,1503.30,1518.30
2004-06-30,1518.70,1532.15,1501.70,1505.60
2004-07-01,1506.65,1539.15,1504.55,1537.20
2004-07-02,1537.05,1547.65,1516.15,1537.50
2004-07-05,1537.55,1546.00,1522.90,1526.80
2004-07-06,1526.65,1561.00,1524.15,1558.20
2004-07-07,1558.05,1578.50,1551.35,1566.80
2004-07-08,1567.25,1586.55,1504.50,1518.10
2004-07-09,1517.45,1557.75,1472.55,1553.20
2004-07-12,1548.60,1562.80,1537.70,1556.90
2004-07-13,1560.00,1569.75,1530.60,1539.30
2004-07-14,1535.10,1552.25,1519.35,1522.70
2004-07-15,1523.10,1543.25,1517.80,1539.40
2004-07-16,1538.15,1562.00,1533.65,1558.80
2004-07-19,1559.20,1582.35,1556.55,1571.60
2004-07-20,1571.70,1581.05,1555.55,1566.10
2004-07-21,1566.15,1600.70,1562.90,1581.40
2004-07-22,1581.60,1609.55,1580.95,1598.10
2004-07-23,1587.60,1610.85,1587.60,1601.60
2004-07-26,1602.15,1620.35,1584.65,1618.00
2004-07-27,1617.95,1629.35,1597.20,1600.70
2004-07-28,1600.85,1609.45,1586.15,1594.10
2004-07-29,1594.70,1624.30,1590.15,1618.70
2004-07-30,1618.90,1638.70,1609.90,1632.30
2004-08-02,1631.55,1643.80,1627.25,1639.00
2004-08-03,1639.95,1648.35,1626.30,1630.60
2004-08-04,1631.30,1635.95,1618.20,1626.50
2004-08-05,1626.40,1656.25,1626.40,1654.90
2004-08-06,1654.85,1658.70,1626.70,1633.40
2004-08-09,1633.25,1644.40,1617.05,1642.60
2004-08-10,1642.75,1656.60,1637.70,1652.10
2004-08-11,1652.10,1658.90,1616.85,1621.60
2004-08-12,1624.30,1629.15,1599.50,1607.20
2004-08-13,1598.20,1612.70,1591.60,1598.20
2004-08-16,1597.50,1603.20,1582.35,1599.10
2004-08-17,1624.00,1628.45,1597.45,1604.30
2004-08-18,1604.15,1604.15,1577.25,1581.80
2004-08-19,1581.90,1612.50,1581.90,1609.20
2004-08-20,1609.20,1610.60,1584.05,1590.30
2004-08-23,1590.90,1595.55,1573.70,1578.20
2004-08-24,1578.20,1597.90,1578.05,1591.60
2004-08-25,1592.20,1598.55,1586.35,1595.70
2004-08-26,1595.75,1613.25,1593.45,1610.70
2004-08-27,1610.85,1617.25,1600.15,1609.00
2004-08-30,1609.45,1629.90,1609.20,1628.40
2004-08-31,1628.50,1634.80,1618.30,1631.70
2004-09-01,1631.70,1640.55,1631.10,1635.40
2004-09-02,1635.50,1641.25,1619.90,1629.30
2004-09-03,1629.65,1636.10,1622.10,1634.10
2004-09-06,1634.60,1649.15,1634.45,1644.00
2004-09-07,1643.95,1653.15,1641.80,1650.10
2004-09-08,1650.60,1658.85,1648.25,1656.20
2004-09-09,1656.25,1662.40,1640.25,1649.00
2004-09-10,1649.45,1670.95,1642.35,1668.70
2004-09-13,1668.25,1681.75,1668.05,1675.20
2004-09-14,1675.20,1686.80,1668.45,1685.50
2004-09-15,1685.70,1694.45,1675.85,1683.20
2004-09-16,1683.60,1708.00,1677.35,1705.70
2004-09-17,1702.70,1736.40,1702.70,1733.60
2004-09-20,1734.05,1741.55,1725.30,1728.80
2004-09-21,1728.75,1753.00,1724.70,1750.20
2004-09-22,1749.75,1760.80,1736.30,1753.90
2004-09-23,1753.10,1753.15,1723.40,1726.10
2004-09-24,1726.15,1736.90,1717.20,1722.50
2004-09-27,1722.40,1726.15,1707.95,1717.50
2004-09-28,1717.45,1717.90,1697.40,1700.20
2004-09-29,1700.55,1730.30,1695.70,1727.90
2004-09-30,1728.30,1748.20,1728.20,1745.50
2004-10-01,1744.40,1778.65,1737.85,1775.10
2004-10-04,1776.75,1813.90,1775.45,1805.60
2004-10-05,1805.85,1816.55,1798.60,1812.40
2004-10-06,1811.70,1824.80,1790.60,1794.90
2004-10-07,1793.00,1821.85,1793.00,1815.70
2004-10-08,1815.65,1825.15,1808.75,1820.20
2004-10-09,1812.85,1824.90,1812.80,1817.80
2004-10-11,1817.85,1829.45,1803.50,1807.70
2004-10-12,1808.45,1820.90,1783.05,1786.90
2004-10-14,1784.80,1805.70,1773.00,1794.70
2004-10-15,1794.80,1814.05,1789.55,1795.00
2004-10-18,1796.05,1806.15,1782.95,1786.00
2004-10-19,1787.20,1813.90,1787.20,1808.40
2004-10-20,1808.60,1815.20,1785.45,1790.00
2004-10-21,1790.35,1795.40,1772.40,1779.70
2004-10-25,1780.00,1783.55,1753.50,1757.20
2004-10-26,1777.85,1782.10,1750.30,1781.00
2004-10-27,1781.15,1797.55,1774.20,1783.80
2004-10-28,1783.90,1808.15,1783.90,1800.10
2004-10-29,1800.85,1808.85,1783.10,1786.90
2004-11-01,1787.30,1800.25,1776.70,1797.70
2004-11-02,1798.30,1817.10,1798.30,1813.70
2004-11-03,1814.15,1838.40,1814.15,1837.40
2004-11-04,1837.80,1853.05,1830.50,1834.80
2004-11-05,1836.05,1854.40,1836.00,1852.30
2004-11-08,1852.45,1871.05,1852.45,1862.80
2004-11-09,1863.55,1869.45,1853.45,1858.70
2004-11-10,1859.65,1878.20,1857.70,1876.10
2004-11-11,1876.45,1884.65,1866.95,1870.50
2004-11-12,1871.90,1885.05,1866.75,1872.90
2004-11-16,1872.80,1881.40,1862.80,1879.00
2004-11-17,1879.05,1892.15,1874.35,1888.60
2004-11-18,1890.45,1895.30,1880.80,1892.00
2004-11-19,1891.95,1898.15,1869.35,1872.30
2004-11-22,1872.55,1878.05,1845.10,1873.30
2004-11-23,1873.35,1900.05,1873.35,1892.60
2004-11-24,1893.15,1907.35,1889.85,1904.00
2004-11-25,1904.25,1915.80,1892.60,1901.00
2004-11-29,1899.30,1942.95,1894.60,1939.60
2004-11-30,1940.25,1963.80,1940.25,1958.80
2004-12-01,1960.75,1971.60,1944.50,1962.00
2004-12-02,1962.75,2001.55,1962.75,1999.00
2004-12-03,1991.90,2011.90,1990.30,1996.20
2004-12-06,1996.30,2012.25,1989.95,1993.10
2004-12-07,1990.60,2002.60,1981.15,1992.70
2004-12-08,1994.15,2009.70,1973.15,1977.90
2004-12-09,1977.80,1995.70,1964.50,1989.90
2004-12-10,1990.20,1999.70,1964.65,1969.00
2004-12-13,1970.60,1987.00,1964.80,1985.30
2004-12-14,1985.20,2008.80,1972.85,2006.80
2004-12-15,2006.80,2034.35,2006.80,2028.70
2004-12-16,2028.80,2039.20,2019.50,2033.20
2004-12-17,2032.85,2037.70,2007.20,2012.10
2004-12-20,2012.50,2029.50,2007.15,2026.80
2004-12-21,2027.80,2047.50,2025.25,2044.60
2004-12-22,2040.60,2053.90,2029.85,2035.30
2004-12-23,2035.60,2049.30,2031.90,2045.10
2004-12-24,2045.35,2065.60,2045.30,2062.70
2004-12-27,2061.60,2079.05,2046.25,2062.60
2004-12-28,2063.60,2074.60,2060.05,2071.30
2004-12-29,2071.55,2086.15,2062.35,2069.60
2004-12-30,2070.55,2088.45,2052.25,2059.80
2004-12-31,2059.85,2083.00,2059.85,2080.50
2005-01-03,2080.00,2118.60,2080.00,2115.00
2005-01-04,2116.95,2120.15,2100.55,2103.70
2005-01-05,2103.75,2105.10,1990.15,2032.20
2005-01-06,2031.55,2035.65,1984.25,1998.30
2005-01-07,1998.25,2021.45,1992.55,2015.50
2005-01-10,2016.75,2025.90,1974.80,1982.00
2005-01-11,1982.70,1988.90,1947.35,1952.00
2005-01-12,1953.60,1966.65,1900.85,1913.60
2005-01-13,1922.50,1963.40,1916.95,1954.50
2005-01-14,1954.90,1961.40,1922.85,1931.10
2005-01-17,1931.75,1944.55,1902.45,1932.90
2005-01-18,1933.05,1956.95,1925.35,1934.00
2005-01-19,1934.10,1945.65,1922.35,1926.60
2005-01-20,1928.10,1940.95,1900.05,1925.30
2005-01-24,1925.30,1932.75,1902.90,1909.00
2005-01-25,1908.85,1934.25,1894.40,1931.80
2005-01-27,1931.90,1961.75,1929.00,1955.00
2005-01-28,1955.25,2014.25,1950.85,2008.30
2005-01-31,2008.45,2060.40,2006.35,2057.60
2005-02-01,2057.75,2072.50,2045.25,2059.80
2005-02-02,2062.15,2074.50,2045.50,2052.20
2005-02-03,2052.35,2083.75,2052.35,2079.40
2005-02-04,2079.40,2099.20,2060.80,2077.90
2005-02-07,2097.45,2098.00,2049.85,2055.10
2005-02-08,2055.00,2065.00,2043.60,2055.10
2005-02-09,2055.20,2077.70,2055.20,2070.00
2005-02-10,2070.10,2075.10,2049.85,2063.30
2005-02-11,2063.35,2084.50,2063.35,2082.00
2005-02-14,2083.05,2110.15,2083.05,2098.20
2005-02-15,2098.25,2101.60,2081.20,2089.90
2005-02-16,2090.00,2103.40,2059.45,2068.80
2005-02-17,2069.10,2069.15,2045.85,2061.90
2005-02-18,2062.45,2076.70,2048.85,2055.50
2005-02-21,2055.15,2065.75,2039.90,2043.20
2005-02-22,2043.40,2061.65,2036.60,2058.40
2005-02-23,2058.70,2065.15,2051.35,2057.10
2005-02-24,2057.75,2070.50,2052.40,2055.30
2005-02-25,2057.30,2081.85,2051.20,2060.90
2005-02-28,2061.20,2106.20,2047.70,2103.20
2005-03-01,2103.10,2115.10,2073.80,2084.40
2005-03-02,2084.60,2096.35,2080.55,2093.20
2005-03-03,2093.40,2132.75,2093.35,2128.80
2005-03-04,2129.10,2152.75,2129.10,2148.10
2005-03-07,2148.25,2166.85,2143.05,2160.10
2005-03-08,2160.65,2173.85,2154.00,2168.90
2005-03-09,2169.10,2183.45,2141.35,2160.80
2005-03-10,2160.85,2170.20,2145.75,2167.40
2005-03-11,2167.70,2182.10,2148.70,2154.00
2005-03-14,2153.80,2164.15,2140.90,2146.30
2005-03-15,2146.55,2151.35,2122.00,2128.90
2005-03-16,2129.35,2158.90,2121.10,2125.50
2005-03-17,2123.95,2126.55,2090.45,2098.50
2005-03-18,2097.75,2112.25,2077.20,2109.10
2005-03-21,2117.95,2124.80,2089.35,2096.60
2005-03-22,2096.75,2099.00,2056.50,2061.60
2005-03-23,2061.20,2067.45,2019.85,2026.40
2005-03-24,2026.60,2042.45,2007.35,2015.40
2005-03-28,2015.75,2046.85,2015.25,2029.40
2005-03-29,2029.40,2032.65,1971.55,1983.80
2005-03-30,1983.65,2000.45,1971.15,1993.70
2005-03-31,1994.50,2043.60,1994.50,2035.60
2005-04-01,2035.90,2071.20,2024.25,2067.60
2005-04-04,2067.65,2076.60,2054.90,2063.40
2005-04-05,2063.20,2077.95,2043.70,2052.50
2005-04-06,2054.00,2073.10,2051.30,2069.30
2005-04-07,2069.15,2084.90,2048.05,2052.80
2005-04-08,2053.05,2057.50,2024.80,2031.20
2005-04-11,2032.75,2033.00,2001.85,2008.20
2005-04-12,2002.75,2027.80,2002.75,2024.90
2005-04-13,2024.90,2038.85,2018.10,2025.40
2005-04-15,2022.50,2022.50,1952.75,1956.30
2005-04-18,1955.50,1959.25,1914.85,1927.80
2005-04-19,1927.90,1961.15,1902.80,1909.40
2005-04-20,1908.50,1941.85,1902.90,1929.70
2005-04-21,1930.50,1950.00,1911.40,1948.50
2005-04-22,1950.60,1972.95,1950.00,1967.30
2005-04-25,1968.45,1974.20,1952.40,1970.90
2005-04-26,1971.05,1972.85,1951.80,1957.10
2005-04-27,1959.45,1962.20,1930.35,1935.40
2005-04-28,1935.65,1950.25,1921.05,1941.30
2005-04-29,1943.20,1943.20,1896.30,1902.50
2005-05-02,1903.10,1925.60,1898.15,1916.70
2005-05-03,1916.95,1940.10,1911.00,1920.70
2005-05-04,1920.50,1944.45,1920.15,1942.60
2005-05-05,1942.60,1973.35,1942.05,1963.30
2005-05-06,1962.30,1984.40,1947.30,1977.50
2005-05-09,1978.05,2003.15,1978.05,2000.70
2005-05-10,2001.00,2007.80,1989.10,1994.30
2005-05-11,1990.55,1991.85,1975.05,1985.90
2005-05-12,1985.95,1999.85,1981.95,1993.10
2005-05-13,1992.50,1992.75,1978.90,1988.30
2005-05-16,1991.50,2014.95,1989.70,2012.60
2005-05-17,2013.10,2024.60,1984.75,1990.80
2005-05-18,1990.65,1990.95,1964.65,1982.70
2005-05-19,1983.15,2008.35,1983.15,1990.80
2005-05-20,1991.85,1998.20,1975.95,1992.40
2005-05-23,1992.10,2019.35,1991.70,2013.90
2005-05-24,2016.00,2031.90,2009.55,2028.60
2005-05-25,2028.55,2047.45,2019.00,2043.80
2005-05-26,2043.50,2078.65,2025.65,2074.70
2005-05-27,2073.25,2099.35,2069.50,2076.40
2005-05-30,2076.55,2086.85,2064.85,2072.40
2005-05-31,2072.50,2091.75,2066.55,2087.50
2005-06-01,2087.80,2097.60,2081.20,2087.50
2005-06-02,2087.85,2093.45,2062.55,2064.60
2005-06-03,2064.10,2097.25,2061.35,2094.20
2005-06-04,2094.10,2098.10,2087.00,2092.30
2005-06-06,2092.00,2109.10,2087.40,2092.80
2005-06-07,2091.95,2102.85,2084.35,2098.10
2005-06-08,2094.70,2115.25,2094.05,2112.40
2005-06-09,2112.25,2118.65,2097.55,2103.20
2005-06-10,2103.45,2133.10,2086.30,2090.60
2005-06-13,2090.70,2106.65,2081.70,2102.70
2005-06-14,2103.65,2113.85,2098.70,2112.30
2005-06-15,2110.50,2131.95,2110.35,2128.60
2005-06-16,2128.30,2135.10,2114.55,2123.70
2005-06-17,2123.60,2131.75,2103.90,2123.40
2005-06-20,2130.80,2150.25,2124.65,2144.30
2005-06-21,2144.75,2173.25,2140.15,2170.00
2005-06-22,2167.80,2196.45,2167.35,2187.30
2005-06-23,2187.35,2192.10,2174.05,2183.80
2005-06-24,2184.00,2204.45,2162.95,2194.30
2005-06-27,2194.35,2219.65,2188.15,2199.80
2005-06-28,2199.80,2206.80,2165.90,2169.80
2005-06-29,2170.20,2194.25,2162.00,2191.60
2005-06-30,2191.55,2226.15,2189.45,2220.60
2005-07-01,2220.45,2220.55,2198.90,2211.90
2005-07-04,2212.05,2232.20,2211.40,2230.60
2005-07-05,2231.20,2238.60,2205.10,2210.70
2005-07-06,2211.35,2232.65,2211.30,2228.20
2005-07-07,2228.30,2235.80,2171.25,2179.40
2005-07-08,2183.55,2210.70,2179.05,2196.20
2005-07-11,2195.55,2224.65,2195.55,2218.80
2005-07-12,2219.10,2233.20,2191.70,2220.80
2005-07-13,2221.45,2234.15,2200.05,2204.00
2005-07-14,2204.40,2212.55,2178.60,2185.10
2005-07-15,2185.10,2216.50,2181.85,2212.50
2005-07-18,2212.95,2248.70,2212.95,2234.00
2005-07-19,2234.25,2246.70,2227.20,2237.30
2005-07-20,2236.90,2252.00,2236.90,2241.90
2005-07-21,2240.95,2251.85,2221.20,2230.50
2005-07-22,2231.00,2268.55,2223.15,2265.60
2005-07-25,2266.65,2293.95,2266.65,2291.70
2005-07-26,2289.25,2307.10,2279.80,2303.10
2005-07-27,2304.25,2324.00,2292.85,2319.10
2005-07-29,2318.05,2332.55,2280.85,2312.30
2005-08-01,2312.05,2329.90,2294.25,2318.00
2005-08-02,2321.90,2357.15,2319.75,2353.60
2005-08-03,2359.10,2377.00,2345.20,2357.00
2005-08-04,2357.75,2377.35,2352.05,2367.80
2005-08-05,2367.35,2377.10,2355.95,2361.20
2005-08-08,2361.95,2386.95,2320.05,2324.40
2005-08-09,2324.75,2342.20,2303.10,2318.70
2005-08-10,2322.30,2364.80,2322.05,2360.10
2005-08-11,2358.90,2387.30,2355.50,2380.90
2005-08-12,2381.05,2390.45,2356.90,2361.50
2005-08-16,2361.65,2379.40,2356.85,2369.80
2005-08-17,2369.80,2406.25,2357.50,2403.10
2005-08-18,2404.65,2426.65,2380.70,2388.40
2005-08-19,2400.80,2409.35,2378.45,2383.40
2005-08-22,2383.45,2403.45,2355.75,2367.80
2005-08-23,2369.55,2380.50,2320.35,2326.10
2005-08-24,2326.10,2334.90,2300.45,2322.50
2005-08-25,2323.10,2359.20,2320.70,2354.50
2005-08-26,2354.60,2368.05,2340.20,2357.00
2005-08-29,2359.20,2365.85,2312.60,2337.60
2005-08-30,2337.80,2373.80,2337.75,2367.70
2005-08-31,2369.05,2387.00,2355.00,2384.60
2005-09-01,2384.70,2412.35,2382.90,2405.70
2005-09-02,2406.45,2422.10,2396.10,2415.80
2005-09-05,2417.10,2439.55,2414.95,2422.90
2005-09-06,2422.40,2436.25,2417.00,2428.60
2005-09-08,2429.00,2456.90,2429.00,2454.40
2005-09-09,2448.80,2462.80,2441.90,2455.40
2005-09-12,2455.85,2486.35,2455.85,2484.10
2005-09-13,2484.00,2503.00,2477.10,2500.30
2005-09-14,2500.40,2514.75,2476.00,2492.40
2005-09-15,2492.85,2527.50,2492.75,2523.90
2005-09-16,2524.90,2555.10,2519.05,2552.30
2005-09-19,2555.45,2579.70,2550.45,2567.10
2005-09-20,2567.20,2582.80,2546.60,2578.00
2005-09-21,2576.70,2585.60,2504.90,2567.30
2005-09-22,2567.85,2580.40,2465.85,2476.50
2005-09-23,2480.50,2507.90,2453.05,2477.70
2005-09-26,2477.85,2560.85,2477.85,2557.30
2005-09-27,2558.50,2592.50,2549.85,2574.80
2005-09-28,2574.45,2602.95,2559.85,2598.00
2005-09-29,2598.60,2633.90,2589.45,2611.20
2005-09-30,2607.90,2623.05,2567.75,2601.40
2005-10-03,2601.00,2635.00,2597.20,2630.00
2005-10-04,2630.00,2667.05,2629.60,2663.30
2005-10-05,2663.70,2669.20,2636.60,2644.40
2005-10-06,2643.80,2643.80,2571.30,2579.10
2005-10-07,2577.20,2603.25,2547.55,2574.00
2005-10-10,2577.10,2595.15,2561.00,2566.80
2005-10-11,2569.15,2592.00,2533.70,2589.50
2005-10-13,2584.40,2589.35,2529.05,2537.30
2005-10-14,2537.70,2548.00,2478.00,2484.40
2005-10-17,2488.40,2498.60,2459.50,2485.10
2005-10-18,2485.25,2517.70,2452.50,2468.20
2005-10-19,2467.80,2467.85,2394.95,2412.40
2005-10-20,2421.40,2463.85,2363.55,2395.40
2005-10-21,2397.85,2447.85,2384.05,2443.70
2005-10-24,2444.20,2460.00,2388.40,2394.80
2005-10-25,2394.95,2444.60,2390.85,2418.20
2005-10-26,2418.45,2434.00,2401.10,2408.50
2005-10-27,2408.95,2416.45,2338.60,2352.90
2005-10-28,2352.65,2355.15,2307.45,2316.00
2005-10-31,2314.85,2373.40,2314.20,2370.90
2005-11-01,2366.80,2410.15,2366.80,2386.70
2005-11-02,2386.45,2423.80,2367.75,2419.00
2005-11-07,2419.25,2464.65,2411.60,2461.60
2005-11-08,2463.65,2502.90,2460.00,2492.60
2005-11-09,2493.10,2519.40,2475.70,2489.10
2005-11-10,2489.10,2504.75,2480.85,2500.70
2005-11-11,2500.85,2551.40,2500.85,2548.60
2005-11-14,2548.55,2576.95,2534.40,2558.70
2005-11-16,2559.45,2585.95,2559.45,2582.70
2005-11-17,2558.45,2608.85,2558.45,2603.90
2005-11-18,2604.00,2632.35,2595.15,2620.00
2005-11-21,2620.10,2626.40,2591.75,2602.50
2005-11-22,2603.25,2614.00,2567.05,2572.80
2005-11-23,2572.85,2613.40,2563.10,2608.60
2005-11-24,2608.90,2643.70,2608.70,2635.00
2005-11-25,2635.35,2668.90,2633.75,2664.30
2005-11-26,2664.85,2686.50,2664.70,2683.40
2005-11-28,2683.60,2717.15,2682.65,2712.00
2005-11-29,2712.35,2713.90,2679.90,2698.30
2005-11-30,2698.10,2727.05,2647.10,2652.20
2005-12-01,2651.60,2705.00,2641.95,2698.90
2005-12-02,2699.55,2730.70,2691.50,2697.90
2005-12-05,2697.60,2710.65,2654.35,2660.50
2005-12-06,2661.40,2694.40,2647.35,2662.30
2005-12-07,2662.30,2697.10,2662.30,2693.00
2005-12-08,2694.95,2711.60,2673.50,2706.70
2005-12-09,2706.75,2761.10,2698.00,2756.40
2005-12-12,2756.40,2789.35,2756.40,2776.20
2005-12-13,2776.80,2815.30,2764.65,2812.30
2005-12-14,2812.80,2825.65,2788.30,2804.50
2005-12-15,2805.20,2821.50,2763.35,2778.50
2005-12-16,2778.65,2814.90,2766.50,2810.10
2005-12-19,2808.35,2846.00,2803.45,2842.60
2005-12-20,2843.15,2853.10,2815.20,2826.20
2005-12-21,2826.45,2847.30,2799.45,2822.90
2005-12-22,2826.70,2846.65,2818.65,2835.20
2005-12-23,2835.70,2857.00,2799.70,2804.80
2005-12-26,2804.30,2804.30,2741.80,2749.60
2005-12-27,2746.25,2812.60,2725.70,2805.90
2005-12-28,2806.80,2824.30,2780.00,2794.00
2005-12-29,2792.75,2829.40,2792.75,2821.90
2005-12-30,2823.95,2845.55,2812.75,2836.50
2006-01-02,2836.80,2849.45,2825.40,2835.90
2006-01-03,2835.95,2887.20,2832.05,2883.30
2006-01-04,2883.00,2909.35,2883.00,2904.40
2006-01-05,2904.45,2916.20,2884.80,2899.80
2006-01-06,2899.85,2921.70,2877.25,2914.00
2006-01-09,2913.35,2927.25,2898.25,2910.10
2006-01-10,2910.15,2913.05,2865.60,2870.80
2006-01-12,2869.35,2869.35,2824.00,2850.70
2006-01-13,2851.40,2878.35,2846.70,2850.50
2006-01-16,2851.35,2855.70,2824.05,2833.10
2006-01-17,2833.80,2861.25,2820.65,2829.10
2006-01-18,2809.90,2840.10,2783.85,2809.20
2006-01-19,2811.10,2875.95,2811.10,2870.80
2006-01-20,2870.80,2912.80,2870.80,2900.90
2006-01-23,2900.30,2900.30,2870.95,2884.00
2006-01-24,2886.35,2914.25,2885.75,2908.00
2006-01-25,2908.75,2949.10,2871.25,2940.30
2006-01-27,2941.90,2989.70,2941.90,2982.70
2006-01-30,2983.30,3002.20,2963.65,2974.50
2006-01-31,2968.95,3005.10,2968.85,3001.10
2006-02-01,3001.30,3011.05,2960.90,2971.50
2006-02-02,2972.20,2997.25,2957.55,2967.40
2006-02-03,2968.10,2973.90,2931.85,2940.60
2006-02-06,2940.95,3009.45,2928.10,3000.40
2006-02-07,3001.15,3025.10,2991.25,3020.10
2006-02-08,3018.20,3021.25,2984.90,3008.90
2006-02-10,3009.15,3031.75,3009.10,3027.50
2006-02-13,3026.15,3042.75,3018.50,3041.10
2006-02-14,3040.25,3051.70,3009.90,3017.50
2006-02-15,3001.40,3048.80,2995.30,3022.20
2006-02-16,3023.10,3036.65,3013.70,3021.60
2006-02-17,3021.65,3038.80,2976.70,2981.50
2006-02-20,2982.35,3010.65,2955.85,3005.80
2006-02-21,3008.55,3042.05,3008.55,3035.50
2006-02-22,3035.65,3055.65,3032.50,3050.80
2006-02-23,3050.85,3078.40,3050.85,3062.10
2006-02-24,3061.70,3072.00,3041.60,3050.00
2006-02-27,3050.30,3070.35,3050.30,3067.40
2006-02-28,3067.90,3090.30,3031.80,3074.70
2006-03-01,3074.60,3127.25,3064.00,3123.10
2006-03-02,3124.25,3170.35,3124.25,3150.70
2006-03-03,3151.30,3167.20,3132.60,3147.30
2006-03-06,3147.25,3194.00,3147.20,3190.40
2006-03-07,3190.45,3192.95,3166.75,3182.80
2006-03-08,3183.45,3187.50,3107.90,3116.70
2006-03-09,3116.75,3132.65,3069.85,3129.10
2006-03-10,3129.05,3189.35,3128.60,3183.90
2006-03-13,3184.10,3221.30,3174.05,3202.60
2006-03-14,3197.20,3223.45,3184.05,3195.30
2006-03-16,3197.30,3230.40,3196.95,3226.60
2006-03-17,3226.90,3258.30,3226.90,3234.00
2006-03-20,3234.20,3268.25,3234.20,3265.60
2006-03-21,3264.65,3292.15,3247.25,3262.30
2006-03-22,3263.35,3267.95,3221.95,3240.10
2006-03-23,3240.85,3265.60,3225.20,3247.10
2006-03-24,3247.15,3286.20,3242.60,3279.80
2006-03-27,3283.40,3327.05,3280.80,3321.60
2006-03-28,3321.45,3344.50,3311.85,3325.00
2006-03-29,3324.85,3359.80,3324.80,3354.20
2006-03-30,3354.25,3433.85,3354.25,3418.90
2006-03-31,3420.55,3425.45,3381.90,3402.50
2006-04-03,3403.15,3478.25,3402.45,3473.30
2006-04-04,3473.10,3508.25,3463.85,3483.10
2006-04-05,3483.15,3513.95,3483.15,3510.90
2006-04-07,3525.60,3555.50,3445.90,3454.80
2006-04-10,3455.00,3489.05,3430.40,3478.40
2006-04-12,3479.10,3484.65,3366.75,3380.00
2006-04-13,3380.40,3391.05,3290.35,3345.50
2006-04-17,3342.15,3433.65,3342.15,3425.10
2006-04-18,3429.00,3521.95,3429.00,3518.10
2006-04-19,3523.65,3570.50,3502.75,3535.80
2006-04-20,3539.80,3578.35,3527.25,3573.50
2006-04-21,3576.75,3592.75,3517.10,3573.00
2006-04-24,3572.80,3585.35,3536.30,3548.90
2006-04-25,3548.80,3552.65,3433.55,3462.60
2006-04-26,3462.65,3562.30,3454.10,3555.70
2006-04-27,3554.70,3598.95,3492.75,3508.10
2006-04-28,3507.45,3517.65,3342.85,3508.30
2006-04-29,3508.35,3565.75,3508.35,3557.60
2006-05-02,3557.55,3622.05,3556.90,3605.40
2006-05-03,3604.40,3640.80,3581.40,3634.20
2006-05-04,3630.65,3674.50,3621.55,3648.40
2006-05-05,3649.45,3676.55,3639.55,3663.90
2006-05-08,3668.65,3708.55,3668.65,3693.10
2006-05-09,3694.65,3725.40,3655.65,3720.50
2006-05-10,3720.75,3758.05,3717.25,3754.20
2006-05-11,3755.80,3774.15,3687.90,3701.00
2006-05-12,3704.15,3704.15,3633.85,3650.00
2006-05-15,3651.00,3653.00,3482.85,3502.90
2006-05-16,3502.95,3543.50,3382.40,3523.30
2006-05-17,3525.05,3641.85,3525.05,3635.10
2006-05-18,3636.45,3636.45,3365.90,3388.90
2006-05-19,3391.85,3493.05,3205.25,3246.90
2006-05-22,3254.30,3313.90,2896.40,3081.30
2006-05-23,3068.60,3221.05,2997.35,3199.30
2006-05-24,3203.50,3249.75,3091.60,3115.50
2006-05-25,3114.70,3198.35,3012.95,3177.70
2006-05-26,3177.70,3277.95,3177.70,3209.60
2006-05-29,3207.25,3255.25,3193.15,3214.90
2006-05-30,3215.50,3252.10,3167.05,3185.30
2006-05-31,3181.95,3181.95,2972.90,3071.00
2006-06-01,3072.55,3130.00,2936.60,2962.20
2006-06-02,2961.50,3099.35,2940.20,3091.30
2006-06-05,3092.60,3125.40,3006.40,3016.60
2006-06-06,3015.05,3015.05,2910.30,2937.30
2006-06-07,2935.25,2956.90,2819.45,2860.40
2006-06-08,2856.90,2859.40,2683.20,2724.30
2006-06-09,2721.20,2875.75,2707.85,2866.30
2006-06-12,2867.65,2877.80,2761.85,2776.80
2006-06-13,2773.60,2773.60,2638.10,2663.30
2006-06-14,2665.05,2767.75,2595.65,2632.80
2006-06-15,2634.10,2814.15,2634.10,2798.80
2006-06-16,2799.85,2960.15,2799.85,2890.30
2006-06-19,2892.00,2932.90,2846.50,2916.90
2006-06-20,2919.00,2919.00,2837.45,2861.30
2006-06-21,2861.40,2930.80,2836.40,2923.40
2006-06-22,2923.75,3017.65,2923.75,2994.70
2006-06-23,2993.55,3063.20,2920.20,3042.70
2006-06-25,3043.15,3083.00,3035.95,3050.30
2006-06-26,3051.80,3059.85,2928.00,2943.20
2006-06-27,2943.60,3004.15,2899.25,2982.40
2006-06-28,2982.20,3003.65,2909.60,2981.10
2006-06-29,2982.90,3049.25,2982.90,2997.90
2006-06-30,2993.50,3134.15,2993.50,3128.20
2006-07-03,3128.75,3160.35,3114.85,3150.90
2006-07-04,3151.05,3177.40,3130.30,3138.60
2006-07-05,3136.95,3201.20,3121.80,3197.10
2006-07-06,3197.50,3197.50,3138.40,3156.40
2006-07-07,3157.95,3193.10,3056.30,3075.80
2006-07-10,3077.10,3147.70,3064.10,3142.00
2006-07-11,3145.30,3146.00,3100.40,3116.10
2006-07-12,3124.95,3201.35,3078.25,3195.90
2006-07-13,3196.30,3208.85,3148.95,3169.30
2006-07-14,3166.25,3166.25,3089.55,3123.30
2006-07-17,3123.65,3125.10,2999.35,3007.50
2006-07-18,3007.15,3038.25,2967.95,2993.60
2006-07-19,2995.85,3045.35,2919.95,2932.70
2006-07-20,2943.65,3041.25,2943.65,3023.00
2006-07-21,3025.10,3029.10,2930.15,2945.00
2006-07-24,2944.90,2996.65,2878.25,2985.80
2006-07-25,2989.50,3046.95,2987.15,3040.50
2006-07-26,3040.45,3121.40,3022.70,3110.10
2006-07-27,3109.85,3167.10,3109.85,3156.10
2006-07-28,3158.00,3168.50,3109.45,3130.80
2006-07-31,3131.35,3179.70,3110.60,3143.20
2006-08-01,3128.20,3154.70,3113.60,3147.80
2006-08-02,3129.45,3187.85,3127.90,3182.10
2006-08-03,3182.55,3234.25,3175.15,3190.00
2006-08-04,3189.70,3228.15,3161.80,3176.70
2006-08-07,3176.70,3178.50,3142.55,3151.10
2006-08-08,3151.55,3216.75,3151.55,3212.40
2006-08-09,3211.55,3267.20,3187.85,3254.60
2006-08-10,3254.60,3274.75,3229.45,3260.10
2006-08-11,3260.05,3286.50,3236.95,3274.30
2006-08-14,3274.95,3317.80,3269.15,3313.10
2006-08-16,3314.75,3377.10,3314.75,3356.00
2006-08-17,3359.70,3385.15,3328.60,3353.90
2006-08-18,3354.50,3366.25,3332.20,3356.70
2006-08-21,3356.80,3374.90,3332.90,3366.00
2006-08-22,3369.60,3398.35,3351.50,3364.60
2006-08-23,3363.60,3369.65,3325.10,3335.80
2006-08-24,3336.65,3379.55,3304.85,3370.40
2006-08-25,3368.55,3402.70,3368.55,3385.90
2006-08-28,3386.00,3405.30,3377.75,3401.10
2006-08-29,3405.05,3434.95,3396.10,3425.70
2006-08-30,3425.80,3440.20,3407.75,3430.30
2006-08-31,3404.50,3452.30,3403.65,3413.90
2006-09-01,3414.00,3439.50,3402.90,3435.40
2006-09-04,3435.55,3483.10,3435.55,3476.80
2006-09-05,3471.40,3488.60,3457.90,3473.70
2006-09-06,3474.40,3490.70,3465.80,3477.20
2006-09-07,3477.15,3478.85,3438.80,3454.50
2006-09-08,3454.65,3477.95,3442.85,3471.40
2006-09-11,3470.35,3486.65,3351.30,3366.10
2006-09-12,3363.30,3395.05,3328.45,3389.90
2006-09-13,3389.85,3470.65,3389.80,3454.50
2006-09-14,3454.60,3484.00,3454.60,3471.60
2006-09-15,3471.65,3487.45,3434.55,3478.60
2006-09-18,3478.65,3506.20,3478.40,3492.70
2006-09-19,3493.50,3514.95,3438.80,3457.30
2006-09-20,3457.85,3509.85,3419.75,3502.80
2006-09-21,3506.70,3556.35,3506.70,3553.00
2006-09-22,3554.05,3562.45,3525.40,3544.00
2006-09-25,3545.10,3568.65,3514.85,3523.40
2006-09-26,3523.70,3576.75,3517.15,3571.70
2006-09-27,3571.75,3603.70,3568.40,3579.30
2006-09-28,3579.95,3589.30,3560.75,3571.70
2006-09-29,3572.15,3599.80,3564.70,3588.40
2006-10-03,3588.95,3606.20,3561.70,3569.60
2006-10-04,3570.95,3580.05,3508.65,3515.30
2006-10-05,3515.60,3574.95,3515.60,3564.90
2006-10-06,3565.45,3583.75,3560.90,3569.70
2006-10-09,3570.05,3585.35,3540.45,3567.10
2006-10-10,3567.45,3597.20,3563.10,3571.00
2006-10-11,3581.55,3614.50,3544.25,3558.50
2006-10-12,3562.55,3626.80,3545.95,3621.00
2006-10-13,3621.65,3682.35,3621.65,3676.00
2006-10-16,3668.90,3729.70,3668.90,3723.90
2006-10-17,3726.40,3742.50,3691.35,3715.00
2006-10-18,3715.20,3727.00,3701.30,3710.60
2006-10-19,3711.10,3726.95,3655.05,3677.80
2006-10-20,3678.75,3714.25,3665.50,3676.80
2006-10-21,3680.85,3708.40,3662.85,3683.50
2006-10-23,3683.40,3690.85,3651.20,3657.30
2006-10-26,3656.20,3686.85,3651.20,3677.50
2006-10-27,3676.85,3747.35,3674.80,3739.30
2006-10-30,3739.35,3776.05,3719.45,3769.10
2006-10-31,3770.50,3782.85,3726.75,3744.10
2006-11-01,3744.10,3777.70,3737.00,3767.00
2006-11-02,3769.40,3805.50,3761.90,3791.20
2006-11-03,3793.05,3809.65,3771.00,3805.30
2006-11-06,3804.75,3822.40,3798.25,3809.20
2006-11-07,3812.15,3840.45,3789.40,3798.70
2006-11-08,3799.20,3809.95,3737.20,3777.30
2006-11-09,3777.80,3808.20,3769.80,3796.40
2006-11-10,3796.05,3842.40,3785.40,3834.70
2006-11-13,3834.80,3862.05,3834.00,3858.70
2006-11-14,3862.00,3883.00,3850.75,3865.90
2006-11-15,3865.95,3888.80,3838.25,3876.30
2006-11-16,3876.40,3900.40,3863.85,3876.80
2006-11-17,3877.00,3891.85,3835.70,3852.80
2006-11-20,3852.65,3866.95,3794.30,3856.10
2006-11-21,3859.50,3921.70,3856.75,3918.20
2006-11-22,3918.30,3960.00,3909.60,3954.70
2006-11-23,3955.30,3976.80,3933.70,3945.40
2006-11-24,3945.45,3965.80,3935.30,3950.80
2006-11-27,3974.95,3974.95,3948.85,3968.90
2006-11-28,3966.00,3966.00,3911.55,3921.70
2006-11-29,3922.50,3952.40,3920.00,3928.20
2006-11-30,3929.40,3973.00,3929.40,3954.50
2006-12-01,3955.70,4001.30,3953.95,3997.60
2006-12-04,4002.40,4015.25,3991.55,4001.00
2006-12-05,4001.25,4033.20,4001.25,4015.70
2006-12-06,4016.00,4036.20,3982.50,4015.90
2006-12-07,4015.00,4027.70,4001.40,4015.30
2006-12-08,4015.75,4046.85,3948.70,3962.00
2006-12-11,3961.90,3965.05,3798.30,3849.50
2006-12-12,3849.10,3861.25,3661.60,3716.90
2006-12-13,3716.75,3777.60,3657.65,3765.20
2006-12-14,3765.70,3855.05,3763.50,3843.00
2006-12-15,3849.60,3908.45,3845.45,3888.60
2006-12-18,3888.20,3934.00,3828.15,3928.70
2006-12-19,3928.85,3931.90,3783.45,3832.00
2006-12-20,3832.15,3886.10,3787.55,3815.50
2006-12-21,3814.75,3851.20,3768.80,3833.50
2006-12-22,3834.90,3880.15,3823.40,3871.10
2006-12-26,3871.30,3946.10,3870.45,3940.50
2006-12-27,3942.75,3986.75,3937.70,3974.20
2006-12-28,3974.20,3997.35,3961.95,3970.50
2006-12-29,3971.65,3991.60,3960.45,3966.40
2007-01-02,3966.25,4016.65,3964.95,4007.40
2007-01-03,4007.70,4029.80,3985.00,4024.00
2007-01-04,4027.30,4041.00,3979.80,3988.80
2007-01-05,3990.15,4011.45,3969.65,3983.40
2007-01-08,3983.30,3987.45,3913.00,3933.40
2007-01-09,3933.30,3963.75,3890.75,3911.40
2007-01-10,3910.95,3911.95,3841.70,3850.30
2007-01-11,3852.15,3953.10,3833.60,3942.20
2007-01-12,3944.55,4059.15,3944.55,4052.40
2007-01-15,4052.85,4099.65,4052.40,4078.40
2007-01-16,4090.70,4107.45,4067.90,4080.50
2007-01-17,4084.90,4096.75,4071.55,4076.40
2007-01-18,4075.20,4140.25,4075.20,4109.00
2007-01-19,4126.00,4137.15,4058.35,4090.10
2007-01-22,4089.60,4114.50,4069.95,4102.40
2007-01-23,4102.65,4105.10,4056.45,4066.10
2007-01-24,4066.60,4098.25,4065.75,4089.90
2007-01-25,4092.05,4157.95,4090.10,4147.70
2007-01-29,4148.40,4167.15,4115.75,4124.40
2007-01-31,4123.85,4137.85,4068.55,4082.70
2007-02-01,4083.40,4141.60,4081.10,4137.20
2007-02-02,4140.20,4198.70,4132.95,4183.50
2007-02-05,4193.15,4219.00,4170.00,4215.30
2007-02-06,4216.55,4228.15,4186.15,4195.90
2007-02-07,4198.20,4232.30,4192.85,4224.20
2007-02-08,4232.00,4245.30,4188.45,4223.40
2007-02-09,4223.50,4239.20,4171.80,4187.40
2007-02-12,4187.20,4187.20,4044.35,4058.30
2007-02-13,4069.10,4132.70,3998.30,4044.50
2007-02-14,4044.90,4057.35,3965.20,4047.10
2007-02-15,4046.80,4155.70,4046.80,4146.20
2007-02-19,4149.25,4177.70,4149.25,4164.50
2007-02-20,4164.85,4175.45,4099.55,4106.90
2007-02-21,4107.15,4132.80,4080.90,4096.20
2007-02-22,4096.65,4126.90,4023.15,4040.00
2007-02-23,4046.00,4065.45,3918.20,3938.90
2007-02-26,3939.10,3958.90,3856.70,3942.00
2007-02-27,3948.05,3958.00,3873.85,3893.90
2007-02-28,3893.40,3893.40,3674.85,3745.30
2007-03-01,3745.40,3818.75,3718.15,3811.20
2007-03-02,3811.65,3842.05,3711.05,3726.70
2007-03-05,3726.50,3726.65,3554.50,3576.50
2007-03-06,3577.15,3679.15,3576.65,3655.60
2007-03-07,3661.55,3714.15,3568.55,3626.80
2007-03-08,3627.25,3779.50,3626.80,3761.60
2007-03-09,3761.85,3795.70,3684.25,3718.00
2007-03-12,3717.45,3781.45,3713.90,3734.60
2007-03-13,3735.25,3775.85,3717.15,3770.50
2007-03-14,3768.40,3768.40,3623.00,3641.10
2007-03-15,3644.90,3711.05,3630.55,3643.60
2007-03-16,3639.35,3683.60,3573.85,3608.50
2007-03-19,3611.30,3683.35,3602.85,3678.90
2007-03-20,3680.35,3725.00,3676.65,3697.60
2007-03-21,3697.70,3771.20,3680.60,3764.50
2007-03-22,3764.50,3881.00,3764.50,3875.90
2007-03-23,3876.75,3901.75,3850.80,3861.00
2007-03-26,3863.45,3885.45,3768.25,3819.90
2007-03-28,3818.75,3830.30,3752.95,3761.10
2007-03-29,3759.15,3805.85,3750.35,3798.10
2007-03-30,3788.85,3832.20,3785.30,3821.50
2007-04-02,3820.00,3820.00,3617.00,3633.60
2007-04-03,3633.85,3703.05,3632.20,3690.60
2007-04-04,3689.75,3751.40,3689.75,3733.20
2007-04-05,3735.20,3771.45,3709.15,3752.00
2007-04-09,3752.90,3850.90,3747.25,3843.50
2007-04-10,3844.15,3858.35,3819.30,3848.10
2007-04-11,3848.35,3876.35,3844.75,3862.60
2007-04-12,3861.85,3861.85,3811.25,3829.80
2007-04-13,3830.35,3924.55,3828.45,3917.30
2007-04-16,3920.50,4016.80,3920.50,4013.30
2007-04-17,4014.40,4030.00,3976.25,3984.90
2007-04-18,3989.60,4039.25,3981.75,4011.60
2007-04-19,3998.50,4011.00,3933.35,3997.60
2007-04-20,4000.25,4090.05,3995.50,4083.50
2007-04-23,4083.55,4122.35,4075.20,4085.10
2007-04-24,4085.10,4162.15,4057.70,4141.80
2007-04-25,4134.25,4173.30,4114.35,4167.30
2007-04-26,4170.05,4217.90,4143.25,4177.80
2007-04-27,4182.00,4182.00,4074.30,4083.50
2007-04-30,4081.60,4096.90,4028.90,4087.90
2007-05-03,4089.45,4161.20,4080.75,4150.80
2007-05-04,4168.90,4180.90,4109.70,4117.30
2007-05-07,4117.50,4157.65,4103.60,4111.10
2007-05-08,4111.25,4136.05,4066.40,4077.00
2007-05-09,4077.25,4087.80,4030.55,4079.30
2007-05-10,4079.60,4134.20,4057.55,4066.80
2007-05-11,4070.20,4094.65,3981.15,4076.60
2007-05-14,4078.80,4151.30,4072.45,4134.30
2007-05-15,4134.30,4150.45,4102.45,4120.30
2007-05-16,4125.40,4181.00,4113.05,4170.90
2007-05-17,4172.10,4232.45,4172.10,4219.50
2007-05-18,4216.50,4228.45,4177.00,4214.50
2007-05-21,4217.65,4269.35,4217.55,4260.90
2007-05-22,4263.10,4281.60,4234.10,4278.10
2007-05-23,4279.60,4291.40,4231.05,4246.20
2007-05-24,4246.20,4250.85,4189.05,4204.90
2007-05-25,4197.85,4256.40,4141.35,4248.10
2007-05-28,4248.35,4295.60,4242.80,4256.50
2007-05-29,4257.60,4298.85,4248.90,4293.20
2007-05-30,4292.70,4301.60,4241.35,4249.60
2007-05-31,4250.25,4306.75,4250.25,4295.80
2007-06-01,4296.05,4325.80,4288.55,4297.00
2007-06-04,4300.70,4362.95,4256.45,4267.00
2007-06-05,4268.90,4292.50,4249.10,4284.60
2007-06-06,4285.75,4324.10,4190.95,4198.20
2007-06-07,4197.60,4230.05,4130.50,4179.50
2007-06-08,4179.50,4195.15,4126.10,4145.00
2007-06-11,4183.75,4205.20,4134.95,4145.60
2007-06-12,4139.70,4166.85,4100.80,4155.20
2007-06-13,4155.20,4161.80,4102.95,4113.00
2007-06-14,4113.20,4174.05,4112.85,4170.00
2007-06-15,4186.40,4209.45,4153.70,4171.40
2007-06-18,4177.00,4208.15,4140.25,4147.10
2007-06-19,4143.85,4222.40,4136.15,4214.30
2007-06-20,4214.30,4257.00,4214.30,4248.60
2007-06-21,4248.65,4275.35,4220.10,4267.40
2007-06-22,4267.55,4278.85,4242.50,4252.00
2007-06-25,4251.40,4264.25,4236.30,4259.40
2007-06-26,4259.40,4296.15,4250.10,4285.70
2007-06-27,4286.20,4294.20,4255.25,4263.90
2007-06-28,4263.90,4291.40,4256.90,4282.00
2007-06-29,4282.40,4321.35,4280.95,4318.30
2007-07-02,4318.40,4346.75,4305.45,4313.70
2007-07-03,4315.05,4363.35,4313.55,4357.50
2007-07-04,4358.25,4386.45,4342.00,4359.30
2007-07-05,4359.20,4378.55,4311.80,4353.90
2007-07-06,4353.10,4411.00,4304.00,4384.80
2007-07-09,4385.45,4427.55,4385.45,4419.40
2007-07-10,4419.10,4434.45,4393.00,4406.00
2007-07-11,4403.80,4411.45,4344.70,4387.10
2007-07-12,4388.05,4451.95,4387.05,4446.10
2007-07-13,4446.40,4513.90,4446.05,4504.50
2007-07-16,4505.95,4521.85,4495.95,4512.10
2007-07-17,4497.10,4550.25,4488.25,4496.70
2007-07-18,4498.65,4510.80,4452.85,4499.50
2007-07-19,4500.35,4573.00,4496.20,4562.10
2007-07-20,4563.75,4600.80,4553.80,4566.00
2007-07-23,4564.25,4628.45,4547.20,4619.30
2007-07-24,4620.05,4647.95,4609.75,4620.70
2007-07-25,4620.50,4620.50,4555.80,4588.70
2007-07-26,4593.10,4624.30,4570.80,4619.80
2007-07-27,4618.65,4618.90,4424.25,4445.20
2007-07-30,4442.35,4493.05,4403.70,4440.00
2007-07-31,4444.25,4534.20,4432.85,4528.80
2007-08-01,4528.85,4532.90,4339.75,4345.80
2007-08-02,4356.35,4399.75,4327.00,4356.30
2007-08-03,4355.75,4428.10,4355.75,4401.50
2007-08-06,4404.05,4404.05,4267.15,4339.50
2007-08-07,4341.50,4406.40,4341.50,4356.30
2007-08-08,4357.00,4472.15,4356.75,4462.10
2007-08-09,4462.25,4530.05,4390.80,4403.20
2007-08-10,4393.60,4395.50,4239.20,4333.30
2007-08-13,4324.65,4383.80,4324.65,4373.60
2007-08-14,4373.90,4394.30,4354.35,4370.20
2007-08-16,4366.00,4366.00,4171.15,4178.60
2007-08-17,4171.10,4171.10,4002.20,4108.00
2007-08-20,4108.95,4262.60,4108.95,4209.00
2007-08-21,4209.55,4238.10,4058.55,4074.90
2007-08-22,4081.25,4165.70,4040.15,4153.10
2007-08-23,4160.10,4249.85,4100.80,4114.90
2007-08-24,4113.05,4201.45,4110.05,4190.10
2007-08-27,4193.60,4310.00,4193.60,4302.60
2007-08-28,4302.40,4329.15,4280.60,4320.70
2007-08-29,4317.70,4368.60,4226.35,4359.30
2007-08-30,4360.35,4422.30,4359.75,4412.30
2007-08-31,4412.60,4471.30,4403.00,4464.00
2007-09-03,4466.65,4490.55,4452.40,4474.70
2007-09-04,4481.55,4501.30,4460.40,4479.20
2007-09-05,4479.60,4507.75,4458.55,4475.80
2007-09-06,4475.70,4522.50,4445.55,4518.60
2007-09-07,4518.65,4547.75,4499.90,4509.50
2007-09-10,4506.85,4515.25,4452.95,4507.80
2007-09-11,4509.65,4538.60,4487.15,4497.00
2007-09-12,4498.65,4531.50,4490.40,4496.80
2007-09-13,4498.05,4540.60,4498.05,4528.90
2007-09-14,4530.00,4582.60,4508.85,4518.00
2007-09-17,4518.45,4549.05,4482.85,4494.60
2007-09-18,4494.10,4551.80,4481.55,4546.20
2007-09-19,4550.25,4739.00,4550.25,4732.30
2007-09-20,4734.85,4760.85,4721.15,4747.50
2007-09-21,4752.95,4855.70,4733.70,4837.50
2007-09-24,4837.15,4941.15,4837.15,4932.20
2007-09-25,4939.10,4953.90,4878.15,4938.80
2007-09-26,4937.60,4980.85,4930.35,4940.50
2007-09-27,4942.70,5016.40,4942.70,5000.50
2007-09-28,4996.45,5055.80,4996.45,5021.30
2007-10-01,5021.50,5089.30,5001.35,5068.90
2007-10-03,5069.00,5261.35,5034.15,5210.80
2007-10-04,5211.65,5233.10,5126.05,5208.60
2007-10-05,5208.15,5248.55,5164.50,5185.80
2007-10-08,5186.25,5249.30,5024.75,5085.10
2007-10-09,5062.65,5348.70,5000.95,5327.20
2007-10-10,5328.15,5454.70,5328.15,5441.40
2007-10-11,5438.90,5532.75,5424.25,5524.80
2007-10-12,5525.30,5549.30,5402.60,5428.20
2007-10-15,5428.35,5682.65,5419.90,5670.40
2007-10-16,5670.65,5708.35,5578.45,5668.00
2007-10-17,5658.90,5658.90,5107.30,5559.30
2007-10-18,5551.10,5736.80,5269.65,5351.00
2007-10-19,5360.35,5390.85,5101.75,5215.30
2007-10-22,5202.75,5247.40,5070.90,5184.00
2007-10-23,5185.30,5488.50,5176.85,5473.70
2007-10-24,5477.60,5577.90,5419.40,5496.10
2007-10-25,5499.05,5605.95,5469.30,5568.90
2007-10-26,5564.25,5716.90,5513.35,5702.30
2007-10-29,5708.90,5922.50,5708.90,5905.90
2007-10-30,5917.55,5976.00,5833.90,5868.70
2007-10-31,5868.90,5952.25,5861.30,5900.60
2007-11-01,5903.80,6011.95,5837.20,5866.40
2007-11-02,5854.85,5944.75,5714.25,5932.40
2007-11-05,5931.90,5948.55,5819.60,5847.30
2007-11-06,5847.10,5957.20,5759.95,5786.50
2007-11-07,5782.40,5861.35,5744.30,5782.30
2007-11-08,5779.30,5780.80,5646.75,5698.70
2007-11-09,5703.45,5794.20,5614.90,5663.20
2007-11-12,5660.60,5660.60,5477.50,5617.10
2007-11-13,5612.35,5758.85,5591.60,5695.40
2007-11-14,5703.95,5950.20,5700.05,5937.90
2007-11-15,5942.70,5966.95,5895.65,5912.10
2007-11-16,5913.15,5948.05,5817.40,5906.80
2007-11-19,5908.05,5981.80,5893.80,5907.60
2007-11-20,5911.25,5923.70,5755.80,5780.90
2007-11-21,5778.80,5790.05,5530.85,5561.00
2007-11-22,5564.65,5608.65,5394.35,5519.30
2007-11-23,5524.30,5638.60,5514.75,5608.60
2007-11-26,5611.30,5772.55,5608.95,5731.70
2007-11-27,5729.25,5743.55,5655.60,5698.10
2007-11-28,5699.55,5749.95,5595.50,5617.50
2007-11-29,5617.80,5725.00,5612.10,5634.60
2007-11-30,5633.90,5782.55,5632.65,5762.70
2007-12-03,5765.45,5878.80,5754.60,5865.00
2007-12-04,5870.20,5897.25,5840.30,5858.30
2007-12-05,5861.90,5949.30,5859.95,5940.00
2007-12-06,5941.05,6027.05,5919.80,5954.70
2007-12-07,5963.60,6042.10,5894.80,5974.30
2007-12-10,5974.00,6015.30,5923.35,5960.60
2007-12-11,5960.40,6111.20,5960.40,6097.20
2007-12-12,6067.05,6175.65,6005.45,6159.30
2007-12-13,6159.25,6185.40,6040.40,6058.10
2007-12-14,6056.20,6078.55,6015.05,6047.70
2007-12-17,6037.95,6039.95,5740.60,5777.00
2007-12-18,5777.60,5874.60,5710.60,5742.30
2007-12-19,5730.25,5840.80,5676.70,5751.10
2007-12-20,5751.75,5799.50,5742.75,5766.50
2007-12-24,5771.30,6001.05,5771.30,5985.10
2007-12-26,5988.45,6085.25,5988.45,6070.70
2007-12-27,6069.00,6110.85,6060.20,6081.50
2007-12-28,6079.55,6098.60,6021.90,6079.70
2007-12-31,6095.00,6167.75,6095.00,6138.60
2008-01-01,6136.75,6165.35,6109.85,6144.30
2008-01-02,6144.70,6197.00,6060.85,6179.40
2008-01-03,6184.25,6230.15,6126.40,6178.50
2008-01-04,6179.10,6300.05,6179.10,6274.30
2008-01-07,6271.00,6289.80,6193.35,6279.10
2008-01-08,6282.45,6357.10,6221.60,6287.80
2008-01-09,6287.55,6338.30,6231.25,6272.00
2008-01-10,6278.10,6347.00,6142.90,6156.90
2008-01-11,6166.65,6224.20,6112.55,6200.10
2008-01-14,6208.80,6244.15,6172.00,6206.80
2008-01-15,6226.35,6260.45,6053.30,6074.20
2008-01-16,6065.00,6065.00,5825.75,5935.70
2008-01-17,5937.95,6013.15,5880.30,5913.20
2008-01-18,5907.75,5908.75,5677.00,5705.30
2008-01-21,5705.00,5705.00,4977.10,5208.80
2008-01-22,5203.35,5203.35,4448.50,4899.30
2008-01-23,4903.05,5328.05,4891.60,5203.40
2008-01-24,5208.00,5357.20,4995.80,5033.40
2008-01-25,5035.05,5399.25,5035.05,5383.30
2008-01-28,5380.95,5380.95,5071.00,5274.10
2008-01-29,5279.55,5391.60,5225.25,5280.80
2008-01-30,5283.75,5314.30,5142.25,5167.60
2008-01-31,5172.25,5251.65,5071.15,5137.40
2008-02-01,5140.60,5339.95,5090.75,5317.20
2008-02-04,5315.55,5545.20,5315.55,5463.50
2008-02-05,5463.75,5500.60,5412.95,5483.90
2008-02-06,5470.40,5470.40,5257.05,5322.50
2008-02-07,5322.55,5344.60,5113.85,5133.20
2008-02-08,5132.10,5173.85,5034.25,5120.30
2008-02-11,5120.55,5126.40,4803.60,4857.00
2008-02-12,4877.85,4949.60,4820.45,4838.20
2008-02-13,4836.55,4986.55,4836.55,4929.40
2008-02-14,4944.65,5220.25,4944.65,5202.00
2008-02-15,5202.85,5315.40,5104.75,5302.90
2008-02-18,5304.45,5348.60,5224.00,5276.90
2008-02-19,5278.40,5368.45,5262.00,5280.80
2008-02-20,5267.15,5267.15,5116.30,5154.40
2008-02-21,5156.90,5241.35,5120.05,5191.80
2008-02-22,5183.40,5184.00,5092.80,5110.70
2008-02-25,5112.25,5212.35,5055.15,5200.70
2008-02-26,5200.80,5281.20,5200.80,5270.00
2008-02-27,5271.40,5368.15,5249.75,5268.40
2008-02-28,5266.35,5302.85,5227.15,5285.10
2008-02-29,5285.00,5290.80,5098.35,5223.50
2008-03-03,5222.80,5222.80,4936.05,4953.00
2008-03-04,4958.55,4976.70,4812.95,4864.20
2008-03-05,4866.85,4936.75,4847.25,4921.40
2008-03-07,4918.30,4918.30,4672.25,4771.60
2008-03-10,4767.80,4814.95,4620.50,4800.40
2008-03-11,4796.30,4888.50,4732.85,4865.90
2008-03-12,4869.75,5019.20,4854.75,4872.00
2008-03-13,4868.70,4868.80,4580.15,4623.60
2008-03-14,4623.80,4758.95,4607.55,4745.80
2008-03-17,4745.45,4745.45,4482.10,4503.10
2008-03-18,4519.90,4617.95,4468.55,4533.00
2008-03-19,4534.75,4718.40,4533.90,4573.90
2008-03-24,4576.80,4649.45,4539.80,4609.80
2008-03-25,4616.80,4896.80,4616.80,4877.50
2008-03-26,4878.70,4912.30,4808.65,4828.80
2008-03-27,4828.80,4863.75,4769.60,4830.20
2008-03-28,4830.00,4970.80,4796.35,4942.00
2008-03-31,4942.15,4947.00,4703.85,4734.50
2008-04-01,4735.65,4800.75,4628.75,4739.50
2008-04-02,4741.40,4916.75,4741.40,4754.20
2008-04-03,4753.90,4833.25,4738.20,4771.60
2008-04-04,4766.70,4791.70,4632.70,4647.00
2008-04-07,4631.35,4798.55,4628.80,4761.20
2008-04-08,4760.65,4769.55,4677.80,4709.60
2008-04-09,4707.05,4758.25,4667.50,4747.00
2008-04-10,4747.55,4799.50,4720.90,4733.00
2008-04-11,4734.35,4817.40,4727.25,4777.80
2008-04-15,4779.95,4917.10,4708.30,4879.60
2008-04-16,4881.65,4951.40,4874.05,4887.30
2008-04-17,4890.60,4984.95,4889.65,4958.40
2008-04-21,4955.90,5053.40,4955.90,5037.00
2008-04-22,5037.05,5074.25,4994.05,5049.30
2008-04-23,5044.35,5083.50,5003.55,5022.80
2008-04-24,5022.90,5072.70,4991.35,4999.80
2008-04-25,4999.15,5117.70,4999.15,5111.70
2008-04-28,5112.50,5147.45,5079.15,5089.60
2008-04-29,5092.40,5210.90,5082.15,5195.50
2008-04-30,5198.35,5230.75,5155.85,5165.90
2008-05-02,5265.30,5298.85,5197.60,5228.20
2008-05-05,5227.25,5254.50,5182.60,5192.20
2008-05-06,5192.35,5206.50,5110.90,5144.60
2008-05-07,5156.70,5159.05,5101.25,5135.50
2008-05-08,5135.80,5143.05,5062.45,5081.70
2008-05-09,5070.85,5087.65,4969.40,4982.60
2008-05-12,4981.00,5021.75,4913.80,5012.60
2008-05-13,5008.60,5066.00,4943.75,4957.80
2008-05-14,4958.45,5026.10,4932.05,5011.70
2008-05-15,5010.90,5118.55,4999.60,5115.20
2008-05-16,5115.65,5167.40,5106.40,5157.70
2008-05-20,5157.00,5160.05,5072.40,5104.90
2008-05-21,5105.70,5135.55,5048.70,5117.60
2008-05-22,5117.00,5118.90,5010.70,5025.40
2008-05-23,5026.55,5059.05,4940.70,4946.50
2008-05-26,4953.60,4953.60,4858.00,4875.00
2008-05-27,4877.15,4932.00,4846.20,4859.80
2008-05-28,4862.70,4926.90,4835.65,4918.30
2008-05-29,4926.30,4957.40,4801.90,4835.30
2008-05-30,4844.05,4908.85,4833.45,4870.10
2008-06-02,4869.25,4908.80,4713.00,4739.60
2008-06-03,4739.30,4739.30,4634.00,4715.90
2008-06-04,4718.70,4731.50,4564.50,4585.60
2008-06-05,4586.95,4690.60,4536.25,4676.90
2008-06-06,4680.55,4746.30,4614.25,4627.80
2008-06-09,4626.45,4626.45,4411.60,4500.90
2008-06-10,4522.00,4522.55,4369.80,4449.80
2008-06-11,4469.65,4541.05,4468.05,4523.60
2008-06-12,4524.40,4550.00,4392.00,4539.30
2008-06-13,4539.50,4563.35,4491.35,4517.10
2008-06-16,4536.30,4617.70,4536.30,4572.50
2008-06-17,4572.50,4664.05,4561.75,4653.00
2008-06-18,4652.80,4679.75,4569.90,4582.40
2008-06-19,4582.55,4585.70,4488.95,4504.20
2008-06-20,4504.20,4532.00,4333.60,4347.50
2008-06-23,4351.15,4351.15,4225.50,4266.40
2008-06-24,4271.05,4305.90,4156.10,4191.10
2008-06-25,4189.60,4264.55,4093.20,4252.60
2008-06-26,4252.60,4324.75,4230.00,4315.80
2008-06-27,4315.30,4315.30,4119.20,4136.60
2008-06-30,4136.25,4163.00,4021.70,4040.50
2008-07-01,4039.75,4075.40,3878.20,3896.70
2008-07-02,3895.30,4107.15,3848.25,4093.30
2008-07-03,4094.60,4097.35,3874.85,3925.70
2008-07-04,3926.65,4033.50,3896.40,4016.00
2008-07-07,4002.00,4114.50,4002.00,4030.00
2008-07-08,4028.70,4028.70,3896.05,3988.50
2008-07-09,3990.90,4169.40,3990.90,4157.10
2008-07-10,4155.65,4187.95,4110.40,4162.20
2008-07-11,4166.00,4215.50,4014.45,4049.00
2008-07-14,4047.45,4118.10,4004.25,4039.70
2008-07-15,4039.30,4040.70,3835.50,3861.10
2008-07-16,3861.55,3920.05,3790.20,3816.70
2008-07-17,3823.15,3968.75,3823.15,3947.20
2008-07-18,3962.95,4110.55,3926.30,4092.20
2008-07-21,4092.20,4168.15,4072.75,4159.50
2008-07-22,4158.45,4262.45,4137.95,4240.10
2008-07-23,4246.70,4491.55,4246.70,4476.80
2008-07-24,4476.20,4539.45,4385.85,4433.50
2008-07-25,4440.85,4440.85,4297.15,4311.80
2008-07-28,4282.25,4352.65,4282.25,4332.10
2008-07-29,4332.20,4332.20,4159.15,4189.80
2008-07-30,4191.20,4327.00,4191.20,4313.50
2008-07-31,4314.35,4342.00,4285.55,4332.90
2008-08-01,4331.60,4422.95,4235.70,4413.50
2008-08-04,4426.10,4436.15,4362.90,4395.30
2008-08-05,4395.80,4515.15,4376.00,4502.80
2008-08-06,4506.25,4615.90,4503.90,4517.50
2008-08-07,4515.25,4580.15,4493.70,4523.80
2008-08-08,4518.35,4546.35,4464.00,4529.50
2008-08-11,4529.35,4625.20,4529.35,4620.40
2008-08-12,4620.95,4649.85,4525.75,4552.20
2008-08-13,4548.05,4572.65,4497.25,4529.00
2008-08-14,4524.20,4529.80,4421.25,4430.70
2008-08-18,4430.70,4447.40,4379.85,4393.00
2008-08-19,4393.10,4393.70,4316.55,4368.20
2008-08-20,4365.45,4434.90,4365.45,4415.70
2008-08-21,4416.20,4418.55,4271.30,4283.80
2008-08-22,4283.85,4337.00,4248.00,4327.40
2008-08-25,4317.95,4398.80,4317.95,4335.30
2008-08-26,4335.20,4345.05,4283.30,4337.50
2008-08-27,4336.85,4364.25,4282.65,4292.10
2008-08-28,4290.75,4304.50,4201.85,4214.00
2008-08-29,4230.60,4368.80,4230.60,4360.00
2008-09-01,4356.10,4365.00,4281.35,4348.60
2008-09-02,4358.85,4522.40,4343.10,4504.00
2008-09-04,4512.95,4514.60,4419.45,4447.70
2008-09-05,4444.70,4444.70,4328.90,4352.30
2008-09-08,4358.30,4558.00,4358.30,4482.30
2008-09-09,4485.15,4497.50,4418.95,4468.70
2008-09-10,4467.50,4467.50,4382.35,4400.20
2008-09-11,4397.25,4399.30,4272.75,4290.30
2008-09-12,4291.60,4323.90,4200.15,4228.40
2008-09-15,4231.95,4237.25,3955.40,4072.90
2008-09-16,4072.55,4090.10,3919.35,4074.90
2008-09-17,4074.80,4116.70,3974.60,4008.20
2008-09-18,4005.25,4050.10,3799.55,4038.10
2008-09-19,4040.80,4262.65,4040.80,4245.20
2008-09-22,4248.95,4303.25,4202.40,4223.00
2008-09-23,4223.90,4224.70,4117.90,4126.90
2008-09-24,4125.75,4207.95,4115.85,4161.20
2008-09-25,4162.15,4172.60,4077.50,4110.50
2008-09-26,4108.75,4110.70,3970.35,3985.20
2008-09-29,3990.20,3997.55,3777.30,3850.00
2008-09-30,3848.70,3966.85,3715.05,3921.20
2008-10-01,3921.85,4000.50,3861.25,3950.70
2008-10-03,3953.55,3969.55,3804.85,3818.30
2008-10-06,3817.30,3820.85,3581.60,3602.30
2008-10-07,3606.95,3732.65,3537.00,3606.60
2008-10-08,3604.40,3604.40,3329.45,3513.60
2008-10-10,3502.05,3502.05,3198.95,3279.90
2008-10-13,3272.90,3510.20,3272.90,3490.70
2008-10-14,3494.10,3648.25,3491.50,3518.60
2008-10-15,3517.90,3518.50,3324.55,3338.40
2008-10-16,3333.85,3333.85,3099.90,3269.30
2008-10-17,3269.05,3335.95,3046.60,3074.30
2008-10-20,3108.20,3238.40,3058.95,3122.80
2008-10-21,3125.40,3254.85,3117.35,3234.90
2008-10-22,3234.70,3235.75,3051.80,3065.10
2008-10-23,3064.80,3085.10,2917.15,2943.10
2008-10-24,2936.25,2936.25,2525.05,2584.00
2008-10-27,2583.75,2585.30,2252.75,2524.20
2008-10-28,2526.20,2695.95,2526.20,2684.60
2008-10-29,2685.30,2781.25,2631.90,2697.00
2008-10-31,2696.30,2921.35,2696.30,2885.60
2008-11-03,2885.40,3062.05,2885.40,3043.80
2008-11-04,3050.25,3152.30,2985.00,3142.10
2008-11-05,3155.75,3240.55,2971.00,2994.90
2008-11-06,2998.45,3007.80,2860.25,2892.60
2008-11-07,2893.25,3010.00,2860.10,2973.00
2008-11-10,2973.30,3161.25,2973.30,3148.20
2008-11-11,3147.20,3147.20,2919.45,2938.60
2008-11-12,2937.90,2975.20,2794.95,2848.40
2008-11-14,2848.00,2938.80,2778.80,2810.30
2008-11-17,2813.40,2835.70,2694.50,2799.50
2008-11-18,2802.45,2802.45,2664.30,2683.10
2008-11-19,2682.75,2772.40,2617.90,2635.00
2008-11-20,2634.20,2634.20,2502.90,2553.10
2008-11-21,2553.60,2718.60,2539.80,2693.40
2008-11-24,2690.85,2740.35,2633.80,2708.20
2008-11-25,2708.30,2790.70,2638.20,2654.00
2008-11-26,2652.45,2762.60,2643.35,2752.20
2008-11-28,2745.70,2779.00,2690.30,2755.10
2008-12-01,2755.15,2832.85,2669.50,2682.90
2008-12-02,2672.90,2672.90,2570.70,2657.80
2008-12-03,2657.50,2693.65,2611.95,2656.40
2008-12-04,2656.50,2793.80,2646.35,2788.00
2008-12-05,2786.65,2821.15,2701.35,2714.40
2008-12-08,2714.70,2861.55,2714.70,2784.00
2008-12-10,2785.70,2940.15,2785.70,2928.20
2008-12-11,2934.05,2945.30,2861.55,2920.10
2008-12-12,2915.35,2936.80,2812.55,2921.30
2008-12-15,2917.90,3012.10,2917.90,2981.20
2008-12-16,2983.60,3052.55,2963.30,3041.70
2008-12-17,3040.45,3076.20,2943.50,2954.30
2008-12-18,2955.35,3072.55,2922.65,3060.70
2008-12-19,3063.00,3106.80,3036.30,3077.50
2008-12-22,3077.25,3110.45,3027.80,3039.30
2008-12-23,3039.25,3040.00,2957.05,2968.60
2008-12-24,2967.40,2968.00,2900.45,2916.80
2008-12-26,2919.85,2960.95,2844.80,2857.20
2008-12-29,2857.15,2931.80,2812.90,2922.20
2008-12-30,2922.55,2999.15,2899.75,2979.50
2008-12-31,2979.80,3002.65,2937.35,2959.10
2009-01-01,2963.30,3039.25,2963.30,3033.40
2009-01-02,3034.60,3079.85,3021.80,3046.70
2009-01-05,3058.75,3131.95,3056.45,3121.40
2009-01-06,3121.50,3141.80,3056.10,3112.80
2009-01-07,3112.80,3147.20,2888.20,2920.40
2009-01-09,2919.95,2929.85,2810.25,2873.00
2009-01-12,2868.85,2869.20,2748.55,2773.10
2009-01-13,2775.00,2802.60,2720.80,2744.90
2009-01-14,2748.40,2853.25,2748.40,2835.30
2009-01-15,2832.30,2832.30,2701.75,2736.70
2009-01-16,2737.00,2835.65,2724.20,2828.40
2009-01-19,2828.70,2868.20,2819.90,2846.20
2009-01-20,2842.90,2842.90,2758.00,2796.60
2009-01-21,2777.40,2787.30,2690.20,2706.10
2009-01-22,2714.70,2744.85,2681.40,2713.80
2009-01-23,2705.45,2765.55,2661.65,2678.50
2009-01-27,2686.05,2777.30,2685.25,2771.30
2009-01-28,2771.10,2855.40,2765.60,2849.50
2009-01-29,2849.35,2873.85,2795.35,2823.90
2009-01-30,2824.05,2881.00,2774.10,2874.80
2009-02-02,2872.35,2873.45,2760.70,2766.60
2009-02-03,2773.50,2831.70,2752.90,2783.90
2009-02-04,2780.70,2842.20,2780.70,2803.00
2009-02-05,2802.75,2816.80,2754.85,2780.00
2009-02-06,2779.35,2852.50,2778.65,2843.10
2009-02-09,2843.05,2926.75,2840.15,2919.90
2009-02-10,2919.70,2957.40,2891.75,2934.50
2009-02-11,2933.00,2937.50,2877.60,2925.70
2009-02-12,2927.40,2939.00,2886.55,2893.00
2009-02-13,2896.95,2969.75,2896.85,2948.30
2009-02-16,2948.25,2953.20,2839.10,2848.50
2009-02-17,2853.85,2854.65,2757.30,2770.50
2009-02-18,2755.15,2806.50,2736.65,2776.10
2009-02-19,2776.70,2802.15,2767.60,2789.30
2009-02-20,2789.30,2789.30,2709.30,2736.40
2009-02-24,2737.25,2746.20,2677.55,2733.90
2009-02-25,2733.45,2789.35,2733.45,2762.50
2009-02-26,2762.20,2797.80,2731.90,2785.60
2009-02-27,2785.70,2787.20,2708.45,2763.60
2009-03-02,2764.60,2764.60,2659.55,2674.60
2009-03-03,2672.15,2688.50,2611.55,2622.40
2009-03-04,2611.95,2655.70,2611.95,2645.20
2009-03-05,2645.90,2663.90,2564.10,2576.70
2009-03-06,2576.75,2628.10,2539.45,2620.10
2009-03-09,2620.10,2621.25,2555.60,2573.10
2009-03-12,2574.50,2646.10,2574.50,2617.40
2009-03-13,2616.60,2726.15,2616.60,2719.20
2009-03-16,2716.05,2781.95,2701.95,2777.20
2009-03-17,2776.35,2805.60,2738.70,2757.40
2009-03-18,2757.65,2836.05,2752.25,2794.70
2009-03-19,2797.05,2822.25,2771.35,2807.10
2009-03-20,2807.35,2816.10,2773.65,2807.00
2009-03-23,2807.25,2949.75,2807.25,2939.90
2009-03-24,2923.80,3017.40,2914.50,2938.70
2009-03-25,2938.80,2996.50,2923.30,2984.30
2009-03-26,2982.25,3103.35,2982.25,3082.20
2009-03-27,3079.40,3123.35,3055.90,3108.60
2009-03-30,3108.75,3110.20,2962.40,2978.10
2009-03-31,2981.70,3054.30,2966.40,3020.90
2009-04-01,3023.85,3069.30,2965.70,3060.30
2009-04-02,3061.05,3228.75,3061.05,3211.00
2009-04-06,3211.35,3303.90,3211.35,3256.60
2009-04-08,3255.35,3357.05,3149.25,3342.90
2009-04-09,3346.00,3401.15,3307.05,3342.00
2009-04-13,3342.20,3417.80,3334.15,3382.60
2009-04-15,3381.45,3497.55,3311.80,3484.10
2009-04-16,3484.35,3511.25,3354.20,3369.50
2009-04-17,3369.50,3489.85,3359.25,3384.40
2009-04-20,3384.75,3441.10,3339.45,3377.10
2009-04-21,3376.85,3414.70,3309.35,3365.30
2009-04-22,3364.60,3401.10,3296.90,3330.30
2009-04-23,3330.50,3439.90,3310.50,3423.70
2009-04-24,3423.60,3491.35,3402.90,3480.70
2009-04-27,3481.30,3517.25,3435.30,3470.00
2009-04-28,3469.50,3471.95,3351.50,3362.30
2009-04-29,3371.65,3486.40,3366.70,3473.90
2009-05-04,3478.70,3664.50,3478.70,3654.00
2009-05-05,3664.50,3682.20,3618.75,3661.90
2009-05-06,3662.00,3717.05,3608.65,3625.00
2009-05-07,3617.15,3692.05,3617.15,3683.90
2009-05-08,3681.80,3711.25,3582.85,3620.70
2009-05-11,3615.75,3660.20,3534.55,3554.60
2009-05-12,3554.65,3691.65,3534.20,3681.10
2009-05-13,3668.75,3709.60,3610.20,3635.20
2009-05-14,3631.90,3631.90,3537.60,3593.40
2009-05-15,3597.85,3686.25,3597.85,3671.60
2009-05-18,3673.15,4384.30,3673.15,4323.10
2009-05-19,4324.95,4509.40,4167.65,4318.40
2009-05-20,4318.75,4362.85,4244.70,4270.30
2009-05-21,4270.35,4319.00,4199.20,4210.90
2009-05-22,4211.85,4249.50,4155.85,4238.50
2009-05-25,4238.10,4270.05,4205.10,4237.50
2009-05-26,4239.55,4256.05,4092.25,4116.70
2009-05-27,4117.30,4286.45,4115.25,4276.00
2009-05-28,4276.15,4354.85,4254.85,4337.10
2009-05-29,4340.75,4488.05,4340.75,4448.90
2009-06-01,4450.40,4545.40,4450.40,4529.90
2009-06-02,4530.45,4586.40,4451.30,4525.20
2009-06-03,4525.50,4574.90,4478.60,4530.70
2009-06-04,4530.30,4582.20,4453.45,4572.60
2009-06-05,4573.30,4636.85,4561.95,4586.90
2009-06-08,4582.35,4611.40,4404.65,4429.90
2009-06-09,4427.75,4562.45,4365.10,4550.90
2009-06-10,4551.70,4688.95,4551.70,4655.20
2009-06-11,4657.40,4679.55,4586.15,4637.70
2009-06-12,4637.55,4693.20,4566.15,4583.40
2009-06-15,4584.65,4601.05,4469.60,4484.00
2009-06-16,4478.10,4537.95,4405.95,4517.80
2009-06-17,4515.35,4517.80,4332.80,4356.10
2009-06-18,4352.95,4375.30,4222.15,4251.40
2009-06-19,4251.10,4326.20,4206.70,4313.60
2009-06-22,4314.20,4352.25,4221.90,4235.20
2009-06-23,4223.30,4267.45,4143.25,4247.00
2009-06-24,4247.30,4307.00,4218.25,4292.90
2009-06-25,4293.85,4337.95,4221.15,4241.80
2009-06-26,4243.95,4383.75,4243.95,4375.50
2009-06-29,4375.40,4439.95,4350.90,4390.90
2009-06-30,4391.50,4426.75,4267.35,4291.10
2009-07-01,4292.30,4362.30,4249.70,4340.90
2009-07-02,4373.50,4383.65,4288.75,4348.80
2009-07-03,4347.30,4434.45,4298.95,4424.20
2009-07-06,4429.60,4479.80,4133.70,4165.70
2009-07-07,4166.00,4231.80,4155.50,4202.10
2009-07-08,4201.85,4201.85,4061.10,4078.90
2009-07-09,4078.75,4114.90,4039.85,4080.90
2009-07-10,4081.40,4129.95,3976.80,4003.90
2009-07-13,4003.40,4003.40,3918.75,3974.00
2009-07-14,3974.10,4128.90,3974.10,4111.40
2009-07-15,4120.80,4249.55,4118.75,4233.50
2009-07-16,4223.50,4305.00,4205.50,4231.40
2009-07-17,4231.45,4390.40,4230.15,4374.90
2009-07-20,4377.90,4510.30,4377.90,4502.20
2009-07-21,4501.50,4524.00,4436.60,4469.10
2009-07-22,4469.30,4557.95,4380.45,4398.90
2009-07-23,4409.70,4532.40,4405.95,4523.70
2009-07-24,4524.80,4578.75,4504.85,4568.50
2009-07-27,4568.65,4596.75,4528.50,4572.30
2009-07-28,4572.80,4599.90,4529.15,4564.10
2009-07-29,4565.80,4573.85,4420.80,4513.50
2009-07-30,4513.10,4582.35,4474.50,4571.40
2009-07-31,4571.60,4669.75,4571.60,4636.40
2009-08-03,4633.80,4723.75,4617.75,4711.40
2009-08-04,4706.25,4731.45,4642.60,4680.50
2009-08-05,4680.95,4717.20,4629.85,4694.10
2009-08-06,4694.35,4718.15,4559.20,4585.50
2009-08-07,4591.90,4591.90,4463.95,4481.40
2009-08-10,4486.50,4562.50,4399.85,4437.60
2009-08-11,4435.00,4510.80,4398.90,4471.30
2009-08-12,4473.80,4473.80,4359.40,4457.50
2009-08-13,4458.55,4614.15,4458.55,4605.00
2009-08-14,4605.15,4619.00,4559.35,4580.00
2009-08-17,4578.80,4578.80,4374.60,4387.90
2009-08-18,4389.50,4491.45,4372.65,4458.90
2009-08-19,4457.75,4477.55,4353.45,4394.10
2009-08-20,4394.35,4492.80,4394.35,4453.40
2009-08-21,4453.45,4538.70,4400.90,4528.80
2009-08-24,4536.95,4656.30,4536.95,4642.80
2009-08-25,4641.65,4672.90,4582.50,4659.30
2009-08-26,4659.45,4697.80,4659.10,4680.80
2009-08-27,4679.00,4707.90,4645.15,4688.20
2009-08-28,4688.40,4743.75,4651.40,4732.30
2009-08-31,4730.85,4730.85,4635.00,4662.10
2009-09-01,4662.20,4735.90,4600.65,4625.30
2009-09-02,4624.00,4650.45,4576.60,4608.30
2009-09-03,4608.75,4647.35,4581.05,4593.50
2009-09-04,4608.70,4697.20,4580.35,4680.40
2009-09-07,4682.40,4790.00,4679.30,4782.90
2009-09-08,4782.85,4842.20,4782.65,4805.20
2009-09-09,4804.90,4825.05,4783.50,4814.20
2009-09-10,4814.35,4889.05,4807.90,4819.40
2009-09-11,4819.40,4856.15,4791.55,4829.50
2009-09-14,4830.35,4832.25,4786.25,4808.60
2009-09-15,4808.35,4899.45,4808.35,4892.10
2009-09-16,4894.65,4966.30,4894.65,4958.40
2009-09-17,4958.55,5003.05,4944.15,4965.50
2009-09-18,4963.95,4980.85,4931.90,4976.00
2009-09-22,4977.10,5036.30,4977.10,5020.20
2009-09-23,5019.95,5030.75,4957.05,4969.90
2009-09-24,4977.15,5016.70,4904.05,4986.50
2009-09-25,4985.10,4994.35,4931.25,4958.90
2009-09-29,4959.15,5020.25,4959.10,5006.80
2009-09-30,5007.65,5087.60,5004.35,5083.90
2009-10-01,5087.20,5110.50,5057.05,5083.40
2009-10-05,5076.05,5076.05,4991.95,5003.20
2009-10-06,5003.65,5034.70,4921.05,5027.40
2009-10-07,5031.70,5077.00,4972.95,4985.70
2009-10-08,5011.25,5043.05,4971.75,5002.20
2009-10-09,4993.00,5032.60,4934.55,4945.20
2009-10-12,4945.45,5068.05,4945.45,5054.20
2009-10-14,5054.35,5127.40,5054.35,5118.20
2009-10-15,5118.55,5152.25,5077.10,5108.80
2009-10-16,5108.65,5149.65,5093.20,5142.10
2009-10-17,5159.35,5176.80,5124.25,5141.80
2009-10-20,5145.60,5181.95,5102.65,5114.40
2009-10-21,5114.85,5117.45,5051.65,5063.60
2009-10-22,5063.35,5064.25,4968.45,4988.60
2009-10-23,4986.55,5054.95,4983.25,4997.00
2009-10-26,4997.15,5033.75,4961.35,4970.90
2009-10-27,4970.55,4970.55,4829.50,4846.70
2009-10-28,4846.55,4867.00,4784.10,4826.10
2009-10-29,4826.10,4826.10,4738.40,4750.50
2009-10-30,4751.10,4853.65,4687.50,4711.70
2009-11-03,4712.25,4729.85,4538.50,4563.90
2009-11-04,4567.30,4717.80,4565.00,4710.80
2009-11-05,4711.65,4776.35,4610.60,4765.50
2009-11-06,4767.50,4836.20,4764.85,4796.10
2009-11-09,4796.15,4905.25,4789.90,4898.40
2009-11-10,4898.90,4947.70,4860.10,4881.70
2009-11-11,4882.30,5016.70,4870.05,5003.90
2009-11-12,5004.40,5014.40,4924.75,4952.60
2009-11-13,4952.35,5017.90,4942.65,4998.90
2009-11-16,4996.50,5073.20,4994.00,5058.00
2009-11-17,5058.95,5074.00,5010.15,5062.20
2009-11-18,5061.50,5079.30,5041.65,5054.70
2009-11-19,5043.95,5053.45,4963.70,4989.00
2009-11-20,4988.75,5063.30,4932.80,5052.40
2009-11-23,5052.95,5113.10,5052.10,5103.50
2009-11-24,5105.00,5112.85,5053.50,5090.50
2009-11-25,5091.55,5138.00,5078.35,5108.10
2009-11-26,5116.45,5116.45,4986.05,5005.50
2009-11-27,5005.05,5005.05,4806.70,4941.70
2009-11-30,4942.25,5066.35,4942.25,5032.70
2009-12-01,5039.70,5130.35,5038.85,5122.00
2009-12-02,5122.75,5161.75,5111.75,5123.20
2009-12-03,5124.55,5181.00,5106.60,5131.70
2009-12-04,5131.70,5161.80,5081.85,5108.90
2009-12-07,5108.85,5131.30,5051.55,5066.70
2009-12-08,5068.55,5152.55,5058.90,5147.90
2009-12-09,5147.65,5147.65,5090.60,5112.00
2009-12-10,5112.40,5146.45,5084.65,5134.60
2009-12-11,5136.05,5182.55,5088.40,5117.30
2009-12-14,5117.45,5156.70,5090.15,5105.70
2009-12-15,5105.75,5129.45,5018.25,5033.00
2009-12-16,5032.95,5067.25,5001.80,5042.00
2009-12-17,5046.65,5064.20,5013.15,5041.70
2009-12-18,5042.00,5043.40,4979.05,4987.70
2009-12-21,4983.65,4997.85,4943.95,4952.60
2009-12-22,4953.35,4997.30,4953.35,4985.80
2009-12-23,4990.05,5150.60,4990.05,5144.60
2009-12-24,5144.80,5197.90,5129.05,5178.40
2009-12-29,5180.75,5214.60,5175.85,5187.90
2009-12-30,5188.75,5197.05,5160.10,5169.40
2009-12-31,5171.20,5221.85,5168.75,5201.00
2010-01-04,5200.90,5238.45,5167.10,5232.20
2010-01-05,5277.15,5288.35,5242.40,5277.90
2010-01-06,5278.15,5310.85,5260.05,5281.80
2010-01-07,5281.80,5302.55,5244.75,5263.10
2010-01-08,5264.25,5276.75,5234.70,5244.70
2010-01-11,5263.80,5287.20,5227.80,5249.40
2010-01-12,5251.10,5300.50,5200.95,5210.40
2010-01-13,5212.60,5239.20,5169.55,5233.90
2010-01-14,5234.50,5272.85,5232.50,5259.90
2010-01-15,5259.90,5279.85,5242.45,5252.20
2010-01-18,5253.65,5292.50,5228.95,5274.80
2010-01-19,5274.20,5287.80,5218.65,5225.60
2010-01-20,5226.10,5256.70,5201.40,5221.70
2010-01-21,5220.20,5220.35,5085.45,5094.10
2010-01-22,5094.15,5094.15,4954.85,5036.00
2010-01-25,5034.55,5035.70,4983.05,5007.90
2010-01-27,5008.50,5008.50,4833.05,4853.10
2010-01-28,4863.00,4929.90,4824.95,4867.20
2010-01-29,4866.15,4893.70,4766.00,4882.00
2010-02-01,4882.05,4918.80,4827.15,4899.70
2010-02-02,4907.85,4951.15,4814.10,4830.10
2010-02-03,4831.00,4949.15,4831.00,4931.80
2010-02-04,4931.30,4931.30,4832.35,4845.30
2010-02-05,4819.65,4827.00,4692.35,4718.60
2010-02-06,4712.75,4768.15,4712.75,4757.20
2010-02-08,4755.35,4799.05,4675.40,4760.40
2010-02-09,4760.55,4810.40,4739.35,4792.60
2010-02-10,4793.00,4826.85,4748.10,4757.20
2010-02-11,4757.25,4843.80,4757.25,4826.80
2010-02-15,4827.90,4845.60,4783.90,4801.90
2010-02-16,4801.80,4880.00,4791.35,4855.70
2010-02-17,4858.65,4929.70,4857.60,4914.00
2010-02-18,4915.10,4922.05,4873.70,4887.70
2010-02-19,4887.30,4887.30,4805.55,4844.90
2010-02-22,4849.35,4912.05,4845.90,4856.40
2010-02-23,4856.60,4884.10,4833.15,4870.00
2010-02-24,4869.55,4880.55,4834.65,4858.60
2010-02-25,4859.00,4880.15,4835.60,4859.70
2010-02-26,4858.50,4992.00,4858.45,4922.30
2010-03-02,4935.60,5029.45,4935.35,5017.00
2010-03-03,5015.80,5093.25,5015.10,5088.10
2010-03-04,5096.95,5096.95,5049.00,5080.20
2010-03-05,5080.55,5118.65,5068.05,5088.70
2010-03-08,5092.15,5147.10,5092.15,5124.00
2010-03-09,5121.05,5131.80,5094.35,5101.50
2010-03-10,5101.60,5137.40,5092.05,5116.20
2010-03-11,5116.35,5152.60,5102.10,5133.40
2010-03-12,5131.80,5158.10,5122.10,5137.00
2010-03-15,5134.45,5151.05,5101.20,5128.90
2010-03-16,5128.95,5209.25,5125.70,5198.10
2010-03-17,5198.45,5260.50,5177.15,5231.90
2010-03-18,5232.55,5255.65,5214.40,5245.90
2010-03-19,5246.80,5269.95,5237.10,5262.80
2010-03-22,5260.95,5260.95,5187.05,5205.20
2010-03-23,5205.85,5243.60,5193.40,5225.30
2010-03-25,5225.30,5267.30,5202.95,5260.40
2010-03-26,5260.55,5293.75,5260.55,5282.00
2010-03-29,5283.90,5329.55,5242.15,5302.80
2010-03-30,5302.95,5325.00,5251.35,5262.40
2010-03-31,5260.40,5293.90,5235.15,5249.10
2010-04-01,5249.20,5298.60,5249.20,5290.50
2010-04-05,5291.40,5377.55,5291.40,5368.40
2010-04-06,5369.65,5388.65,5351.70,5366.00
2010-04-07,5365.70,5399.65,5345.05,5374.60
2010-04-08,5376.30,5383.65,5290.25,5304.40
2010-04-09,5302.40,5377.45,5302.25,5361.70
2010-04-12,5354.15,5382.15,5324.90,5339.70
2010-04-13,5340.85,5356.50,5301.70,5322.90
2010-04-15,5323.30,5373.15,5265.30,5273.60
2010-04-16,5273.40,5283.05,5237.55,5262.60
2010-04-19,5279.05,5279.05,5160.90,5203.60
2010-04-20,5208.30,5257.25,5208.30,5230.10
2010-04-21,5230.30,5266.30,5230.30,5244.90
2010-04-22,5248.60,5331.80,5221.10,5269.30
2010-04-23,5269.65,5311.05,5269.65,5304.10
2010-04-26,5299.35,5342.35,5299.35,5322.40
2010-04-27,5322.10,5330.55,5301.40,5308.30
2010-04-28,5308.20,5308.25,5202.45,5215.40
2010-04-29,5215.25,5264.75,5214.80,5254.10
2010-04-30,5254.20,5294.80,5254.20,5278.00
2010-05-03,5278.40,5278.70,5210.05,5222.70
2010-05-04,5223.90,5250.15,5134.85,5148.50
2010-05-05,5148.35,5148.35,5056.50,5124.90
2010-05-06,5124.40,5124.90,5037.75,5090.80
2010-05-07,5072.30,5085.65,4984.60,5018.00
2010-05-10,5026.60,5203.30,5026.60,5193.60
2010-05-11,5189.75,5206.70,5126.50,5136.10
2010-05-12,5133.75,5172.85,5098.80,5156.60
2010-05-13,5157.55,5212.70,5147.95,5178.90
2010-05-14,5180.55,5192.75,5070.95,5093.50
2010-05-17,5093.90,5094.55,4966.25,5059.90
2010-05-18,5059.55,5105.20,5024.25,5066.20
2010-05-19,5065.10,5065.10,4908.15,4919.60
2010-05-20,4924.30,4980.25,4924.30,4947.60
2010-05-21,4946.70,4946.70,4842.30,4931.10
2010-05-24,4944.30,5029.55,4923.45,4943.90
2010-05-25,4945.30,4946.60,4786.45,4806.70
2010-05-26,4807.30,4925.45,4807.30,4917.40
2010-05-27,4915.15,5016.60,4897.60,5003.10
2010-05-28,5005.60,5077.25,5005.60,5066.50
2010-05-31,5076.10,5097.60,5038.55,5086.30
2010-06-01,5086.25,5086.95,4961.05,4970.20
2010-06-02,4970.75,5031.20,4967.05,5019.80
2010-06-03,5020.15,5125.70,5020.15,5110.50
2010-06-04,5112.60,5147.90,5091.60,5135.50
2010-06-07,5132.95,5132.95,5004.25,5034.00
2010-06-08,5036.70,5071.35,4967.30,4987.10
2010-06-09,4985.05,5050.60,4980.10,5000.30
2010-06-10,4999.60,5085.20,4997.60,5078.60
2010-06-11,5078.75,5139.05,5078.75,5119.30
2010-06-14,5120.15,5201.25,5120.15,5197.70
2010-06-15,5201.30,5231.45,5171.05,5222.30
2010-06-16,5225.05,5255.65,5214.90,5233.30
2010-06-17,5233.65,5285.55,5206.55,5274.80
2010-06-18,5274.95,5302.30,5245.50,5262.60
2010-06-21,5266.50,5366.75,5266.50,5353.30
2010-06-22,5353.95,5354.35,5311.05,5316.50
2010-06-23,5316.15,5333.30,5288.15,5323.10
2010-06-24,5323.25,5348.30,5284.55,5320.60
2010-06-25,5320.50,5320.50,5259.90,5269.00
2010-06-28,5271.10,5339.45,5270.75,5333.50
2010-06-29,5333.55,5334.15,5235.80,5256.10
2010-06-30,5254.25,5320.35,5210.00,5312.50
2010-07-01,5312.05,5312.55,5232.10,5251.40
2010-07-02,5251.25,5277.25,5225.60,5237.10
2010-07-05,5237.00,5252.75,5225.85,5235.90
2010-07-06,5236.10,5297.45,5231.50,5289.00
2010-07-07,5293.10,5296.75,5233.45,5241.10
2010-07-08,5242.00,5320.50,5242.00,5296.80
2010-07-09,5297.20,5359.05,5297.20,5352.40
2010-07-12,5352.25,5402.70,5351.60,5383.00
2010-07-13,5370.20,5406.20,5357.85,5400.60
2010-07-14,5402.00,5453.45,5371.70,5386.10
2010-07-15,5387.10,5399.20,5360.60,5378.70
2010-07-16,5376.65,5401.35,5374.40,5393.90
2010-07-19,5392.70,5409.10,5361.50,5386.40
2010-07-20,5387.00,5416.45,5353.60,5368.00
2010-07-21,5368.85,5409.10,5368.85,5399.30
2010-07-22,5399.15,5447.15,5372.20,5441.90
2010-07-23,5441.90,5477.50,5435.15,5449.10
2010-07-26,5446.55,5466.25,5409.20,5418.60
2010-07-27,5420.20,5450.95,5407.20,5430.60
2010-07-28,5436.10,5447.85,5386.25,5397.50
2010-07-29,5397.85,5415.85,5381.55,5408.90
2010-07-30,5408.40,5413.25,5349.20,5367.60
2010-08-02,5369.55,5438.85,5351.30,5431.60
2010-08-03,5432.50,5459.20,5426.40,5439.50
2010-08-04,5441.35,5481.90,5428.40,5467.80
2010-08-05,5470.15,5487.15,5443.10,5447.10
2010-08-06,5448.25,5471.90,5431.35,5439.20
2010-08-09,5439.80,5492.30,5433.25,5486.10
2010-08-10,5486.80,5491.45,5445.35,5460.70
2010-08-11,5460.70,5474.60,5412.00,5420.60
2010-08-12,5418.70,5431.10,5372.45,5416.40
2010-08-13,5420.65,5476.50,5415.50,5452.10
2010-08-16,5452.10,5465.25,5397.40,5418.30
2010-08-17,5422.15,5443.55,5408.80,5414.10
2010-08-18,5416.25,5487.95,5416.25,5479.10
2010-08-19,5478.25,5544.70,5478.10,5540.20
2010-08-20,5540.80,5546.60,5513.35,5530.60
2010-08-23,5531.15,5549.80,5519.40,5543.50
2010-08-24,5541.10,5547.25,5488.45,5505.10
2010-08-25,5505.30,5506.15,5452.55,5462.30
2010-08-26,5462.10,5486.55,5454.70,5477.90
2010-08-27,5489.60,5495.20,5391.95,5408.70
2010-08-30,5408.90,5469.00,5390.35,5415.40
2010-08-31,5413.55,5413.90,5348.90,5402.40
2010-09-01,5403.05,5478.60,5403.05,5471.80
2010-09-02,5471.90,5513.95,5471.85,5486.10
2010-09-03,5486.30,5510.40,5473.65,5479.40
2010-09-06,5479.55,5589.40,5479.55,5576.90
2010-09-07,5575.90,5625.50,5571.65,5604.00
2010-09-08,5604.25,5625.30,5567.75,5607.80
2010-09-09,5608.30,5647.45,5608.10,5640.00
2010-09-13,5639.20,5770.60,5639.20,5760.00
2010-09-14,5760.30,5838.45,5760.30,5795.50
2010-09-15,5795.25,5869.45,5792.20,5860.90
2010-09-16,5861.10,5901.65,5815.80,5828.70
2010-09-17,5828.70,5898.40,5828.70,5884.90
2010-09-20,5885.05,5989.50,5885.05,5980.40
2010-09-21,5980.50,6032.80,5961.85,6009.00
2010-09-22,6008.40,6037.40,5946.45,5991.00
2010-09-23,5991.05,6006.80,5932.40,5959.50
2010-09-24,5959.45,6029.10,5951.20,6018.30
2010-09-27,6018.30,6073.50,6018.30,6035.60
2010-09-28,6036.05,6049.80,5991.30,6029.50
2010-09-29,6029.15,6071.55,5979.65,5991.30
2010-09-30,5991.35,6048.45,5963.60,6029.90
2010-10-01,6030.30,6153.10,6030.30,6143.40
2010-10-04,6144.70,6222.10,6144.70,6159.40
2010-10-05,6159.45,6188.35,6118.05,6145.80
2010-10-06,6150.95,6223.40,6148.60,6186.40
2010-10-07,6186.85,6199.45,6107.50,6120.30
2010-10-08,6121.40,6148.60,6067.00,6103.40
2010-10-11,6105.95,6187.75,6105.95,6135.80
2010-10-12,6135.95,6144.95,6057.95,6090.90
2010-10-13,6091.45,6240.25,6089.75,6233.90
2010-10-14,6234.30,6284.10,6157.90,6177.30
2010-10-15,6175.90,6200.60,6050.35,6062.60
2010-10-18,6112.75,6115.10,5985.10,6075.90
2010-10-19,6114.45,6127.05,6008.15,6027.30
2010-10-20,6002.95,6038.10,5966.75,5982.10
2010-10-21,6008.90,6113.50,5984.90,6101.50
2010-10-22,6113.40,6121.10,6041.35,6066.00
2010-10-25,6101.25,6151.30,6094.60,6105.80
2010-10-26,6116.30,6120.25,6074.65,6082.00
2010-10-27,6075.45,6075.95,5987.55,6012.60
2010-10-28,6039.95,6071.10,5968.10,5987.70
2010-10-29,6021.15,6032.65,5937.10,6017.70
2010-11-01,6092.30,6132.40,6084.75,6117.50
2010-11-02,6127.55,6138.10,6094.40,6119.00
2010-11-03,6150.60,6182.50,6146.80,6160.50
2010-11-04,6209.60,6290.15,6199.35,6281.80
2010-11-05,6321.85,6338.50,6303.10,6312.40
2010-11-08,6335.25,6335.90,6265.35,6273.20
2010-11-09,6281.00,6310.90,6243.55,6301.50
2010-11-10,6303.20,6307.65,6269.25,6275.70
2010-11-11,6286.35,6296.55,6179.50,6194.20
2010-11-12,6182.30,6202.50,6056.75,6071.60
2010-11-15,6079.90,6128.75,6039.40,6121.60
2010-11-16,6143.45,6144.05,5970.60,5988.70
2010-11-18,6075.95,6076.20,5906.75,5998.80
2010-11-19,6011.30,6013.25,5863.95,5890.30
2010-11-22,5920.90,6020.25,5905.15,6010.00
2010-11-23,5971.55,5973.35,5824.95,5934.70
2010-11-24,5946.80,5976.65,5833.60,5865.70
2010-11-25,5883.95,5907.10,5780.35,5799.70
2010-11-26,5828.55,5838.50,5690.35,5751.90
2010-11-29,5789.95,5843.15,5754.70,5830.00
2010-11-30,5811.60,5892.25,5768.35,5862.70
2010-12-01,5871.00,5971.00,5865.55,5960.90
2010-12-02,6023.05,6029.50,5980.60,6011.70
2010-12-03,6013.35,6025.40,5964.25,5992.80
2010-12-06,6033.65,6069.45,5981.70,5992.20
2010-12-07,5995.05,6001.00,5939.70,5976.50
2010-12-08,5954.40,5960.00,5878.60,5903.70
2010-12-09,5924.25,5927.30,5742.30,5766.50
2010-12-10,5761.00,5865.50,5721.15,5857.30
2010-12-13,5882.65,5913.80,5795.90,5907.60
2010-12-14,5928.70,5953.95,5888.75,5944.10
2010-12-15,5931.15,5942.75,5865.80,5892.30
2010-12-16,5910.55,5956.15,5855.05,5948.70
2010-12-20,5926.85,5985.00,5900.25,5947.00
2010-12-21,5960.40,6007.45,5960.05,6000.60
2010-12-22,6019.00,6023.80,5958.00,5984.40
2010-12-23,6005.90,6006.45,5964.60,5980.00
2010-12-24,5940.25,6017.35,5940.25,6011.60
2010-12-27,6013.30,6045.75,5991.10,5998.10
2010-12-28,6005.35,6010.90,5982.25,5996.00
2010-12-29,6005.15,6067.55,6002.85,6060.30
2010-12-30,6062.35,6106.40,6062.35,6101.80
2010-12-31,6105.10,6147.30,6103.55,6134.50
2011-01-03,6177.45,6178.55,6147.20,6157.60
2011-01-04,6172.75,6181.05,6124.40,6146.30
2011-01-05,6141.35,6141.35,6062.35,6079.80
2011-01-06,6107.00,6116.15,6022.30,6048.20
2011-01-07,6030.90,6051.20,5883.60,5904.60
2011-01-10,5901.30,5907.25,5740.95,5762.80
2011-01-11,5767.95,5842.60,5698.20,5754.10
2011-01-12,5800.05,5874.20,5711.30,5863.20
2011-01-13,5850.75,5857.75,5736.70,5751.90
2011-01-14,5752.10,5833.65,5639.65,5654.50
2011-01-17,5648.80,5696.15,5624.15,5654.70
2011-01-18,5682.55,5730.50,5671.25,5724.00
2011-01-19,5737.35,5747.65,5662.55,5691.00
2011-01-20,5656.00,5729.45,5634.50,5711.60
2011-01-21,5692.05,5717.55,5674.50,5696.50
2011-01-24,5717.10,5756.00,5697.75,5743.20
2011-01-25,5763.30,5801.55,5680.65,5687.40
2011-01-27,5725.30,5726.10,5594.95,5604.30
2011-01-28,5614.00,5614.40,5459.55,5512.10
2011-01-31,5452.55,5526.85,5416.65,5505.90
2011-02-01,5537.30,5539.15,5402.00,5417.20
2011-02-02,5469.55,5490.60,5415.65,5432.00
2011-02-03,5430.45,5532.65,5418.00,5526.70
2011-02-04,5519.90,5556.30,5369.05,5395.70
2011-02-07,5430.15,5440.35,5376.95,5396.00
2011-02-08,5432.35,5432.35,5303.40,5312.50
2011-02-09,5293.05,5339.45,5225.65,5253.50
2011-02-10,5246.05,5272.60,5196.80,5225.80
2011-02-11,5219.65,5319.45,5177.70,5310.00
2011-02-14,5340.25,5463.80,5340.25,5456.00
2011-02-15,5467.75,5506.50,5408.35,5481.00
2011-02-16,5467.60,5504.80,5460.35,5481.70
2011-02-17,5501.70,5553.00,5463.40,5546.40
2011-02-18,5557.55,5599.25,5441.95,5458.90
2011-02-21,5456.60,5526.25,5413.10,5518.60
2011-02-22,5504.40,5519.45,5437.30,5469.20
2011-02-23,5452.45,5495.20,5427.55,5437.30
2011-02-24,5408.75,5423.40,5242.50,5262.70
2011-02-25,5321.05,5338.20,5232.75,5303.50
2011-02-28,5330.15,5477.00,5308.60,5333.20
2011-03-01,5382.00,5533.05,5373.55,5522.30
2011-03-03,5478.45,5570.75,5468.25,5536.20
2011-03-04,5586.20,5608.20,5524.10,5538.70
2011-03-07,5490.05,5491.25,5408.45,5463.10
2011-03-08,5466.10,5530.55,5464.75,5520.80
2011-03-09,5542.40,5563.30,5477.45,5531.00
2011-03-10,5516.10,5516.30,5468.45,5494.40
2011-03-11,5456.15,5502.70,5411.55,5445.40
2011-03-14,5436.50,5537.30,5434.25,5531.50
2011-03-15,5420.00,5497.85,5373.65,5449.60
2011-03-16,5475.95,5535.10,5475.95,5511.10
2011-03-17,5455.40,5510.05,5435.30,5446.60
2011-03-18,5475.35,5483.05,5366.40,5373.70
2011-03-21,5408.75,5413.30,5348.20,5364.70
2011-03-22,5390.85,5428.15,5376.15,5413.80
2011-03-23,5411.40,5484.95,5401.95,5480.20
2011-03-24,5501.80,5529.00,5496.10,5522.40
2011-03-25,5588.65,5667.10,5560.95,5654.20
2011-03-28,5645.25,5709.10,5643.20,5687.20
2011-03-29,5686.50,5770.35,5680.70,5736.30
2011-03-30,5755.80,5803.15,5753.90,5787.60
2011-03-31,5803.05,5872.00,5778.65,5833.70
2011-04-01,5835.00,5860.20,5810.40,5826.00
2011-04-04,5842.00,5918.70,5833.20,5908.40
2011-04-05,5923.85,5928.65,5855.85,5910.00
2011-04-06,5908.00,5944.45,5868.80,5891.70
2011-04-07,5888.55,5906.10,5866.25,5885.70
2011-04-08,5886.75,5926.95,5822.00,5842.00
2011-04-11,5805.35,5830.30,5777.90,5785.70
2011-04-13,5747.95,5923.60,5735.55,5911.50
2011-04-15,5898.75,5907.35,5806.45,5824.50
2011-04-18,5824.35,5897.90,5722.25,5729.10
2011-04-19,5716.00,5762.95,5693.25,5740.70
2011-04-20,5786.05,5857.35,5759.65,5851.60
2011-04-21,5882.85,5912.90,5864.35,5884.70
2011-04-25,5859.60,5906.60,5857.00,5874.50
2011-04-26,5876.85,5893.20,5791.55,5868.40
2011-04-27,5884.20,5892.35,5819.95,5833.90
2011-04-28,5851.35,5856.40,5776.95,5785.40
2011-04-29,5782.50,5804.30,5706.05,5749.50
2011-05-02,5766.90,5775.25,5687.70,5701.30
2011-05-03,5689.70,5710.80,5554.85,5565.20
2011-05-04,5567.70,5578.80,5503.00,5537.10
2011-05-05,5531.60,5560.30,5443.65,5459.80
2011-05-06,5477.65,5564.40,5472.45,5551.40
2011-05-09,5575.20,5586.05,5502.40,5551.10
2011-05-10,5555.55,5592.90,5514.55,5541.20
2011-05-11,5547.20,5574.70,5525.00,5565.00
2011-05-12,5537.80,5572.50,5476.30,5486.10
2011-05-13,5492.35,5605.00,5472.15,5544.70
2011-05-16,5541.70,5541.80,5487.65,5499.00
2011-05-17,5496.10,5523.85,5421.05,5438.90
2011-05-18,5448.20,5460.50,5401.25,5420.60
2011-05-19,5448.15,5452.60,5411.25,5428.10
2011-05-20,5450.65,5517.55,5432.75,5486.30
2011-05-23,5456.70,5456.70,5373.00,5386.50
2011-05-24,5385.10,5422.60,5367.45,5394.80
2011-05-25,5389.10,5389.10,5328.70,5348.90
2011-05-26,5372.75,5422.20,5356.35,5412.30
2011-05-27,5413.70,5485.80,5413.60,5476.10
2011-05-30,5493.75,5509.30,5458.60,5473.10
2011-05-31,5492.00,5571.60,5489.70,5560.10
2011-06-01,5561.05,5597.35,5559.45,5592.00
2011-06-02,5529.90,5568.20,5521.95,5550.30
2011-06-03,5565.70,5604.95,5507.20,5516.70
2011-06-06,5504.30,5542.65,5479.85,5532.00
2011-06-07,5509.15,5570.10,5507.80,5556.10
2011-06-08,5535.25,5556.60,5514.90,5526.80
2011-06-09,5523.55,5540.10,5502.05,5521.00
2011-06-10,5518.05,5521.45,5457.45,5485.80
2011-06-13,5469.85,5496.70,5436.95,5482.80
2011-06-14,5485.60,5520.15,5484.20,5500.50
2011-06-15,5494.45,5499.35,5438.95,5447.50
2011-06-16,5419.65,5447.50,5389.80,5396.70
2011-06-17,5412.50,5421.15,5355.85,5366.40
2011-06-20,5372.20,5377.40,5195.90,5257.90
2011-06-21,5280.80,5322.45,5257.00,5275.80
2011-06-22,5304.65,5310.50,5262.50,5278.30
2011-06-23,5269.10,5330.60,5252.25,5320.00
2011-06-24,5343.40,5477.85,5343.40,5471.20
2011-06-27,5441.20,5552.65,5434.25,5526.60
2011-06-28,5548.85,5558.30,5496.35,5545.30
2011-06-29,5566.50,5608.65,5566.50,5600.40
2011-06-30,5614.50,5657.90,5606.10,5647.40
2011-07-01,5705.75,5705.80,5609.75,5627.20
2011-07-04,5679.55,5679.65,5633.10,5650.50
2011-07-05,5659.85,5659.85,5612.30,5632.10
2011-07-06,5622.70,5655.40,5610.75,5625.40
2011-07-07,5633.35,5737.15,5632.95,5728.90
2011-07-08,5734.65,5740.40,5651.05,5660.60
2011-07-11,5648.05,5652.90,5601.70,5616.10
2011-07-12,5556.90,5580.25,5496.95,5526.10
2011-07-13,5542.05,5596.15,5541.40,5585.40
2011-07-14,5569.00,5653.95,5541.70,5599.80
2011-07-15,5602.95,5631.70,5562.75,5581.10
2011-07-18,5581.75,5596.60,5550.95,5567.00
2011-07-19,5569.85,5627.65,5557.20,5613.50
2011-07-20,5642.05,5645.40,5555.10,5567.00
2011-07-21,5554.60,5578.90,5532.70,5541.60
2011-07-22,5576.95,5642.20,5567.10,5633.90
2011-07-25,5633.80,5700.55,5616.70,5680.30
2011-07-26,5688.45,5702.25,5560.15,5574.80
2011-07-27,5588.55,5591.70,5521.50,5546.80
2011-07-28,5492.40,5512.10,5475.65,5487.70
2011-07-29,5479.00,5520.30,5453.95,5482.00
2011-08-01,5527.50,5551.90,5486.45,5516.80
2011-08-02,5493.20,5496.30,5433.65,5456.50
2011-08-03,5402.00,5422.60,5378.85,5404.80
2011-08-04,5412.40,5434.50,5323.15,5331.80
2011-08-05,5204.35,5229.65,5116.45,5211.20
2011-08-08,5083.85,5204.20,5054.05,5118.50
2011-08-09,4947.90,5167.00,4946.45,5072.80
2011-08-10,5196.55,5197.95,5123.35,5161.00
2011-08-11,5128.00,5184.95,5121.00,5138.30
2011-08-12,5194.40,5194.45,5053.35,5072.90
2011-08-16,5125.75,5132.20,5015.40,5035.80
2011-08-17,5030.30,5112.15,5017.25,5056.60
2011-08-18,5077.95,5078.60,4932.15,4944.10
2011-08-19,4859.30,4893.60,4796.10,4845.60
2011-08-22,4843.70,4910.05,4808.75,4898.80
2011-08-23,4925.15,4965.80,4863.80,4948.90
2011-08-24,4934.35,4962.40,4875.30,4888.90
2011-08-25,4914.65,4915.85,4825.05,4839.60
2011-08-26,4839.25,4872.00,4720.00,4747.80
2011-08-29,4806.20,4934.40,4806.05,4919.60
2011-08-30,4973.25,5016.25,4927.55,5001.00
2011-09-02,5109.80,5113.70,4993.35,5040.00
2011-09-05,4998.90,5030.30,4964.45,5017.20
2011-09-06,4993.35,5072.90,4942.90,5064.30
2011-09-07,5080.15,5154.50,5076.30,5124.60
2011-09-08,5139.20,5169.25,5098.25,5153.20
2011-09-09,5161.30,5163.75,5046.80,5059.40
2011-09-12,4981.70,4985.60,4911.25,4946.80
2011-09-13,4977.80,5030.15,4911.05,4940.90
2011-09-14,4965.05,5026.15,4917.40,5012.50
2011-09-15,5062.35,5091.45,4967.45,5075.70
2011-09-16,5123.35,5143.60,5068.10,5084.20
2011-09-19,5068.40,5068.40,5019.25,5031.90
2011-09-20,5042.55,5149.90,5035.25,5140.20
2011-09-21,5153.75,5168.40,5109.85,5133.20
2011-09-22,5054.45,5059.85,4907.75,4923.60
2011-09-23,4873.75,4930.25,4829.60,4867.70
2011-09-26,4878.60,4879.80,4758.85,4835.40
2011-09-27,4905.15,4982.95,4905.15,4971.20
2011-09-28,5005.50,5006.05,4918.45,4945.90
2011-09-29,4924.20,5034.25,4906.00,5015.40
2011-09-30,4990.15,5025.55,4924.30,4943.20
2011-10-03,4874.40,4879.15,4823.90,4849.50
2011-10-04,4823.50,4869.75,4728.30,4772.10
2011-10-05,4791.30,4827.80,4741.00,4751.30
2011-10-07,4883.65,4922.60,4861.20,4888.00
2011-10-10,4886.85,4991.15,4882.05,4979.60
2011-10-11,5019.90,5045.10,4964.00,4974.30
2011-10-12,5011.20,5109.80,4997.65,5099.40
2011-10-13,5130.80,5136.95,5067.65,5077.80
2011-10-14,5057.35,5141.40,5056.60,5132.30
2011-10-17,5156.20,5160.20,5084.50,5118.20
2011-10-18,5049.45,5057.50,5011.05,5037.50
2011-10-19,5080.45,5148.05,5075.30,5139.10
2011-10-20,5086.55,5099.00,5033.95,5091.90
2011-10-21,5106.60,5120.75,5037.95,5049.90
2011-10-24,5114.70,5145.65,5084.75,5098.30
2011-10-25,5137.90,5211.00,5085.55,5191.60
2011-10-26,5214.95,5219.25,5196.15,5201.80
2011-10-28,5341.90,5399.70,5322.80,5360.70
2011-10-31,5358.90,5360.25,5314.60,5326.60
2011-11-01,5278.60,5310.85,5238.30,5257.90
2011-11-02,5216.75,5300.10,5204.95,5258.40
2011-11-03,5241.55,5281.60,5201.85,5265.70
2011-11-04,5325.40,5326.45,5256.80,5284.20
2011-11-08,5292.25,5304.25,5252.00,5289.30
2011-11-09,5309.70,5317.50,5211.75,5221.00
2011-11-11,5159.75,5198.60,5142.25,5168.80
2011-11-14,5217.35,5228.90,5140.55,5148.30
2011-11-15,5131.20,5158.75,5052.85,5068.50
2011-11-16,5059.10,5065.20,4989.50,5030.40
2011-11-17,5027.10,5036.80,4919.45,4934.70
2011-11-18,4899.15,4915.90,4837.95,4905.80
2011-11-21,4873.80,4873.80,4764.80,4778.30
2011-11-22,4794.85,4854.00,4782.55,4812.30
2011-11-23,4779.50,4779.50,4640.95,4706.40
2011-11-24,4707.55,4771.10,4639.10,4756.40
2011-11-25,4731.30,4767.30,4693.10,4710.00
2011-11-28,4769.30,4859.10,4766.40,4851.30
2011-11-29,4864.20,4866.10,4787.10,4805.10
2011-11-30,4766.15,4851.55,4754.80,4832.00
2011-12-01,4970.85,5011.90,4916.70,4936.80
2011-12-02,4940.85,5062.55,4918.40,5050.10
2011-12-05,5036.50,5055.40,5002.55,5039.10
2011-12-07,5050.10,5099.25,5032.25,5062.60
2011-12-08,5037.40,5049.05,4921.45,4943.60
2011-12-09,4870.75,4918.35,4841.75,4866.70
2011-12-12,4906.85,4910.25,4755.55,4764.60
2011-12-13,4733.60,4824.70,4728.50,4800.60
2011-12-14,4788.70,4839.55,4750.40,4763.20
2011-12-15,4712.80,4768.65,4673.85,4746.30
2011-12-16,4752.50,4818.85,4628.20,4651.60
2011-12-19,4623.15,4623.15,4555.90,4613.10
2011-12-20,4635.80,4637.25,4531.15,4544.20
2011-12-21,4636.45,4707.35,4601.95,4693.10
2011-12-22,4636.90,4740.60,4632.95,4733.80
2011-12-23,4763.20,4763.45,4693.20,4714.00
2011-12-26,4718.15,4787.25,4718.15,4779.00
2011-12-27,4780.20,4800.50,4723.65,4750.50
2011-12-28,4756.20,4756.20,4685.65,4705.80
2011-12-29,4681.15,4701.80,4639.05,4646.20
2011-12-30,4659.95,4690.45,4608.90,4624.30
2012-01-02,4640.20,4645.95,4588.05,4636.70
2012-01-03,4675.80,4773.10,4675.80,4765.30
2012-01-04,4774.95,4782.85,4728.85,4749.60
2012-01-05,4749.00,4779.80,4730.15,4749.90
2012-01-06,4724.15,4794.90,4686.85,4754.10
2012-01-07,4755.60,4759.40,4743.05,4746.90
2012-01-09,4747.55,4758.70,4695.45,4742.80
2012-01-10,4771.85,4855.90,4768.25,4849.50
2012-01-11,4863.15,4877.20,4841.60,4860.90
2012-01-12,4840.95,4869.20,4803.90,4831.20
2012-01-13,4861.95,4898.85,4834.20,4866.00
2012-01-16,4844.00,4880.80,4827.05,4873.90
2012-01-17,4904.50,4975.55,4904.00,4967.30
2012-01-18,4977.75,4980.65,4931.05,4955.80
2012-01-19,4995.00,5023.80,4991.40,5018.40
2012-01-20,5044.85,5064.15,5004.30,5048.60
2012-01-23,5025.35,5059.55,5021.35,5046.20
2012-01-24,5064.80,5141.05,5049.80,5127.30
2012-01-25,5151.50,5174.15,5130.25,5158.30
2012-01-27,5216.75,5217.00,5162.40,5204.70
2012-01-30,5163.55,5166.15,5076.70,5087.30
2012-01-31,5125.25,5215.40,5120.15,5199.20
2012-02-01,5198.15,5244.60,5159.00,5235.70
2012-02-02,5272.10,5289.95,5225.75,5269.90
2012-02-03,5276.10,5334.85,5255.55,5325.80
2012-02-06,5379.45,5390.05,5327.25,5361.60
2012-02-07,5412.95,5413.35,5322.95,5335.10
2012-02-08,5343.80,5396.90,5325.20,5368.10
2012-02-09,5343.05,5423.40,5338.90,5412.30
2012-02-10,5399.80,5427.75,5341.05,5381.60
2012-02-13,5382.10,5421.05,5351.40,5390.20
2012-02-14,5380.80,5428.05,5377.95,5416.00
2012-02-15,5460.60,5542.10,5460.60,5531.90
2012-02-16,5513.75,5531.40,5483.75,5521.90
2012-02-17,5574.20,5606.70,5545.20,5564.30
2012-02-21,5561.90,5621.50,5561.75,5607.10
2012-02-22,5609.75,5629.95,5491.35,5505.30
2012-02-23,5490.05,5537.40,5460.80,5483.30
2012-02-24,5479.15,5521.40,5405.90,5429.30
2012-02-27,5448.10,5449.80,5268.15,5281.20
2012-02-28,5310.50,5391.10,5306.45,5375.50
2012-02-29,5424.95,5458.80,5352.25,5385.20
2012-03-01,5366.00,5372.45,5297.50,5339.70
2012-03-02,5369.45,5392.55,5315.05,5359.30
2012-03-03,5360.05,5369.60,5353.40,5359.40
2012-03-05,5342.55,5344.50,5265.70,5280.30
2012-03-06,5266.00,5382.05,5206.40,5222.40
2012-03-07,5207.05,5243.85,5171.45,5220.40
2012-03-09,5294.10,5342.30,5291.60,5333.50
2012-03-12,5420.10,5421.90,5327.30,5359.50
2012-03-13,5391.05,5438.65,5390.80,5429.50
2012-03-14,5490.55,5499.40,5437.80,5463.90
2012-03-15,5462.50,5462.50,5362.30,5380.50
2012-03-16,5380.35,5445.65,5305.00,5317.90
2012-03-19,5337.35,5340.70,5238.55,5257.00
2012-03-20,5257.15,5297.35,5233.25,5274.80
2012-03-21,5267.20,5372.35,5256.00,5364.90
2012-03-22,5361.10,5385.95,5205.65,5228.40
2012-03-23,5255.65,5312.00,5220.00,5278.20
2012-03-26,5274.35,5274.95,5174.90,5184.20
2012-03-27,5242.95,5277.95,5184.65,5243.10
2012-03-28,5231.70,5236.55,5169.60,5194.70
2012-03-29,5145.95,5194.30,5135.95,5178.80
2012-03-30,5206.60,5307.10,5203.65,5295.50
2012-04-02,5296.35,5331.55,5278.80,5317.90
2012-04-03,5353.20,5378.75,5344.45,5358.50
2012-04-04,5328.65,5338.40,5305.30,5322.90
2012-04-09,5282.50,5287.90,5228.00,5234.40
2012-04-10,5254.10,5255.80,5211.85,5243.60
2012-04-11,5209.45,5263.65,5190.80,5226.80
2012-04-12,5246.75,5290.60,5246.75,5276.80
2012-04-13,5255.70,5306.75,5185.40,5207.40
2012-04-16,5190.60,5233.50,5183.50,5226.20
2012-04-17,5266.60,5298.20,5208.35,5289.70
2012-04-18,5320.70,5342.00,5293.45,5300.00
2012-04-19,5320.60,5342.45,5291.30,5332.40
2012-04-20,5313.95,5336.15,5245.45,5290.80
2012-04-23,5277.40,5310.55,5187.15,5200.60
2012-04-24,5215.90,5232.35,5180.35,5222.60
2012-04-25,5222.20,5236.10,5160.65,5202.00
2012-04-26,5214.75,5215.60,5179.05,5189.00
2012-04-27,5189.00,5223.05,5154.30,5190.60
2012-04-28,5209.60,5216.40,5196.35,5209.00
2012-04-30,5201.45,5262.15,5201.45,5248.10
2012-05-02,5254.30,5279.60,5226.45,5239.10
2012-05-03,5211.20,5217.30,5180.65,5188.40
2012-05-04,5166.65,5177.20,5070.60,5086.80
2012-05-07,5017.80,5124.75,4988.00,5114.10
2012-05-08,5114.70,5119.95,4983.60,4999.90
2012-05-09,4967.90,5016.25,4956.45,4974.80
2012-05-10,4984.15,5039.30,4950.30,4965.70
2012-05-11,4938.85,4976.25,4906.15,4928.90
2012-05-14,4934.35,4957.20,4874.50,4907.80
2012-05-15,4869.85,4955.20,4868.55,4942.80
2012-05-16,4875.30,4882.25,4837.05,4858.20
2012-05-17,4878.60,4922.25,4850.20,4870.20
2012-05-18,4796.40,4908.50,4788.95,4891.40
2012-05-21,4888.50,4937.50,4888.50,4906.00
2012-05-22,4954.70,4956.35,4849.90,4860.50
2012-05-23,4843.00,4853.75,4803.95,4835.60
2012-05-24,4863.40,4931.90,4830.15,4921.40
2012-05-25,4905.95,4935.80,4889.35,4920.40
2012-05-28,4931.70,4994.95,4931.30,4985.60
2012-05-29,5005.35,5020.15,4982.15,4990.10
2012-05-30,4964.25,4982.25,4944.90,4950.70
2012-05-31,4896.10,4949.25,4883.55,4924.20
2012-06-01,4910.85,4925.00,4831.75,4841.60
2012-06-04,4797.30,4858.30,4770.35,4848.10
2012-06-05,4869.45,4898.95,4847.70,4863.30
2012-06-06,4886.65,5010.45,4886.15,4997.10
2012-06-07,5035.35,5059.65,5007.75,5049.60
2012-06-08,5044.25,5084.45,4994.80,5068.30
2012-06-11,5096.70,5124.45,5040.70,5054.10
2012-06-12,5015.50,5128.90,5015.15,5115.90
2012-06-13,5117.55,5144.90,5095.45,5121.40
2012-06-14,5105.10,5130.00,5047.60,5054.70
2012-06-15,5069.55,5146.20,5069.15,5139.00
2012-06-18,5174.00,5190.20,5041.70,5064.20
2012-06-19,5050.80,5113.60,5048.10,5103.80
2012-06-20,5114.55,5141.70,5100.70,5120.50
2012-06-21,5097.35,5170.40,5093.45,5165.00
2012-06-22,5101.75,5159.80,5094.00,5146.00
2012-06-25,5158.50,5194.60,5105.65,5114.60
2012-06-26,5107.45,5134.55,5095.50,5120.80
2012-06-27,5149.45,5160.10,5129.25,5141.90
2012-06-28,5148.95,5159.05,5125.30,5149.10
2012-06-29,5191.25,5286.25,5189.00,5278.90
2012-07-02,5283.85,5302.15,5263.35,5278.60
2012-07-03,5298.85,5317.00,5265.95,5287.90
2012-07-04,5310.40,5317.65,5273.30,5302.50
2012-07-05,5297.05,5333.65,5288.85,5327.30
2012-07-06,5324.70,5327.20,5287.75,5316.90
2012-07-09,5283.70,5300.60,5257.75,5275.10
2012-07-10,5286.60,5348.55,5284.55,5345.30
2012-07-11,5315.25,5336.45,5300.25,5306.30
2012-07-12,5240.00,5261.75,5217.70,5235.20
2012-07-13,5242.75,5267.15,5216.85,5227.20
2012-07-16,5232.35,5246.85,5190.45,5197.20
2012-07-17,5228.05,5236.70,5181.70,5192.80
2012-07-18,5199.10,5222.85,5169.05,5216.30
2012-07-19,5249.85,5257.75,5233.15,5242.70
2012-07-20,5233.55,5238.70,5197.50,5205.10
2012-07-23,5163.25,5164.20,5108.10,5117.90
2012-07-24,5128.80,5144.00,5103.25,5128.20
2012-07-25,5118.40,5121.60,5076.60,5109.60
2012-07-26,5126.30,5126.30,5032.40,5043.00
2012-07-27,5124.30,5149.95,5077.50,5099.80
2012-07-30,5129.75,5206.60,5129.75,5199.80
2012-07-31,5214.85,5234.55,5154.05,5229.00
2012-08-01,5220.70,5246.35,5212.65,5240.50
2012-08-02,5233.10,5236.90,5209.95,5227.70
2012-08-03,5195.60,5220.20,5164.65,5215.70
2012-08-06,5260.85,5293.20,5260.85,5282.50
2012-08-07,5295.40,5350.10,5281.65,5336.70
2012-08-08,5345.25,5377.60,5331.05,5338.00
2012-08-09,5348.30,5368.20,5312.10,5322.90
2012-08-10,5308.20,5330.10,5294.10,5320.40
2012-08-13,5316.35,5352.45,5309.05,5347.90
2012-08-14,5343.25,5387.05,5328.80,5380.30
2012-08-16,5385.95,5390.65,5356.65,5362.90
2012-08-17,5368.60,5399.95,5341.70,5366.30
2012-08-21,5368.70,5425.15,5368.70,5421.00
2012-08-22,5395.75,5433.35,5394.80,5412.80
2012-08-23,5426.15,5448.60,5393.85,5415.30
2012-08-24,5392.60,5399.65,5371.00,5386.70
2012-08-27,5387.85,5399.15,5346.65,5350.20
2012-08-28,5348.05,5359.25,5312.60,5334.60
2012-08-29,5343.85,5345.50,5282.70,5287.80
2012-08-30,5268.60,5342.80,5255.05,5315.00
2012-08-31,5298.20,5303.25,5238.90,5258.50
2012-09-03,5276.50,5295.80,5243.15,5253.70
2012-09-04,5249.15,5278.35,5233.20,5274.00
2012-09-05,5243.90,5259.50,5215.70,5225.70
2012-09-06,5217.65,5260.60,5217.65,5238.40
2012-09-07,5309.45,5347.15,5309.20,5342.10
2012-09-08,5343.65,5366.30,5343.45,5358.70
2012-09-10,5361.90,5375.45,5349.10,5363.40
2012-09-11,5336.10,5393.35,5332.10,5390.00
2012-09-12,5404.45,5435.55,5393.95,5431.00
2012-09-13,5435.20,5447.45,5421.85,5435.30
2012-09-14,5528.35,5586.65,5526.95,5577.60
2012-09-17,5631.75,5652.20,5585.15,5610.00
2012-09-18,5602.40,5620.55,5586.45,5600.00
2012-09-20,5536.95,5581.35,5534.90,5554.20
2012-09-21,5577.00,5720.00,5575.45,5691.10
2012-09-24,5691.95,5709.85,5662.75,5669.60
2012-09-25,5674.90,5702.70,5652.45,5673.90
2012-09-26,5653.40,5672.80,5638.65,5663.40
2012-09-27,5673.75,5693.70,5639.70,5649.50
2012-09-28,5684.80,5735.15,5683.45,5703.30
2012-10-01,5704.75,5722.95,5694.00,5718.80
2012-10-03,5727.70,5743.25,5715.80,5731.20
2012-10-04,5751.55,5807.25,5751.35,5787.60
2012-10-05,5815.00,5815.35,4888.20,5746.90
2012-10-08,5751.85,5751.85,5666.20,5676.00
2012-10-09,5708.15,5728.65,5677.90,5704.60
2012-10-10,5671.15,5686.50,5647.05,5652.10
2012-10-11,5663.50,5721.10,5636.95,5708.00
2012-10-12,5681.70,5725.00,5659.35,5676.00
2012-10-15,5674.25,5693.70,5651.05,5687.20
2012-10-16,5705.60,5714.00,5635.60,5648.00
2012-10-17,5681.10,5684.35,5633.90,5660.20
2012-10-18,5675.30,5722.50,5650.55,5718.70
2012-10-19,5703.30,5711.70,5660.00,5684.20
2012-10-22,5667.60,5721.55,5658.05,5717.10
2012-10-23,5715.65,5720.80,5681.45,5691.40
2012-10-25,5688.80,5718.75,5685.70,5705.30
2012-10-26,5683.55,5697.20,5641.75,5664.30
2012-10-29,5665.20,5698.30,5645.10,5665.60
2012-10-30,5656.35,5689.90,5589.90,5597.90
2012-10-31,5596.75,5624.40,5583.05,5619.70
2012-11-01,5609.85,5649.75,5601.95,5645.00
2012-11-02,5696.35,5711.30,5682.55,5697.70
2012-11-05,5693.05,5709.20,5679.50,5704.20
2012-11-06,5694.10,5730.80,5693.65,5724.40
2012-11-07,5718.60,5777.30,5711.40,5760.10
2012-11-08,5709.00,5744.50,5693.95,5738.70
2012-11-09,5731.10,5751.70,5677.75,5686.20
2012-11-12,5688.45,5718.90,5665.75,5683.70
2012-11-13,5689.70,5698.25,5660.35,5666.90
2012-11-15,5650.35,5651.65,5603.55,5631.00
2012-11-16,5624.80,5650.15,5559.80,5574.00
2012-11-19,5577.30,5592.75,5549.25,5571.40
2012-11-20,5604.80,5613.70,5548.35,5571.50
2012-11-21,5582.50,5620.20,5561.40,5614.80
2012-11-22,5628.60,5643.35,5608.00,5627.70
2012-11-23,5635.45,5637.75,5593.55,5626.60
2012-11-26,5648.65,5649.20,5623.45,5635.90
2012-11-27,5658.50,5733.20,5658.00,5727.40
2012-11-29,5736.70,5833.50,5736.10,5825.00
2012-11-30,5836.00,5885.25,5827.85,5879.80
2012-12-03,5878.25,5899.15,5854.60,5870.90
2012-12-04,5866.80,5894.95,5859.00,5889.20
2012-12-05,5906.60,5917.80,5891.35,5900.50
2012-12-06,5926.30,5942.55,5838.90,5930.90
2012-12-07,5934.00,5949.85,5888.65,5907.40
2012-12-10,5916.05,5919.95,5888.10,5908.90
2012-12-11,5923.80,5965.15,5865.45,5898.80
2012-12-12,5917.80,5924.60,5874.25,5888.00
2012-12-13,5900.35,5907.45,5841.35,5851.50
2012-12-14,5846.90,5886.10,5839.15,5879.60
2012-12-17,5860.50,5886.05,5850.15,5857.90
2012-12-18,5873.60,5905.80,5823.15,5896.80
2012-12-19,5917.30,5939.40,5910.80,5929.60
2012-12-20,5934.45,5937.60,5881.45,5916.40
2012-12-21,5888.00,5888.00,5841.65,5847.70
2012-12-24,5869.00,5871.90,5844.70,5855.70
2012-12-26,5864.95,5917.30,5859.55,5905.60
2012-12-27,5930.20,5930.80,5864.70,5870.10
2012-12-28,5887.15,5915.75,5879.50,5908.30
2012-12-31,5901.20,5919.00,5897.15,5905.10
2013-01-01,5937.65,5963.90,5935.20,5950.80
2013-01-02,5982.60,6006.05,5982.00,5993.20
2013-01-03,6015.80,6017.00,5986.55,6009.50
2013-01-04,6011.95,6020.75,5981.55,6016.10
2013-01-07,6042.15,6042.15,5977.15,5988.40
2013-01-08,5983.45,6007.05,5964.40,6001.70
2013-01-09,6006.20,6020.10,5958.45,5971.50
2013-01-10,5998.80,6005.15,5947.30,5968.60
2013-01-11,6012.40,6018.85,5940.60,5951.30
2013-01-14,5967.20,6036.90,5962.15,6024.00
2013-01-15,6037.85,6068.50,6018.60,6056.60
2013-01-16,6049.00,6055.95,5992.05,6001.80
2013-01-17,6001.25,6053.20,5988.10,6039.20
2013-01-18,6059.85,6083.40,6048.30,6064.40
2013-01-21,6085.75,6094.35,6065.10,6082.30
2013-01-22,6080.15,6101.30,6040.50,6048.50
2013-01-23,6052.85,6069.80,6021.15,6054.30
2013-01-24,6046.20,6065.30,6007.85,6019.30
2013-01-25,6024.50,6080.55,6014.45,6074.60
2013-01-28,6082.10,6088.40,6061.40,6074.80
2013-01-29,6064.70,6111.80,6042.45,6049.90
2013-01-30,6065.00,6071.95,6044.15,6055.70
2013-01-31,6045.65,6058.05,6025.15,6034.70
2013-02-01,6040.95,6052.95,5983.20,5998.90
2013-02-04,6025.20,6038.50,5981.25,5987.20
2013-02-05,5948.20,5970.35,5946.90,5956.90
2013-02-06,5988.05,5990.90,5953.15,5959.20
2013-02-07,5936.45,5978.50,5927.60,5938.80
2013-02-08,5929.10,5953.70,5883.65,5903.50
2013-02-11,5920.05,5924.15,5879.10,5897.80
2013-02-12,5894.35,5927.65,5886.45,5922.50
2013-02-13,5943.15,5969.50,5922.95,5932.90
2013-02-14,5933.20,5940.20,5884.55,5896.90
2013-02-15,5869.95,5899.95,5853.90,5887.40
2013-02-18,5888.65,5911.00,5878.45,5898.20
2013-02-19,5900.20,5947.55,5883.15,5939.70
2013-02-20,5966.30,5971.00,5937.55,5943.00
2013-02-21,5909.65,5921.15,5844.40,5852.20
2013-02-22,5837.95,5873.80,5835.80,5850.30
2013-02-25,5870.55,5878.40,5825.00,5854.70
2013-02-26,5838.30,5838.85,5748.60,5761.30
2013-02-27,5784.90,5818.20,5749.70,5796.90
2013-02-28,5834.35,5849.90,5671.90,5693.00
2013-03-01,5702.45,5739.45,5679.90,5719.70
2013-03-04,5704.70,5712.00,5663.60,5698.50
2013-03-05,5722.45,5790.10,5722.40,5784.20
2013-03-06,5816.40,5828.70,5795.05,5818.60
2013-03-07,5801.30,5878.00,5801.30,5863.30
2013-03-08,5883.65,5952.85,5883.00,5945.70
2013-03-11,5946.10,5971.20,5930.35,5942.30
2013-03-12,5944.60,5952.00,5893.65,5914.10
2013-03-13,5884.80,5893.85,5842.25,5851.20
2013-03-14,5845.95,5920.15,5791.75,5908.90
2013-03-15,5914.90,5945.65,5861.00,5872.60
2013-03-18,5816.75,5850.20,5814.35,5835.20
2013-03-19,5859.50,5863.60,5724.30,5745.90
2013-03-20,5740.55,5745.30,5682.30,5694.40
2013-03-21,5705.90,5757.75,5647.95,5658.70
2013-03-22,5659.80,5691.45,5631.80,5651.30
2013-03-25,5707.30,5718.40,5624.40,5633.80
2013-03-26,5613.75,5655.30,5612.05,5641.60
2013-03-28,5647.75,5692.95,5604.85,5682.50
2013-04-01,5697.35,5720.95,5675.90,5704.40
2013-04-02,5701.70,5754.60,5687.15,5748.10
2013-04-03,5740.20,5744.95,5650.10,5672.90
2013-04-04,5640.65,5644.45,5565.65,5574.70
2013-04-05,5568.10,5577.30,5534.70,5553.20
2013-04-08,5550.50,5569.20,5537.05,5542.90
2013-04-09,5568.75,5603.05,5487.00,5495.10
2013-04-10,5536.25,5569.25,5477.20,5558.70
2013-04-11,5601.65,5610.65,5542.85,5594.00
2013-04-12,5520.70,5544.50,5494.90,5528.50
2013-04-15,5508.50,5592.85,5500.30,5568.40
2013-04-16,5562.45,5699.25,5555.85,5688.90
2013-04-17,5708.65,5732.15,5669.00,5688.70
2013-04-18,5682.70,5794.35,5681.85,5783.10
2013-04-22,5789.85,5844.85,5789.80,5834.40
2013-04-23,5843.10,5844.30,5791.55,5836.90
2013-04-25,5856.10,5924.60,5853.30,5916.30
2013-04-26,5899.75,5907.05,5860.50,5871.40
2013-04-29,5877.60,5918.65,5868.80,5904.10
2013-04-30,5932.60,5962.30,5867.80,5930.20
2013-05-02,5911.40,6019.45,5910.95,5999.30
2013-05-03,5993.50,6000.30,5930.15,5944.00
2013-05-06,5944.90,5976.50,5928.45,5971.00
2013-05-07,5983.45,6050.50,5982.95,6043.50
2013-05-08,6064.15,6083.55,6024.95,6069.30
2013-05-09,6078.35,6084.70,6040.45,6050.10
2013-05-10,6046.25,6105.30,6045.60,6094.70
2013-05-11,6088.20,6114.55,6084.15,6107.20
2013-05-13,6098.20,6104.95,5972.90,5980.40
2013-05-14,5989.70,6026.20,5970.05,5995.40
2013-05-15,6018.85,6157.10,6018.85,6146.70
2013-05-16,6128.25,6187.30,6128.25,6169.90
2013-05-17,6172.95,6199.95,6146.15,6187.30
2013-05-20,6198.00,6229.45,6146.05,6156.90
2013-05-21,6152.35,6180.25,6102.35,6114.10
2013-05-22,6127.05,6147.60,6074.45,6094.50
2013-05-23,6050.40,6081.45,5955.70,5967.00
2013-05-24,6010.70,6015.30,5936.80,5983.50
2013-05-27,5989.40,6099.90,5975.55,6083.10
2013-05-28,6086.35,6127.65,6055.40,6111.20
2013-05-29,6120.45,6125.05,6069.80,6104.30
2013-05-30,6072.15,6133.75,6072.15,6124.00
2013-05-31,6098.70,6106.25,5975.55,5985.90
2013-06-03,5997.35,6011.00,5916.35,5939.30
2013-06-04,5941.10,5981.60,5910.25,5919.40
2013-06-05,5908.30,5935.20,5883.70,5923.80
2013-06-06,5895.00,5956.55,5869.50,5921.40
2013-06-07,5900.05,5972.70,5871.30,5881.00
2013-06-10,5907.90,5931.65,5857.40,5878.00
2013-06-11,5848.75,5868.05,5780.35,5788.80
2013-06-12,5771.75,5792.90,5738.60,5760.20
2013-06-13,5709.35,5729.85,5683.10,5699.10
2013-06-14,5748.95,5819.40,5739.40,5808.40
2013-06-17,5820.40,5854.90,5770.25,5850.00
2013-06-18,5841.90,5863.40,5804.30,5813.60
2013-06-19,5805.75,5828.40,5777.90,5822.20
2013-06-20,5754.15,5755.00,5645.65,5655.90
2013-06-21,5639.90,5686.15,5616.85,5667.60
2013-06-24,5638.05,5640.00,5566.25,5590.20
2013-06-25,5606.95,5666.25,5570.25,5609.10
2013-06-26,5627.95,5635.25,5579.35,5588.70
2013-06-27,5647.95,5699.35,5630.95,5682.30
2013-06-28,5749.50,5852.95,5749.50,5842.20
2013-07-01,5834.10,5904.35,5822.20,5898.80
2013-07-02,5885.50,5898.80,5852.30,5857.50
2013-07-03,5811.95,5815.00,5760.40,5770.90
2013-07-04,5794.75,5848.20,5786.05,5836.90
2013-07-05,5889.95,5900.45,5858.45,5867.90
2013-07-08,5833.15,5833.85,5775.55,5811.50
2013-07-09,5834.60,5864.95,5834.60,5859.00
2013-07-10,5869.90,5879.35,5802.85,5816.70
2013-07-11,5894.50,5948.85,5887.95,5935.10
2013-07-12,6000.50,6019.00,5951.15,6009.00
2013-07-15,5991.20,6038.20,5980.95,6030.80
2013-07-16,5930.80,5966.05,5910.95,5955.20
2013-07-17,5972.25,5989.80,5926.75,5973.30
2013-07-18,5984.70,6051.10,5974.55,6038.00
2013-07-19,6057.20,6066.85,6020.25,6029.20
2013-07-22,6009.75,6064.15,6004.25,6031.80
2013-07-23,6064.30,6093.35,6061.30,6077.80
2013-07-24,6032.20,6047.25,5962.60,5990.50
2013-07-25,5970.40,5990.65,5896.40,5907.50
2013-07-26,5937.95,5944.50,5869.50,5886.20
2013-07-29,5869.95,5886.00,5825.80,5831.60
2013-07-30,5836.05,5861.30,5747.60,5755.00
2013-07-31,5738.35,5752.10,5675.75,5742.00
2013-08-01,5776.90,5808.50,5676.85,5727.80
2013-08-02,5750.05,5761.85,5649.00,5677.90
2013-08-05,5682.40,5721.00,5661.50,5685.40
2013-08-06,5664.90,5664.90,5521.80,5542.20
2013-08-07,5549.30,5561.45,5486.85,5519.10
2013-08-08,5510.05,5577.60,5510.05,5565.60
2013-08-12,5606.70,5644.10,5557.10,5612.40
2013-08-13,5600.25,5704.75,5578.90,5699.30
2013-08-14,5715.40,5754.55,5690.20,5742.30
2013-08-16,5705.45,5716.60,5496.05,5507.80
2013-08-19,5497.55,5499.65,5360.65,5414.70
2013-08-20,5353.45,5417.80,5306.35,5401.40
2013-08-21,5494.45,5504.10,5268.45,5302.50
2013-08-22,5282.80,5418.95,5254.05,5408.40
2013-08-23,5428.75,5478.80,5377.80,5471.70
2013-08-26,5499.40,5528.70,5454.45,5476.50
2013-08-27,5426.50,5427.40,5274.25,5287.40
2013-08-28,5233.45,5317.70,5118.85,5285.00
2013-08-29,5316.50,5428.90,5303.00,5409.00
2013-08-30,5407.45,5493.30,5360.20,5471.80
2013-09-02,5480.25,5564.90,5478.85,5550.70
2013-09-03,5574.70,5580.95,5323.75,5341.40
2013-09-04,5358.65,5460.25,5318.90,5448.10
2013-09-05,5553.75,5625.75,5552.70,5592.90
2013-09-06,5617.45,5688.60,5566.15,5680.40
2013-09-10,5738.50,5904.85,5738.20,5896.70
2013-09-11,5887.25,5924.35,5832.70,5913.10
2013-09-12,5931.15,5932.00,5815.80,5850.70
2013-09-13,5828.00,5884.30,5822.90,5850.60
2013-09-16,5930.30,5957.25,5798.15,5840.50
2013-09-17,5824.20,5857.80,5804.90,5850.20
2013-09-18,5872.75,5916.90,5840.20,5899.40
2013-09-19,6044.15,6142.50,6040.15,6115.50
2013-09-20,6104.55,6130.95,5932.85,6012.10
2013-09-23,5945.80,5989.40,5871.40,5889.70
2013-09-24,5855.00,5938.40,5854.55,5892.40
2013-09-25,5901.55,5910.55,5811.10,5873.80
2013-09-26,5872.80,5917.65,5864.10,5882.20
2013-09-27,5905.55,5909.20,5819.30,5833.20
2013-09-30,5801.05,5810.20,5718.50,5735.30
2013-10-01,5756.10,5786.45,5700.95,5780.00
2013-10-03,5819.10,5917.60,5802.70,5909.70
2013-10-04,5891.30,5950.45,5885.00,5907.30
2013-10-07,5889.05,5912.00,5825.85,5906.10
2013-10-08,5975.00,5981.70,5913.00,5928.40
2013-10-09,5893.25,6015.50,5877.10,6007.40
2013-10-10,6001.05,6033.95,5979.80,6020.90
2013-10-11,6104.85,6107.60,6046.40,6096.20
2013-10-14,6093.00,6124.10,6082.90,6112.70
2013-10-15,6147.55,6156.30,6056.55,6089.00
2013-10-17,6098.50,6110.75,6032.55,6045.80
2013-10-18,6070.90,6201.45,6070.90,6189.30
2013-10-21,6202.00,6218.95,6163.30,6204.90
2013-10-22,6192.30,6220.10,6181.80,6202.80
2013-10-23,6209.55,6217.95,6116.60,6178.30
2013-10-24,6162.80,6252.45,6142.95,6164.30
2013-10-25,6154.00,6174.75,6125.95,6144.90
2013-10-28,6155.10,6168.75,6094.10,6101.10
2013-10-29,6107.55,6228.05,6079.20,6220.90
2013-10-30,6230.80,6269.20,6222.60,6251.70
2013-10-31,6237.15,6309.05,6235.90,6299.10
2013-11-01,6289.75,6332.60,6286.95,6307.20
2013-11-03,6332.05,6342.95,6311.15,6317.30
2013-11-05,6282.15,6304.75,6244.30,6253.10
2013-11-06,6260.55,6269.70,6208.70,6215.10
2013-11-07,6228.90,6288.95,6180.80,6187.20
2013-11-08,6170.15,6185.15,6120.95,6140.70
2013-11-11,6110.40,6141.65,6067.75,6078.80
2013-11-12,6087.25,6108.70,6011.75,6018.00
2013-11-13,5998.85,6042.25,5972.45,5989.60
2013-11-14,6037.00,6101.65,6036.65,6056.10
2013-11-18,6111.05,6196.80,6110.40,6189.00
2013-11-19,6197.25,6212.40,6180.20,6203.30
2013-11-20,6186.85,6204.35,6106.95,6122.90
2013-11-21,6096.50,6097.35,5985.40,5999.00
2013-11-22,6027.35,6049.60,5972.80,5995.40
2013-11-25,6035.95,6123.50,6035.95,6115.30
2013-11-26,6099.25,6112.70,6047.75,6059.10
2013-11-27,6062.70,6074.00,6030.30,6057.10
2013-11-28,6092.00,6112.95,6068.30,6091.80
2013-11-29,6103.90,6182.50,6103.80,6176.10
2013-12-02,6171.15,6228.70,6171.15,6217.80
2013-12-03,6204.25,6225.40,6191.40,6201.80
2013-12-04,6187.95,6209.15,6149.90,6160.90
2013-12-05,6262.45,6300.55,6232.00,6241.10
2013-12-06,6234.40,6275.35,6230.75,6259.90
2013-12-09,6415.00,6415.25,6345.00,6363.90
2013-12-10,6354.70,6362.25,6307.55,6332.80
2013-12-11,6307.20,6326.60,6280.25,6307.90
2013-12-12,6276.75,6286.85,6230.55,6237.00
2013-12-13,6201.30,6208.60,6161.40,6168.40
2013-12-16,6168.35,6183.25,6146.05,6154.70
2013-12-17,6178.20,6190.55,6133.00,6139.00
2013-12-18,6129.95,6236.00,6129.95,6217.10
2013-12-19,6253.90,6263.75,6150.70,6166.60
2013-12-20,6179.95,6284.50,6170.35,6274.20
2013-12-23,6267.20,6317.50,6266.95,6284.50
2013-12-24,6296.45,6301.50,6262.00,6268.40
2013-12-26,6270.10,6302.75,6259.45,6278.90
2013-12-27,6292.80,6324.90,6289.40,6313.80
2013-12-30,6336.40,6344.05,6273.15,6291.10
2013-12-31,6307.35,6317.30,6287.30,6304.00
2014-01-01,6323.80,6327.20,6298.25,6301.60
2014-01-02,6301.25,6358.30,6211.30,6221.10
2014-01-03,6194.55,6221.70,6171.25,6211.10
2014-01-06,6220.85,6224.70,6170.25,6191.40
2014-01-07,6203.90,6221.50,6144.75,6162.20
2014-01-08,6178.05,6192.10,6160.35,6174.60
2014-01-09,6181.70,6188.05,6148.25,6168.30
2014-01-10,6178.85,6239.10,6139.60,6171.40
2014-01-13,6189.55,6288.20,6189.55,6272.70
2014-01-14,6260.25,6280.35,6234.15,6241.80
2014-01-15,6265.95,6325.20,6265.30,6320.90
2014-01-16,6341.35,6346.50,6299.85,6318.90
2014-01-17,6306.25,6327.10,6246.35,6261.60
2014-01-20,6261.75,6307.45,6243.35,6303.90
2014-01-21,6320.15,6330.30,6297.90,6313.80
2014-01-22,6309.05,6349.95,6287.45,6338.90
2014-01-23,6325.95,6355.60,6316.40,6345.60
2014-01-24,6301.65,6331.45,6263.90,6266.70
2014-01-27,6186.30,6188.55,6130.25,6135.80
2014-01-28,6131.85,6163.60,6085.95,6126.20
2014-01-29,6161.00,6170.45,6109.80,6120.20
2014-01-30,6067.00,6082.85,6027.25,6073.70
2014-01-31,6082.75,6097.85,6067.35,6089.50
2014-02-03,6058.80,6074.85,5994.45,6001.80
2014-02-04,5947.60,6017.80,5933.30,6000.90
2014-02-05,6004.25,6028.05,5962.05,6022.40
2014-02-06,6028.35,6048.35,5965.40,6036.30
2014-02-07,6077.65,6079.95,6030.90,6063.20
2014-02-10,6072.80,6083.05,6046.40,6053.40
2014-02-11,6072.45,6081.85,6053.25,6062.70
2014-02-12,6085.35,6106.60,6077.40,6084.00
2014-02-13,6087.55,6094.40,5991.10,6001.10
2014-02-14,6023.75,6056.40,5984.60,6048.30
2014-02-17,6057.10,6080.65,6038.30,6073.30
2014-02-18,6071.30,6141.70,6066.80,6127.10
2014-02-19,6132.05,6160.35,6125.75,6152.70
2014-02-20,6127.15,6129.10,6086.45,6091.40
2014-02-21,6108.30,6159.65,6108.00,6155.40
2014-02-24,6140.95,6191.85,6130.80,6186.10
2014-02-25,6205.70,6216.85,6176.60,6200.00
2014-02-26,6202.45,6245.95,6202.10,6238.80
2014-02-28,6228.45,6282.70,6228.10,6276.90
2014-03-03,6264.35,6277.75,6212.25,6221.40
2014-03-04,6216.75,6302.15,6215.70,6297.90
2014-03-05,6328.45,6336.25,6287.80,6328.60
2014-03-06,6344.75,6406.60,6339.70,6401.10
2014-03-07,6413.95,6537.80,6413.55,6526.60
2014-03-10,6491.70,6562.20,6487.35,6537.20
2014-03-11,6537.35,6562.85,6494.25,6511.90
2014-03-12,6497.50,6546.15,6487.30,6516.90
2014-03-13,6491.75,6561.45,6476.65,6493.10
2014-03-14,6447.25,6518.45,6432.70,6504.20
2014-03-18,6532.45,6574.95,6497.65,6516.60
2014-03-19,6530.00,6541.20,6506.00,6524.00
2014-03-20,6508.35,6523.65,6473.25,6483.10
2014-03-21,6515.20,6522.90,6485.70,6493.20
2014-03-22,6497.80,6502.65,6481.35,6494.90
2014-03-24,6510.50,6591.50,6510.50,6583.50
2014-03-25,6550.10,6595.55,6544.85,6589.70
2014-03-26,6615.65,6627.45,6580.60,6601.40
2014-03-27,6613.10,6673.95,6599.50,6641.70
2014-03-28,6673.05,6702.60,6643.80,6695.90
2014-03-31,6723.15,6730.05,6662.40,6704.20
2014-04-01,6729.50,6732.25,6675.45,6721.00
2014-04-02,6757.60,6763.50,6723.60,6752.50
2014-04-03,6772.05,6776.75,6696.90,6736.10
2014-04-04,6741.85,6741.85,6685.15,6694.30
2014-04-07,6694.25,6725.15,6650.40,6695.00
2014-04-09,6722.00,6808.70,6705.10,6796.20
2014-04-10,6803.05,6819.05,6777.30,6796.40
2014-04-11,6758.35,6789.35,6743.15,6776.30
2014-04-15,6792.70,6813.40,6711.75,6733.10
2014-04-16,6727.25,6748.65,6665.15,6675.30
2014-04-17,6695.45,6783.05,6684.40,6779.40
2014-04-21,6789.25,6825.45,6786.90,6817.60
2014-04-22,6822.90,6838.00,6806.25,6815.30
2014-04-23,6823.25,6861.60,6820.75,6840.80
2014-04-25,6855.80,6869.85,6772.85,6782.70
2014-04-28,6778.55,6786.25,6750.30,6761.20
2014-04-29,6769.00,6779.70,6708.65,6715.20
2014-04-30,6724.95,6780.15,6656.80,6696.40
2014-05-02,6709.95,6737.65,6689.50,6694.80
2014-05-05,6681.65,6741.05,6680.45,6699.30
2014-05-06,6719.25,6743.45,6701.90,6715.30
2014-05-07,6708.60,6718.75,6642.90,6652.50
2014-05-08,6669.90,6688.40,6638.55,6659.80
2014-05-09,6654.15,6871.35,6652.15,6858.80
2014-05-12,6863.40,7020.05,6862.90,7014.20
2014-05-13,7080.00,7172.35,7067.15,7108.70
2014-05-14,7112.00,7142.25,7080.90,7108.70
2014-05-15,7111.30,7152.55,7082.55,7123.10
2014-05-16,7270.20,7563.50,7130.65,7203.00
2014-05-19,7276.85,7291.10,7193.55,7263.50
2014-05-20,7309.95,7353.65,7247.70,7275.50
2014-05-21,7274.85,7287.15,7206.70,7252.90
2014-05-22,7289.95,7319.55,7258.15,7276.40
2014-05-23,7306.50,7381.00,7293.90,7367.10
2014-05-26,7428.75,7504.00,7269.05,7359.00
2014-05-27,7363.10,7372.95,7274.75,7318.00
2014-05-28,7324.95,7344.75,7302.60,7329.60
2014-05-29,7316.60,7325.40,7224.40,7235.60
2014-05-30,7254.85,7272.50,7118.45,7229.90
2014-06-02,7264.05,7368.60,7239.50,7362.50
2014-06-03,7375.35,7424.95,7342.15,7415.80
2014-06-04,7417.55,7433.30,7391.35,7402.20
2014-06-05,7399.75,7484.70,7360.50,7474.10
2014-06-06,7521.50,7592.70,7497.65,7583.40
2014-06-09,7621.65,7673.70,7580.25,7654.60
2014-06-10,7679.05,7683.20,7579.30,7656.40
2014-06-11,7672.40,7700.05,7589.05,7626.80
2014-06-12,7641.30,7658.00,7593.80,7649.90
2014-06-13,7668.20,7678.50,7525.35,7542.10
2014-06-16,7534.80,7548.60,7487.55,7533.50
2014-06-17,7525.05,7637.60,7509.25,7631.70
2014-06-18,7636.05,7663.00,7515.50,7558.20
2014-06-19,7580.05,7606.45,7502.55,7540.70
2014-06-20,7543.30,7560.55,7497.30,7511.40
2014-06-23,7514.00,7534.80,7441.60,7493.30
2014-06-24,7515.20,7593.35,7515.20,7580.20
2014-06-25,7588.55,7589.25,7557.05,7569.20
2014-06-26,7554.10,7570.20,7481.30,7493.20
2014-06-27,7514.20,7538.75,7482.30,7508.80
2014-06-30,7534.05,7623.65,7531.60,7611.30
2014-07-01,7629.00,7649.50,7618.15,7634.70
2014-07-02,7683.05,7732.40,7677.30,7725.10
2014-07-03,7734.35,7754.65,7706.80,7714.80
2014-07-04,7718.10,7758.00,7661.30,7751.60
2014-07-07,7780.40,7792.00,7755.10,7787.10
2014-07-08,7804.05,7808.85,7595.90,7623.20
2014-07-09,7637.95,7650.10,7551.65,7585.00
2014-07-10,7589.50,7731.05,7479.05,7567.70
2014-07-11,7584.10,7625.85,7447.20,7459.60
2014-07-14,7469.00,7478.45,7422.15,7454.10
2014-07-15,7491.30,7534.90,7459.15,7526.60
2014-07-16,7564.15,7640.10,7532.45,7624.40
2014-07-17,7612.70,7655.65,7612.70,7640.40
2014-07-18,7630.25,7685.00,7595.50,7663.90
2014-07-21,7701.65,7722.10,7674.00,7684.20
2014-07-22,7708.20,7773.85,7704.80,7767.80
2014-07-23,7794.90,7809.20,7752.90,7795.70
2014-07-24,7796.25,7835.65,7771.65,7830.60
2014-07-25,7828.20,7840.95,7748.60,7790.40
2014-07-28,7792.90,7799.90,7722.65,7748.70
2014-07-30,7746.20,7798.70,7707.60,7791.40
2014-07-31,7784.65,7791.85,7711.15,7721.30
2014-08-01,7662.50,7716.70,7593.90,7602.60
2014-08-04,7639.55,7694.80,7622.05,7683.60
2014-08-05,7706.65,7752.45,7638.05,7746.50
2014-08-06,7726.15,7740.95,7658.95,7672.00
2014-08-07,7651.15,7708.95,7630.40,7649.20
2014-08-08,7588.70,7592.45,7540.10,7568.50
2014-08-11,7619.85,7635.55,7598.60,7625.90
2014-08-12,7688.80,7735.75,7654.80,7727.00
2014-08-13,7717.30,7757.10,7695.70,7739.50
2014-08-14,7756.15,7796.70,7739.10,7791.70
2014-08-18,7785.25,7880.50,7779.20,7874.20
2014-08-19,7901.00,7918.55,7881.15,7897.50
2014-08-20,7915.80,7922.70,7864.05,7875.30
2014-08-21,7875.35,7919.65,7855.95,7891.10
2014-08-22,7904.55,7929.05,7900.05,7913.20
2014-08-25,7931.75,7968.25,7897.95,7906.30
2014-08-26,7874.50,7915.45,7862.45,7904.70
2014-08-27,7933.90,7946.85,7916.55,7936.00
2014-08-28,7942.25,7967.80,7939.20,7954.30
2014-09-01,7990.35,8035.00,7984.00,8027.70
2014-09-02,8038.60,8101.95,8036.55,8083.00
2014-09-03,8110.85,8141.90,8092.25,8114.60
2014-09-04,8114.20,8114.80,8060.90,8095.90
2014-09-05,8099.90,8122.70,8049.85,8086.80
2014-09-08,8132.95,8180.20,8126.15,8173.90
2014-09-09,8161.90,8174.55,8126.50,8152.90
2014-09-10,8135.55,8135.75,8082.10,8094.10
2014-09-11,8115.15,8127.95,8057.30,8085.70
2014-09-12,8087.05,8114.30,8071.60,8105.50
2014-09-15,8070.35,8077.30,8030.00,8042.00
2014-09-16,8036.60,8044.90,7925.15,7932.90
2014-09-17,7971.50,7990.65,7936.95,7975.50
2014-09-18,7950.65,8120.85,7939.70,8114.70
2014-09-19,8129.40,8160.90,8105.35,8121.40
2014-09-22,8084.45,8159.90,8064.80,8146.30
2014-09-23,8144.40,8159.75,8008.10,8017.50
2014-09-24,8015.55,8042.05,7950.05,8002.40
2014-09-25,8003.30,8019.30,7877.35,7911.80
2014-09-26,7885.85,7993.30,7841.80,7968.80
2014-09-29,7978.45,7991.75,7934.70,7958.90
2014-09-30,7948.80,8030.90,7923.85,7964.80
2014-10-01,7960.50,7977.50,7936.70,7945.50
2014-10-07,7897.40,7943.05,7842.70,7852.40
2014-10-08,7828.75,7869.90,7815.75,7842.70
2014-10-09,7886.50,7972.35,7886.50,7960.50
2014-10-10,7911.00,7924.05,7848.45,7859.90
2014-10-13,7831.00,7901.15,7796.00,7884.20
2014-10-14,7923.25,7928.00,7825.45,7864.00
2014-10-16,7837.30,7893.90,7729.65,7748.20
2014-10-17,7733.75,7819.20,7723.85,7779.70
2014-10-20,7896.95,7905.95,7856.95,7879.40
2014-10-21,7906.15,7936.60,7874.35,7927.70
2014-10-22,7997.80,8005.00,7974.55,7995.90
2014-10-23,8027.70,8031.75,8008.85,8014.50
2014-10-27,8064.35,8064.40,7985.65,7991.70
2014-10-28,8002.40,8037.80,7995.05,8027.60
2014-10-29,8077.05,8097.95,8052.25,8090.40
2014-10-30,8085.20,8181.55,8085.20,8169.20
2014-10-31,8200.80,8330.75,8198.05,8322.20
2014-11-03,8348.15,8350.60,8297.65,8324.10
2014-11-05,8351.25,8365.55,8323.50,8338.30
2014-11-07,8331.85,8360.35,8290.25,8337.00
2014-11-10,8337.80,8383.05,8304.45,8344.20
2014-11-11,8354.10,8378.70,8321.85,8362.60
2014-11-12,8378.90,8415.05,8370.50,8383.30
2014-11-13,8405.25,8408.00,8320.35,8357.80
2014-11-14,8360.70,8400.65,8346.80,8389.90
2014-11-17,8378.40,8438.10,8349.10,8430.70
2014-11-18,8441.25,8454.50,8407.25,8425.90
2014-11-19,8440.65,8455.65,8360.50,8382.30
2014-11-20,8406.50,8410.85,8353.15,8401.90
2014-11-21,8408.20,8489.80,8398.60,8477.30
2014-11-24,8490.95,8534.65,8490.80,8530.10
2014-11-25,8530.80,8535.35,8429.45,8463.10
2014-11-26,8450.30,8500.30,8438.65,8475.70
2014-11-27,8477.80,8506.75,8456.35,8494.20
2014-11-28,8516.80,8617.00,8516.25,8588.20
2014-12-01,8605.10,8623.00,8545.15,8555.90
2014-12-02,8535.45,8560.20,8504.65,8524.70
2014-12-03,8528.70,8546.95,8508.35,8537.60
2014-12-04,8582.40,8626.95,8526.40,8564.40
2014-12-05,8584.25,8588.35,8523.90,8538.30
2014-12-08,8538.65,8546.35,8432.25,8438.20
2014-12-09,8439.30,8444.50,8330.50,8340.70
2014-12-10,8318.05,8376.80,8317.00,8355.60
2014-12-11,8338.85,8348.30,8272.40,8292.90
2014-12-12,8302.00,8321.90,8216.30,8224.10
2014-12-15,8160.75,8242.40,8152.50,8219.60
2014-12-16,8172.60,8189.35,8052.60,8067.60
2014-12-17,8041.20,8082.00,7961.35,8029.80
2014-12-18,8138.90,8174.30,8084.90,8159.30
2014-12-19,8230.45,8263.45,8208.60,8225.20
2014-12-22,8255.00,8330.95,8228.20,8324.00
2014-12-23,8324.60,8364.75,8252.85,8267.00
2014-12-24,8272.05,8286.40,8155.25,8174.10
2014-12-26,8204.80,8234.55,8147.95,8200.70
2014-12-29,8214.70,8279.15,8214.70,8246.30
2014-12-30,8260.30,8268.25,8220.55,8248.20
2014-12-31,8243.90,8291.00,8243.75,8282.70
2015-01-01,8272.80,8294.70,8248.75,8284.00
2015-01-02,8288.70,8410.60,8288.70,8395.40
2015-01-05,8407.95,8445.60,8363.90,8378.40
2015-01-06,8325.30,8327.85,8111.35,8127.30
2015-01-07,8118.65,8151.20,8065.45,8102.10
2015-01-08,8191.40,8243.50,8167.30,8234.60
2015-01-09,8285.45,8303.30,8190.80,8284.50
2015-01-12,8291.35,8332.60,8245.60,8323.00
2015-01-13,8346.15,8356.65,8267.90,8299.40
2015-01-14,8307.25,8326.45,8236.65,8277.50
2015-01-15,8424.50,8527.10,8380.55,8494.10
2015-01-16,8504.05,8530.75,8452.25,8513.80
2015-01-19,8550.05,8570.95,8531.50,8550.70
2015-01-20,8575.10,8707.90,8574.50,8695.60
2015-01-21,8719.65,8741.85,8689.60,8729.50
2015-01-22,8745.85,8774.15,8727.00,8761.40
2015-01-23,8827.95,8866.40,8795.40,8835.60
2015-01-27,8871.35,8925.05,8825.45,8910.50
2015-01-28,8902.75,8985.05,8874.05,8914.30
2015-01-29,8901.50,8966.65,8861.25,8952.30
2015-01-30,8996.60,8996.60,8775.10,8808.90
2015-02-02,8802.50,8840.80,8751.10,8797.40
2015-02-03,8823.15,8837.30,8726.65,8756.50
2015-02-04,8789.15,8792.85,8704.40,8723.70
2015-02-05,8733.10,8838.45,8683.65,8711.70
2015-02-06,8696.85,8726.20,8645.55,8661.00
2015-02-09,8584.40,8605.55,8516.35,8526.30
2015-02-10,8478.10,8646.25,8470.50,8565.50
2015-02-11,8603.30,8651.95,8593.65,8627.40
2015-02-12,8676.95,8732.55,8599.25,8711.50
2015-02-13,8741.50,8822.10,8729.65,8805.50
2015-02-16,8831.40,8870.10,8793.40,8809.30
2015-02-18,8811.55,8894.30,8808.90,8869.10
2015-02-19,8883.05,8913.45,8794.45,8895.30
2015-02-20,8895.50,8899.95,8816.30,8833.60
2015-02-23,8856.85,8869.00,8736.10,8754.90
2015-02-24,8772.90,8800.50,8726.75,8762.10
2015-02-25,8801.90,8840.65,8751.40,8767.20
2015-02-26,8779.00,8786.05,8669.45,8683.80
2015-02-27,8729.50,8856.95,8717.45,8844.60
2015-02-28,8913.05,8941.10,8751.35,8901.80
2015-03-02,8953.85,8972.35,8885.45,8956.70
2015-03-03,8962.85,9008.40,8925.55,8996.20
2015-03-04,9109.15,9119.20,8893.95,8922.60
2015-03-05,8929.40,8957.55,8849.35,8937.70
2015-03-09,8891.15,8891.30,8740.45,8756.70
2015-03-10,8769.75,8778.00,8677.35,8712.00
2015-03-11,8728.75,8755.60,8682.35,8699.90
2015-03-12,8740.65,8787.20,8732.90,8776.00
2015-03-13,8844.05,8849.75,8631.75,8647.70
2015-03-16,8656.75,8663.55,8612.00,8633.10
2015-03-17,8689.10,8742.55,8630.80,8723.30
2015-03-18,8742.90,8747.25,8664.00,8685.90
2015-03-19,8749.45,8788.20,8614.65,8634.60
2015-03-20,8627.90,8627.90,8553.00,8570.90
2015-03-23,8591.55,8608.35,8540.55,8550.90
2015-03-24,8537.05,8627.75,8535.85,8542.90
2015-03-25,8568.90,8573.75,8516.55,8530.80
2015-03-26,8474.95,8499.45,8325.35,8342.10
2015-03-27,8396.00,8413.20,8269.15,8341.40
2015-03-30,8390.95,8504.55,8380.75,8492.30
2015-03-31,8527.60,8550.45,8454.15,8491.00
2015-04-01,8483.70,8603.40,8464.75,8586.20
2015-04-06,8615.80,8667.55,8573.75,8659.90
2015-04-07,8684.45,8693.60,8586.85,8660.30
2015-04-08,8698.95,8730.50,8679.80,8714.40
2015-04-09,8756.20,8785.50,8682.45,8778.30
2015-04-10,8774.35,8787.40,8733.60,8780.30
2015-04-13,8801.75,8841.65,8762.10,8834.00
2015-04-15,8844.75,8844.80,8722.40,8750.20
2015-04-16,8757.05,8760.00,8645.65,8706.70
2015-04-17,8698.05,8699.85,8596.70,8606.00
2015-04-20,8618.80,8619.95,8422.75,8448.10
2015-04-21,8416.10,8469.35,8352.70,8377.70
2015-04-22,8400.40,8449.95,8284.70,8429.70
2015-04-23,8478.20,8504.95,8361.85,8398.30
2015-04-24,8405.70,8413.30,8273.35,8305.20
2015-04-27,8330.55,8334.45,8202.35,8213.80
2015-04-28,8215.55,8308.00,8185.15,8285.60
2015-04-29,8274.80,8308.20,8219.20,8239.70
2015-04-30,8224.50,8229.40,8144.75,8181.50
2015-05-04,8230.05,8346.00,8220.45,8331.90
2015-05-05,8338.40,8355.65,8280.60,8324.80
2015-05-06,8316.60,8331.95,8083.00,8097.00
2015-05-07,8077.00,8122.60,7997.15,8057.30
2015-05-08,8131.50,8224.95,8123.45,8191.50
2015-05-11,8243.20,8332.75,8224.65,8325.20
2015-05-12,8326.15,8326.65,8115.30,8126.90
2015-05-13,8181.55,8254.95,8089.80,8235.40
2015-05-14,8232.45,8236.25,8137.30,8224.20
2015-05-15,8240.30,8279.20,8212.20,8262.30
2015-05-18,8284.95,8384.60,8271.95,8373.60
2015-05-19,8356.20,8427.80,8335.00,8365.60
2015-05-20,8392.65,8440.35,8391.45,8423.20
2015-05-21,8434.50,8446.35,8382.50,8421.00
2015-05-22,8432.50,8489.55,8420.60,8458.90
2015-05-25,8438.15,8441.95,8364.15,8370.20
2015-05-26,8377.10,8378.90,8320.05,8339.30
2015-05-27,8302.75,8342.85,8277.95,8334.60
2015-05-28,8345.70,8364.50,8270.15,8319.00
2015-05-29,8327.10,8443.90,8305.70,8433.60
2015-06-01,8417.25,8467.15,8405.40,8433.40
2015-06-02,8442.80,8445.35,8226.05,8236.40
2015-06-03,8232.45,8236.70,8094.15,8135.10
2015-06-04,8155.15,8160.05,8056.75,8130.60
2015-06-05,8119.15,8191.00,8100.15,8114.70
2015-06-08,8124.35,8131.00,8030.55,8044.10
2015-06-09,8026.50,8057.15,8005.15,8022.40
2015-06-10,8024.15,8152.25,8023.80,8124.40
2015-06-11,8157.30,8163.05,7958.25,7965.30
2015-06-12,7959.85,7995.60,7940.30,7982.90
2015-06-15,7986.60,8057.70,7944.85,8013.90
2015-06-16,8004.20,8061.85,7952.35,8047.30
2015-06-17,8084.20,8136.85,8048.95,8091.50
2015-06-18,8113.70,8186.90,8101.80,8174.60
2015-06-19,8201.15,8250.80,8195.65,8224.90
2015-06-22,8259.30,8369.45,8257.40,8353.10
2015-06-23,8377.45,8398.45,8334.95,8381.50
2015-06-24,8399.40,8421.35,8338.90,8360.80
2015-06-25,8336.25,8423.15,8329.50,8398.00
2015-06-26,8393.95,8408.55,8339.70,8381.10
2015-06-29,8247.05,8329.45,8195.65,8318.40
2015-06-30,8316.35,8378.00,8298.95,8368.50
2015-07-01,8376.25,8481.60,8370.15,8453.00
2015-07-02,8471.95,8479.25,8433.20,8444.90
2015-07-03,8440.10,8497.75,8424.15,8484.90
2015-07-06,8386.15,8533.15,8386.15,8522.10
2015-07-07,8525.50,8561.35,8483.85,8510.80
2015-07-08,8439.20,8457.50,8341.40,8363.00
2015-07-09,8364.85,8400.30,8323.00,8328.50
2015-07-10,8365.70,8377.10,8315.40,8360.50
2015-07-13,8397.25,8471.65,8355.40,8459.60
2015-07-14,8470.60,8480.25,8424.10,8454.10
2015-07-15,8463.40,8531.40,8462.95,8523.80
2015-07-16,8546.15,8616.10,8542.90,8608.00
2015-07-17,8623.65,8642.95,8593.15,8609.80
2015-07-20,8623.90,8624.10,8559.00,8603.40
2015-07-21,8601.50,8646.75,8517.90,8529.40
2015-07-22,8512.25,8643.90,8498.65,8633.50
2015-07-23,8643.95,8654.75,8573.80,8589.80
2015-07-24,8588.15,8589.15,8513.50,8521.50
2015-07-27,8492.10,8492.20,8351.55,8361.00
2015-07-28,8371.10,8397.40,8321.75,8337.00
2015-07-29,8365.60,8381.50,8338.45,8375.00
2015-07-30,8417.00,8458.90,8408.30,8421.80
2015-07-31,8456.10,8548.95,8448.00,8532.80
2015-08-03,8510.65,8563.95,8508.10,8543.00
2015-08-04,8564.10,8565.15,8448.25,8516.90
2015-08-05,8547.45,8591.85,8545.85,8567.90
2015-08-06,8585.80,8606.30,8551.50,8588.60
2015-08-07,8580.80,8595.95,8552.70,8564.60
2015-08-10,8577.00,8621.55,8497.80,8525.60
2015-08-11,8548.45,8556.25,8441.30,8462.30
2015-08-12,8445.70,8446.95,8337.95,8349.40
2015-08-13,8384.45,8429.50,8339.75,8355.80
2015-08-14,8402.35,8530.10,8381.20,8518.50
2015-08-17,8530.50,8530.60,8428.05,8477.30
2015-08-18,8505.85,8525.75,8433.60,8466.50
2015-08-19,8468.05,8520.45,8425.95,8495.10
2015-08-20,8471.05,8501.35,8359.75,8372.70
2015-08-21,8305.40,8322.20,8225.05,8299.90
2015-08-24,8055.95,8060.05,7769.40,7809.00
2015-08-25,7895.40,7925.40,7667.25,7880.70
2015-08-26,7865.25,7930.05,7777.10,7791.80
2015-08-27,7921.60,7963.60,7862.30,7948.90
2015-08-28,8053.70,8091.80,7961.65,8001.90
2015-08-31,8009.25,8043.60,7947.95,7971.30
2015-09-01,7907.95,7929.10,7746.50,7785.80
2015-09-02,7856.65,7862.55,7699.25,7717.00
2015-09-03,7774.45,7845.60,7754.05,7823.00
2015-09-04,7803.40,7804.90,7626.85,7655.00
2015-09-07,7685.85,7705.05,7545.90,7558.80
2015-09-08,7587.70,7720.90,7539.50,7688.20
2015-09-09,7805.85,7846.05,7764.55,7818.60
2015-09-10,7729.05,7819.85,7678.50,7788.10
2015-09-11,7833.80,7864.85,7759.90,7789.30
2015-09-14,7811.10,7879.95,7761.85,7872.20
2015-09-15,7867.35,7880.00,7799.75,7829.10
2015-09-16,7886.85,7913.90,7853.30,7899.10
2015-09-18,7967.45,8055.00,7955.85,7981.90
2015-09-21,7911.50,7987.90,7908.35,7977.10
2015-09-22,8014.80,8021.60,7787.75,7812.00
2015-09-23,7737.35,7882.90,7723.25,7845.90
2015-09-24,7838.40,7894.50,7804.10,7868.50
2015-09-28,7892.80,7893.95,7787.95,7795.70
2015-09-29,7725.70,7926.55,7691.20,7843.30
2015-09-30,7924.25,7957.70,7874.50,7948.90
2015-10-01,7992.05,8008.25,7930.65,7950.90
2015-10-05,8005.10,8128.90,8005.10,8119.30
2015-10-06,8180.45,8180.95,8096.50,8152.90
2015-10-07,8146.20,8188.90,8132.90,8177.40
2015-10-08,8196.75,8196.75,8105.85,8129.30
2015-10-09,8186.35,8232.20,8139.65,8189.70
2015-10-12,8231.50,8244.50,8128.20,8143.60
2015-10-13,8121.95,8150.25,8088.60,8131.70
2015-10-14,8102.40,8139.30,8096.35,8107.90
2015-10-15,8134.35,8190.55,8129.80,8179.50
2015-10-16,8193.65,8246.40,8147.65,8238.10
2015-10-19,8262.55,8283.05,8239.20,8275.00
2015-10-20,8280.30,8294.05,8229.20,8261.60
2015-10-21,8258.35,8294.40,8217.15,8251.70
2015-10-23,8308.25,8328.10,8280.75,8295.40
2015-10-26,8333.65,8336.30,8252.05,8260.50
2015-10-27,8230.35,8241.95,8217.05,8232.90
2015-10-28,8188.90,8209.10,8131.80,8171.20
2015-10-29,8175.45,8179.60,8098.00,8111.70
2015-10-30,8123.55,8146.10,8044.40,8065.80
2015-11-02,8054.55,8060.70,7995.60,8050.80
2015-11-03,8086.35,8100.35,8031.75,8060.70
2015-11-04,8104.90,8116.10,8027.30,8040.20
2015-11-05,8030.35,8031.20,7944.10,7955.40
2015-11-06,7956.55,8002.65,7926.15,7954.30
2015-11-09,7788.25,7937.75,7771.70,7915.20
2015-11-10,7877.60,7885.10,7772.85,7783.30
2015-11-11,7838.80,7847.95,7819.10,7825.00
2015-11-13,7762.45,7775.10,7730.90,7762.20
2015-11-16,7732.95,7838.85,7714.15,7806.60
2015-11-17,7848.75,7860.45,7793.00,7837.50
2015-11-18,7823.15,7843.40,7725.05,7731.80
2015-11-19,7788.50,7854.90,7765.45,7842.70
2015-11-20,7841.90,7906.95,7817.80,7856.50
2015-11-23,7869.50,7877.50,7825.20,7849.20
2015-11-24,7837.00,7870.35,7812.65,7831.60
2015-11-26,7837.15,7897.10,7832.00,7883.80
2015-11-27,7910.60,7959.30,7879.45,7942.70
2015-11-30,7936.25,7966.00,7922.80,7935.20
2015-12-01,7958.15,7972.15,7934.15,7954.90
2015-12-02,7976.70,7979.30,7910.80,7931.30
2015-12-03,7902.30,7912.30,7853.30,7864.10
2015-12-04,7817.60,7821.40,7775.70,7781.90
2015-12-07,7816.55,7825.40,7746.05,7765.40
2015-12-08,7738.50,7771.25,7685.45,7701.70
2015-12-09,7695.50,7702.85,7606.90,7612.50
2015-12-10,7643.30,7691.95,7610.00,7683.30
2015-12-11,7699.60,7703.05,7575.30,7610.40
2015-12-14,7558.20,7663.95,7551.05,7650.00
2015-12-15,7659.15,7705.00,7625.10,7700.90
2015-12-16,7725.25,7776.60,7715.75,7750.90
2015-12-17,7783.05,7852.90,7737.55,7844.30
2015-12-18,7828.90,7836.15,7753.35,7761.90
2015-12-21,7745.65,7840.75,7733.45,7834.40
2015-12-22,7829.40,7846.30,7776.85,7786.10
2015-12-23,7830.45,7871.45,7826.10,7865.90
2015-12-24,7888.75,7888.75,7835.50,7861.00
2015-12-28,7863.20,7937.20,7863.00,7925.10
2015-12-29,7929.20,7942.15,7902.75,7928.90
2015-12-30,7938.60,7944.75,7889.85,7896.20
2015-12-31,7897.80,7955.55,7891.15,7946.30
2016-01-01,7938.45,7972.55,7909.80,7963.20
2016-01-04,7924.55,7937.55,7781.10,7791.30
2016-01-05,7828.40,7831.20,7763.25,7784.60
2016-01-06,7788.05,7800.95,7721.20,7741.00
2016-01-07,7673.35,7674.95,7556.60,7568.30
2016-01-08,7611.65,7634.10,7581.05,7601.30
2016-01-11,7527.45,7605.10,7494.35,7563.80
2016-01-12,7587.20,7588.30,7487.80,7510.30
2016-01-13,7557.90,7590.95,7425.80,7562.40
2016-01-14,7467.40,7604.80,7443.80,7536.80
2016-01-15,7561.65,7566.50,7427.30,7437.80
2016-01-18,7420.35,7463.65,7336.40,7351.00
2016-01-19,7381.80,7462.75,7364.15,7435.10
2016-01-20,7357.00,7470.90,7241.50,7309.30
2016-01-21,7376.65,7398.70,7250.00,7276.80
2016-01-22,7355.70,7433.40,7327.60,7422.40
2016-01-25,7468.75,7487.15,7421.20,7436.10
2016-01-27,7469.60,7477.90,7419.70,7437.70
2016-01-28,7426.50,7468.85,7409.60,7424.60
2016-01-29,7413.35,7575.65,7402.80,7563.50
2016-02-01,7589.50,7600.45,7541.25,7555.90
2016-02-02,7566.65,7576.30,7428.05,7455.50
2016-02-03,7392.45,7419.40,7350.30,7361.80
2016-02-04,7411.45,7457.05,7365.95,7404.00
2016-02-05,7418.25,7503.15,7406.65,7489.10
2016-02-08,7489.70,7512.55,7363.20,7387.20
2016-02-09,7303.95,7323.45,7275.15,7298.20
2016-02-10,7264.30,7271.85,7177.75,7215.70
2016-02-11,7203.60,7208.65,6959.95,6976.30
2016-02-12,7023.65,7034.80,6869.00,6980.90
2016-02-15,7057.35,7182.80,7056.80,7162.90
2016-02-16,7201.25,7204.65,7037.70,7048.20
2016-02-17,7058.85,7123.70,6960.65,7108.40
2016-02-18,7177.40,7215.10,7127.85,7191.70
2016-02-19,7170.55,7226.85,7145.95,7210.70
2016-02-22,7208.85,7252.40,7200.70,7234.50
2016-02-23,7240.30,7241.70,7090.70,7109.50
2016-02-24,7075.00,7090.80,7009.75,7018.70
2016-02-25,7029.85,7034.20,6961.40,6970.60
2016-02-26,7039.30,7052.90,6985.10,7029.70
2016-02-29,7050.45,7094.60,6825.80,6987.00
2016-03-01,7038.25,7235.50,7035.10,7222.30
2016-03-02,7321.70,7380.35,7308.15,7368.80
2016-03-03,7429.55,7483.95,7406.05,7475.60
2016-03-04,7505.40,7505.90,7444.10,7485.30
2016-03-08,7486.40,7527.15,7442.15,7485.30
2016-03-09,7436.10,7539.00,7424.30,7531.80
2016-03-10,7545.35,7547.10,7447.40,7486.10
2016-03-11,7484.85,7543.95,7460.60,7510.20
2016-03-14,7542.60,7583.70,7515.05,7538.70
2016-03-15,7535.85,7545.20,7452.80,7460.60
2016-03-16,7457.05,7508.00,7405.15,7498.70
2016-03-17,7557.40,7585.30,7479.40,7512.50
2016-03-18,7534.65,7613.60,7517.90,7604.30
2016-03-21,7619.20,7713.55,7617.70,7704.20
2016-03-22,7695.55,7728.20,7643.80,7714.90
2016-03-23,7717.45,7726.85,7670.60,7716.50
2016-03-28,7741.00,7749.40,7587.70,7615.10
2016-03-29,7606.55,7652.90,7582.25,7597.00
2016-03-30,7651.10,7741.95,7643.45,7735.20
2016-03-31,7727.65,7777.60,7702.00,7738.40
2016-04-01,7718.05,7740.15,7666.10,7713.00
2016-04-04,7733.15,7764.45,7704.40,7758.80
2016-04-05,7736.30,7736.30,7588.65,7603.20
2016-04-06,7636.05,7638.65,7591.75,7614.30
2016-04-07,7630.40,7630.75,7535.85,7546.40
2016-04-08,7542.35,7569.35,7526.70,7555.20
2016-04-11,7577.80,7678.80,7516.85,7671.40
2016-04-12,7669.25,7717.40,7663.35,7708.90
2016-04-13,7777.15,7864.80,7772.20,7850.40
2016-04-18,7908.15,7920.60,7842.75,7914.70
2016-04-20,7950.05,7950.40,7877.55,7914.70
2016-04-21,7953.65,7978.45,7884.10,7912.00
2016-04-22,7891.80,7923.35,7873.35,7899.30
2016-04-25,7894.80,7911.00,7827.00,7855.00
2016-04-26,7828.15,7974.50,7822.55,7962.60
2016-04-27,7942.00,7991.00,7940.55,7979.90
2016-04-28,7967.40,7992.00,7834.45,7847.20
2016-04-29,7844.25,7889.05,7788.70,7849.80
2016-05-02,7822.70,7829.80,7777.30,7805.90
2016-05-03,7824.80,7890.25,7735.15,7747.00
2016-05-04,7724.15,7749.00,7697.25,7706.50
2016-05-05,7731.00,7777.55,7706.85,7735.50
2016-05-06,7717.65,7738.90,7678.35,7733.40
2016-05-09,7755.25,7873.65,7753.55,7866.00
2016-05-10,7873.55,7896.90,7837.70,7887.80
2016-05-11,7804.65,7893.10,7780.90,7848.80
2016-05-12,7871.45,7916.05,7849.65,7900.40
2016-05-13,7881.00,7881.00,7784.20,7814.90
2016-05-16,7831.20,7873.90,7772.15,7860.70
2016-05-17,7896.85,7940.10,7879.70,7890.70
2016-05-18,7846.75,7882.05,7810.75,7870.10
2016-05-19,7875.50,7876.20,7766.80,7783.40
2016-05-20,7792.20,7812.40,7735.75,7749.70
2016-05-23,7813.95,7820.60,7722.20,7731.00
2016-05-24,7738.05,7761.55,7715.80,7748.80
2016-05-25,7811.80,7941.20,7809.30,7934.90
2016-05-26,7974.45,8083.00,7948.50,8069.60
2016-05-27,8081.95,8164.20,8077.05,8156.60
2016-05-30,8166.50,8200.00,8150.80,8178.50
2016-05-31,8209.85,8213.60,8134.30,8160.10
2016-06-01,8179.20,8215.35,8171.05,8179.90
2016-06-02,8156.90,8229.50,8154.75,8218.90
2016-06-03,8246.20,8262.00,8209.85,8220.80
2016-06-06,8228.75,8234.70,8186.05,8201.00
2016-06-07,8235.55,8294.95,8216.40,8266.40
2016-06-08,8285.50,8288.90,8252.05,8273.00
2016-06-09,8273.35,8273.35,8184.60,8203.60
2016-06-10,8180.25,8265.60,8162.85,8170.00
2016-06-13,8102.25,8125.25,8063.90,8110.60
2016-06-14,8134.40,8134.95,8069.50,8108.80
2016-06-15,8139.40,8213.20,8123.15,8206.60
2016-06-16,8180.65,8180.65,8074.45,8140.70
2016-06-17,8176.65,8195.25,8135.80,8170.20
2016-06-20,8115.75,8244.15,8107.35,8238.50
2016-06-21,8255.40,8257.25,8202.15,8219.90
2016-06-22,8213.65,8238.35,8153.25,8203.70
2016-06-23,8201.15,8285.60,8188.30,8270.40
2016-06-24,8029.10,8100.70,7927.05,8088.60
2016-06-27,8039.35,8120.65,8039.35,8094.70
2016-06-28,8096.05,8146.35,8086.85,8127.80
2016-06-29,8173.10,8212.40,8157.65,8204.00
2016-06-30,8260.25,8308.15,8242.10,8287.70
2016-07-01,8313.05,8356.75,8308.65,8328.30
2016-07-04,8376.75,8398.45,8364.70,8370.70
2016-07-05,8379.30,8381.45,8319.95,8335.90
2016-07-07,8342.00,8361.95,8317.70,8337.90
2016-07-08,8350.00,8353.30,8287.55,8323.20
2016-07-11,8413.35,8475.25,8407.05,8467.90
2016-07-12,8502.60,8526.60,8479.20,8521.00
2016-07-13,8540.45,8550.25,8493.55,8519.50
2016-07-14,8515.75,8571.40,8500.70,8565.00
2016-07-15,8565.45,8594.80,8510.05,8541.40
2016-07-18,8564.05,8587.10,8494.35,8508.70
2016-07-19,8514.30,8540.05,8476.70,8528.50
2016-07-20,8515.45,8569.90,8512.55,8565.80
2016-07-21,8582.70,8585.25,8503.45,8510.10
2016-07-22,8519.65,8548.95,8489.80,8541.20
2016-07-25,8519.95,8641.15,8517.20,8635.60
2016-07-26,8633.75,8644.90,8577.15,8590.60
2016-07-27,8599.40,8665.00,8572.05,8615.80
2016-07-28,8636.95,8674.70,8625.25,8666.30
2016-07-29,8668.30,8670.35,8631.15,8638.50
2016-08-01,8654.30,8711.30,8590.50,8636.50
2016-08-02,8647.45,8687.20,8611.40,8622.90
2016-08-03,8635.20,8635.45,8529.60,8544.80
2016-08-04,8599.95,8601.40,8518.15,8551.10
2016-08-05,8600.20,8689.40,8590.15,8683.10
2016-08-08,8712.85,8723.50,8697.60,8711.30
2016-08-09,8727.80,8728.35,8638.20,8678.20
2016-08-10,8686.70,8690.10,8564.60,8575.30
2016-08-11,8572.80,8601.15,8540.05,8592.10
2016-08-12,8605.45,8684.30,8604.45,8672.10
2016-08-16,8670.25,8682.35,8600.45,8642.50
2016-08-17,8639.80,8667.10,8603.60,8624.00
2016-08-18,8648.85,8690.70,8645.05,8673.20
2016-08-19,8694.30,8696.60,8647.10,8666.90
2016-08-22,8667.00,8684.85,8614.00,8629.10
2016-08-23,8628.35,8642.15,8580.00,8632.60
2016-08-24,8648.50,8661.05,8620.90,8650.30
2016-08-25,8668.85,8683.05,8583.65,8592.20
2016-08-26,8614.35,8622.95,8547.55,8572.50
2016-08-29,8583.75,8622.00,8543.75,8607.40
2016-08-30,8646.75,8750.60,8642.25,8744.30
2016-08-31,8754.05,8819.20,8754.05,8786.20
2016-09-01,8793.60,8813.25,8759.95,8774.60
2016-09-02,8796.35,8824.10,8768.20,8809.60
2016-09-06,8852.70,8950.85,8848.45,8943.00
2016-09-07,8968.70,8968.70,8913.35,8917.90
2016-09-08,8915.50,8960.35,8896.00,8952.50
2016-09-09,8934.30,8939.15,8858.70,8866.70
2016-09-12,8732.95,8746.95,8699.40,8715.60
2016-09-14,8710.65,8739.85,8688.90,8726.60
2016-09-15,8743.85,8751.95,8704.35,8742.50
2016-09-16,8780.85,8847.65,8750.50,8779.80
2016-09-19,8788.45,8824.30,8774.20,8808.40
2016-09-20,8816.10,8816.45,8759.30,8775.90
2016-09-21,8790.30,8826.85,8757.30,8777.10
2016-09-22,8873.35,8893.35,8837.80,8867.40
2016-09-23,8880.75,8885.20,8820.30,8831.50
2016-09-26,8807.90,8809.55,8715.10,8723.00
2016-09-27,8748.90,8768.50,8690.50,8706.40
2016-09-28,8711.20,8767.05,8703.15,8745.10
2016-09-29,8792.70,8800.65,8558.25,8591.20
2016-09-30,8581.50,8637.15,8555.20,8611.10
2016-10-03,8666.15,8745.20,8635.00,8738.10
2016-10-04,8770.00,8783.65,8736.10,8769.10
2016-10-05,8806.35,8806.95,8731.40,8743.90
2016-10-06,8768.70,8781.15,8684.65,8709.50
2016-10-07,8721.70,8723.70,8663.80,8697.60
2016-10-10,8735.35,8745.80,8703.95,8708.80
2016-10-13,8671.50,8681.55,8541.35,8573.30
2016-10-14,8594.00,8604.45,8549.80,8583.40
2016-10-17,8612.95,8615.40,8506.15,8520.40
2016-10-18,8556.05,8685.10,8555.90,8677.90
2016-10-19,8697.50,8698.75,8636.70,8659.10
2016-10-20,8693.35,8727.00,8678.30,8699.40
2016-10-21,8708.60,8709.10,8652.05,8693.00
2016-10-24,8709.85,8736.95,8684.15,8708.90
2016-10-25,8721.70,8722.65,8663.45,8691.30
2016-10-26,8657.30,8657.30,8596.60,8615.20
2016-10-27,8607.10,8624.85,8550.25,8615.20
2016-10-28,8625.00,8653.75,8581.75,8638.00
2016-10-30,8672.35,8678.25,8616.25,8625.70
2016-11-01,8653.15,8669.60,8614.50,8626.20
2016-11-02,8542.80,8549.50,8504.85,8514.00
2016-11-03,8499.85,8537.65,8476.15,8484.90
2016-11-04,8503.60,8504.00,8400.25,8433.70
2016-11-07,8535.75,8535.85,8481.45,8497.00
2016-11-08,8540.00,8559.40,8480.10,8543.50
2016-11-09,8067.50,8476.20,8002.25,8432.00
2016-11-10,8555.60,8598.45,8510.70,8525.70
2016-11-11,8456.65,8460.60,8284.95,8296.30
2016-11-15,8284.85,8288.55,8093.20,8108.40
2016-11-16,8205.65,8210.05,8089.40,8111.60
2016-11-17,8105.10,8151.25,8060.30,8079.90
2016-11-18,8097.55,8128.95,8048.30,8074.10
2016-11-21,8102.10,8102.45,7916.40,7929.10
2016-11-22,7989.15,8019.05,7938.15,8002.30
2016-11-23,8051.20,8055.20,7973.10,8033.30
2016-11-24,8011.80,8024.85,7952.55,7965.50
2016-11-25,8007.95,8122.25,7976.75,8114.30
2016-11-28,8080.65,8146.50,8066.50,8126.90
2016-11-29,8131.55,8197.35,8128.70,8142.10
2016-11-30,8172.15,8234.25,8139.25,8224.50
2016-12-01,8244.00,8250.80,8185.05,8192.90
2016-12-02,8153.55,8159.30,8070.05,8086.80
2016-12-05,8088.75,8141.90,8056.85,8128.70
2016-12-06,8153.15,8178.70,8130.85,8143.10
2016-12-07,8168.40,8190.45,8077.50,8102.00
2016-12-08,8152.10,8256.25,8151.75,8246.80
2016-12-09,8271.70,8274.95,8241.95,8261.70
2016-12-12,8230.65,8230.65,8154.45,8170.80
2016-12-13,8196.15,8228.85,8155.80,8221.80
2016-12-14,8229.35,8229.40,8165.10,8182.40
2016-12-15,8128.40,8225.90,8121.95,8153.60
2016-12-16,8178.20,8178.70,8127.45,8139.40
2016-12-19,8126.00,8132.50,8094.85,8104.30
2016-12-20,8110.60,8124.10,8062.75,8082.40
2016-12-21,8105.85,8112.55,8053.25,8061.30
2016-12-22,8043.85,8046.45,7964.95,7979.10
2016-12-23,7972.50,8022.60,7942.05,7985.70
2016-12-26,7965.10,7970.05,7893.80,7908.20
2016-12-27,7915.05,8044.65,7903.70,8032.80
2016-12-28,8047.55,8100.55,8028.40,8034.80
2016-12-29,8030.60,8111.10,8020.80,8103.60
2016-12-30,8119.65,8197.00,8114.75,8185.80
2017-01-02,8210.10,8212.00,8133.80,8179.50
2017-01-03,8196.05,8219.10,8148.60,8192.20
2017-01-04,8202.65,8218.50,8180.90,8190.50
2017-01-05,8226.65,8282.65,8223.70,8273.80
2017-01-06,8281.85,8306.85,8233.25,8243.80
2017-01-09,8259.35,8263.00,8227.75,8236.00
2017-01-10,8262.70,8293.80,8261.00,8288.60
2017-01-11,8327.80,8389.00,8322.25,8380.60
2017-01-12,8391.05,8417.20,8382.30,8407.20
2017-01-13,8457.65,8461.05,8373.15,8400.30
2017-01-16,8390.95,8426.70,8374.40,8412.80
2017-01-17,8415.05,8440.90,8378.30,8398.00
2017-01-18,8403.85,8460.30,8397.40,8417.00
2017-01-19,8418.40,8445.15,8404.05,8435.10
2017-01-20,8404.35,8423.65,8340.95,8349.30
2017-01-23,8329.60,8404.15,8327.20,8391.50
2017-01-24,8407.05,8480.95,8398.15,8475.80
2017-01-25,8499.45,8612.60,8493.95,8602.70
2017-01-27,8610.50,8672.70,8606.90,8641.20
2017-01-30,8635.55,8662.60,8617.75,8632.70
2017-01-31,8629.45,8631.75,8552.40,8561.30
2017-02-01,8570.35,8722.40,8537.50,8716.40
2017-02-02,8724.75,8757.60,8685.80,8734.20
2017-02-03,8735.15,8748.25,8707.75,8740.90
2017-02-06,8785.45,8814.10,8770.20,8801.00
2017-02-07,8805.70,8809.30,8741.05,8768.30
2017-02-08,8774.55,8791.25,8715.00,8769.00
2017-02-09,8795.55,8821.40,8724.10,8778.40
2017-02-10,8812.35,8822.10,8771.20,8793.50
2017-02-13,8819.80,8826.90,8754.20,8805.00
2017-02-14,8819.90,8820.45,8772.50,8792.30
2017-02-15,8778.95,8807.90,8712.85,8724.70
2017-02-16,8739.00,8783.95,8719.60,8778.00
2017-02-17,8883.70,8896.45,8804.25,8821.70
2017-02-20,8818.55,8886.25,8809.80,8879.20
2017-02-21,8890.75,8920.80,8860.95,8907.80
2017-02-22,8931.60,8960.75,8905.25,8926.90
2017-02-23,8956.40,8982.15,8927.55,8939.50
2017-02-27,8943.70,8951.80,8888.65,8896.70
2017-02-28,8898.95,8914.75,8867.60,8879.60
2017-03-01,8904.40,8960.80,8898.60,8945.80
2017-03-02,8982.85,8992.50,8879.80,8899.70
2017-03-03,8883.50,8907.10,8860.10,8897.50
2017-03-06,8915.10,8967.80,8914.00,8963.40
2017-03-07,8977.75,8977.85,8932.80,8946.90
2017-03-08,8950.70,8957.05,8891.95,8924.30
2017-03-09,8914.50,8945.80,8899.50,8927.00
2017-03-10,8953.70,8975.70,8903.95,8934.50
2017-03-14,9091.65,9122.75,9060.50,9087.00
2017-03-15,9086.85,9106.55,9075.50,9084.80
2017-03-16,9129.65,9158.45,9128.55,9153.70
2017-03-17,9207.80,9218.40,9147.60,9160.00
2017-03-20,9166.95,9167.60,9116.30,9126.80
2017-03-21,9133.95,9147.75,9087.20,9121.50
2017-03-22,9047.20,9072.90,9019.30,9030.40
2017-03-23,9048.75,9099.05,9048.60,9086.30
2017-03-24,9104.00,9133.55,9089.40,9108.00
2017-03-27,9093.45,9094.85,9024.65,9045.20
2017-03-28,9081.50,9110.40,9079.80,9100.80
2017-03-29,9128.70,9153.15,9109.10,9143.80
2017-03-30,9142.60,9183.15,9136.35,9173.70
2017-03-31,9158.90,9191.70,9152.10,9173.70
2017-04-03,9220.60,9245.35,9192.40,9237.80
2017-04-05,9264.40,9273.90,9215.40,9265.10
2017-04-06,9245.80,9267.95,9218.85,9261.90
2017-04-07,9223.70,9250.50,9188.10,9198.30
2017-04-10,9225.60,9225.65,9174.85,9181.40
2017-04-11,9184.55,9242.70,9172.85,9237.00
2017-04-12,9242.50,9246.40,9161.80,9203.40
2017-04-13,9202.50,9202.65,9144.95,9150.80
2017-04-17,9144.75,9160.00,9120.25,9139.30
2017-04-18,9163.00,9217.90,9095.45,9105.10
2017-04-19,9112.20,9120.50,9075.15,9103.50
2017-04-20,9108.10,9143.90,9102.65,9136.40
2017-04-21,9179.10,9183.65,9088.75,9119.40
2017-04-24,9135.35,9225.40,9130.55,9217.90
2017-04-25,9273.05,9309.20,9250.35,9306.60
2017-04-26,9336.20,9367.00,9301.35,9351.80
2017-04-27,9359.15,9367.15,9322.65,9342.10
2017-04-28,9340.95,9342.65,9282.25,9304.00
2017-05-02,9339.85,9352.55,9269.90,9313.80
2017-05-03,9344.70,9346.30,9298.40,9311.90
2017-05-04,9360.95,9365.65,9323.25,9359.90
2017-05-05,9374.55,9377.10,9272.00,9285.30
2017-05-08,9311.45,9338.70,9297.95,9314.00
2017-05-09,9337.35,9338.95,9307.70,9316.80
2017-05-10,9339.65,9414.75,9336.00,9407.30
2017-05-11,9448.60,9450.65,9411.30,9422.40
2017-05-12,9436.65,9437.75,9372.55,9400.90
2017-05-15,9433.55,9449.25,9423.10,9445.40
2017-05-16,9461.00,9517.20,9456.35,9512.20
2017-05-17,9517.60,9532.60,9486.10,9525.70
2017-05-18,9453.20,9489.10,9418.10,9429.40
2017-05-19,9469.90,9505.75,9390.75,9427.90
2017-05-22,9480.25,9498.65,9427.90,9438.20
2017-05-23,9445.05,9448.05,9370.00,9386.10
2017-05-24,9410.90,9431.90,9341.65,9360.50
2017-05-25,9384.05,9523.30,9379.20,9509.70
2017-05-26,9507.75,9604.90,9495.40,9595.10
2017-05-29,9560.05,9637.75,9547.70,9604.90
2017-05-30,9590.65,9635.30,9581.20,9624.50
2017-05-31,9636.55,9649.60,9609.25,9621.20
2017-06-01,9603.55,9634.65,9589.90,9616.10
2017-06-02,9657.15,9673.50,9637.45,9653.50
2017-06-05,9656.30,9687.20,9640.70,9675.10
2017-06-06,9704.25,9709.30,9630.20,9637.10
2017-06-07,9663.95,9678.55,9630.55,9663.90
2017-06-08,9682.40,9688.70,9641.50,9647.20
2017-06-09,9638.55,9676.25,9608.15,9668.20
2017-06-12,9646.70,9647.05,9598.50,9616.40
2017-06-13,9615.55,9654.15,9595.40,9606.90
2017-06-14,9621.55,9627.40,9580.45,9618.10
2017-06-15,9617.90,9621.40,9560.80,9578.00
2017-06-16,9595.45,9615.85,9565.50,9588.00
2017-06-19,9626.40,9673.30,9614.90,9657.50
2017-06-20,9670.50,9676.50,9643.75,9653.50
2017-06-21,9648.10,9650.45,9608.60,9633.60
2017-06-22,9642.65,9698.85,9617.75,9630.00
2017-06-23,9643.25,9647.65,9565.30,9574.90
2017-06-27,9594.05,9615.40,9473.45,9511.40
2017-06-28,9520.20,9522.50,9474.35,9491.20
2017-06-29,9522.95,9575.80,9493.80,9504.10
2017-06-30,9478.50,9535.80,9448.75,9520.90
2017-07-03,9587.95,9624.00,9543.55,9615.00
2017-07-04,9645.90,9650.65,9595.50,9613.30
2017-07-05,9619.75,9643.65,9607.35,9637.60
2017-07-06,9653.60,9700.70,9639.95,9674.50
2017-07-07,9670.35,9684.25,9642.65,9665.80
2017-07-10,9719.30,9782.15,9646.45,9771.00
2017-07-11,9797.45,9830.05,9778.85,9786.00
2017-07-12,9807.30,9824.95,9787.70,9816.10
2017-07-13,9855.80,9897.25,9853.45,9891.70
2017-07-14,9913.30,9913.30,9845.45,9886.30
2017-07-17,9908.15,9928.20,9894.70,9915.90
2017-07-18,9832.70,9885.35,9792.05,9827.10
2017-07-19,9855.95,9905.05,9851.65,9899.60
2017-07-20,9920.20,9922.55,9863.45,9873.30
2017-07-21,9899.60,9924.70,9838.00,9915.20
2017-07-24,9936.80,9982.05,9919.60,9966.40
2017-07-25,10010.55,10011.30,9949.10,9964.50
2017-07-26,9983.65,10025.95,9965.95,10020.00
2017-07-27,10063.25,10114.85,10005.50,10020.00
2017-07-28,9996.55,10026.05,9944.50,10014.00
2017-07-31,10034.70,10085.90,10016.95,10077.00
2017-08-01,10101.05,10128.60,10065.75,10114.00
2017-08-02,10136.30,10137.85,10054.20,10081.00
2017-08-03,10081.15,10081.15,9998.25,10013.00
2017-08-04,10008.60,10075.25,9988.35,10066.00
2017-08-07,10074.80,10088.10,10046.35,10057.00
2017-08-08,10068.35,10083.80,9947.00,9978.50
2017-08-09,9961.15,9969.80,9893.05,9908.00
2017-08-10,9872.85,9892.65,9776.20,9820.20
2017-08-11,9712.15,9771.65,9685.55,9710.80
2017-08-14,9755.75,9818.30,9752.10,9794.10
2017-08-16,9825.85,9903.95,9773.85,9897.30
2017-08-17,9945.55,9947.80,9883.75,9904.10
2017-08-18,9865.95,9865.95,9783.65,9837.40
2017-08-21,9864.25,9884.35,9740.10,9754.30
2017-08-22,9815.75,9828.45,9752.60,9765.50
2017-08-23,9803.05,9857.90,9786.75,9852.50
2017-08-24,9881.20,9881.50,9848.85,9857.00
2017-08-28,9907.15,9925.75,9882.00,9912.80
2017-08-29,9886.40,9887.35,9783.75,9796.00
2017-08-30,9859.50,9909.45,9850.80,9884.40
2017-08-31,9905.70,9925.10,9856.95,9917.90
2017-09-01,9937.65,9983.45,9909.85,9974.40
2017-09-04,9984.15,9988.40,9861.00,9912.80
2017-09-05,9933.25,9963.10,9901.05,9952.20
2017-09-06,9899.25,9931.55,9882.55,9916.20
2017-09-07,9945.85,9964.85,9917.20,9929.90
2017-09-08,9958.65,9963.60,9913.30,9934.80
2017-09-11,9971.75,10028.65,9968.80,10006.00
2017-09-12,10056.85,10097.55,10028.05,10093.00
2017-09-13,10099.25,10131.95,10063.15,10079.00
2017-09-14,10107.40,10126.50,10070.35,10086.00
2017-09-15,10062.35,10115.15,10043.65,10085.00
2017-09-18,10133.10,10171.70,10131.30,10153.00
2017-09-19,10175.60,10178.95,10129.95,10147.00
2017-09-20,10160.95,10171.05,10134.20,10141.00
2017-09-21,10139.60,10158.90,10058.60,10121.00
2017-09-22,10094.35,10095.05,9952.80,9964.40
2017-09-25,9960.10,9960.50,9816.05,9872.60
2017-09-26,9875.25,9891.35,9813.00,9871.50
2017-09-27,9920.60,9921.05,9714.40,9735.70
2017-09-28,9736.40,9789.20,9687.55,9768.90
2017-09-29,9814.30,9854.00,9775.35,9788.60
2017-10-03,9893.30,9895.40,9831.05,9859.50
2017-10-04,9884.35,9938.30,9850.65,9914.90
2017-10-05,9927.00,9945.95,9881.85,9888.70
2017-10-06,9908.15,9989.35,9906.60,9979.70
2017-10-09,9988.20,10015.75,9959.45,9988.70
2017-10-10,10013.70,10034.00,10002.30,10016.00
2017-10-11,10042.60,10067.25,9955.80,9984.80
2017-10-12,10011.20,10104.45,9977.10,10096.00
2017-10-13,10123.70,10191.90,10120.10,10167.00
2017-10-16,10207.40,10242.95,10175.10,10230.00
2017-10-17,10227.65,10251.85,10212.60,10234.00
2017-10-18,10209.40,10236.45,10175.75,10210.00
2017-10-19,10210.35,10211.95,10123.35,10146.00
2017-10-23,10176.65,10224.15,10124.50,10184.00
2017-10-24,10218.55,10237.75,10182.40,10207.00
2017-10-25,10321.15,10340.55,10240.90,10295.00
2017-10-26,10291.80,10355.65,10271.85,10343.00
2017-10-27,10362.30,10366.15,10311.30,10323.00
2017-10-30,10353.85,10384.50,10344.30,10363.00
2017-10-31,10364.90,10367.70,10323.95,10335.00
2017-11-01,10390.35,10451.65,10383.05,10440.00
2017-11-02,10440.50,10453.00,10412.55,10423.00
2017-11-03,10461.55,10461.70,10403.60,10452.00
2017-11-06,10431.75,10490.45,10413.75,10451.00
2017-11-07,10477.15,10485.75,10340.80,10350.00
2017-11-08,10361.95,10384.25,10285.50,10303.00
2017-11-09,10358.65,10368.45,10266.95,10308.00
2017-11-10,10304.35,10344.95,10254.10,10321.00
2017-11-13,10322.00,10334.15,10216.25,10224.00
2017-11-14,10223.40,10248.00,10175.55,10186.00
2017-11-15,10171.95,10175.45,10094.00,10118.00
2017-11-16,10152.90,10232.25,10139.20,10214.00
2017-11-17,10324.55,10343.60,10268.05,10283.00
2017-11-20,10287.20,10309.85,10261.50,10298.00
2017-11-21,10329.25,10358.70,10315.05,10326.00
2017-11-22,10350.80,10368.70,10309.55,10342.00
2017-11-23,10358.45,10374.30,10307.30,10348.00
2017-11-24,10366.80,10404.50,10362.25,10389.00
2017-11-27,10361.05,10407.15,10340.20,10399.00
2017-11-28,10387.90,10409.55,10355.20,10370.00
2017-11-29,10376.65,10392.95,10345.90,10361.00
2017-11-30,10332.70,10332.70,10211.25,10226.00
2017-12-01,10263.70,10272.70,10108.55,10121.00
2017-12-04,10175.05,10179.20,10095.70,10127.00
2017-12-05,10118.25,10147.95,10069.10,10118.00
2017-12-06,10088.80,10104.20,10033.35,10044.00
2017-12-07,10063.45,10182.65,10061.90,10166.00
2017-12-08,10198.45,10270.85,10195.25,10265.00
2017-12-11,10310.50,10329.20,10282.05,10322.00
2017-12-12,10324.90,10326.10,10230.20,10240.00
2017-12-13,10236.60,10296.55,10169.85,10192.00
2017-12-14,10229.30,10276.10,10141.55,10252.00
2017-12-15,10345.65,10373.10,10319.65,10333.00
2017-12-18,10263.10,10443.55,10074.80,10388.00
2017-12-19,10414.80,10472.20,10406.00,10463.00
2017-12-20,10494.40,10494.45,10437.15,10444.00
2017-12-21,10473.95,10473.95,10426.90,10440.00
2017-12-22,10457.30,10501.10,10448.25,10493.00
2017-12-26,10512.30,10545.45,10477.95,10531.00
2017-12-27,10531.05,10552.40,10469.25,10490.00
2017-12-28,10498.20,10534.55,10460.45,10477.00
2017-12-29,10492.35,10538.70,10488.65,10530.00
2018-01-01,10531.70,10537.85,10423.10,10435.55
2018-01-02,10477.55,10495.20,10404.65,10442.20
2018-01-03,10482.65,10503.60,10429.55,10443.20
2018-01-04,10469.40,10513.00,10441.45,10504.80
2018-01-05,10534.25,10566.10,10520.10,10558.85
2018-01-08,10591.70,10631.20,10588.55,10623.60
2018-01-09,10645.10,10659.15,10603.60,10637.00
2018-01-10,10652.05,10655.50,10592.70,10632.20
2018-01-11,10637.05,10664.60,10612.35,10651.20
2018-01-12,10682.55,10690.40,10597.10,10681.25
2018-01-15,10718.50,10782.65,10713.80,10741.55
2018-01-16,10761.50,10762.35,10687.85,10700.45
2018-01-17,10702.45,10803.00,10666.75,10788.55
2018-01-18,10873.40,10887.50,10782.40,10817.00
2018-01-19,10829.20,10906.85,10793.90,10894.70
2018-01-22,10883.20,10975.10,10881.40,10966.20
2018-01-23,10997.40,11092.90,10994.55,11083.70
2018-01-24,11069.35,11110.10,11046.15,11086.00
2018-01-25,11095.60,11095.60,11009.20,11069.65
2018-01-29,11079.35,11171.55,11075.95,11130.40
2018-01-30,11120.85,11121.10,11033.90,11049.65
2018-01-31,11018.80,11058.50,10979.30,11027.70
2018-02-01,11044.55,11117.35,10878.80,11016.90
2018-02-02,10938.20,10954.95,10736.10,10760.60
2018-02-05,10604.30,10702.75,10586.80,10666.55
2018-02-06,10295.15,10594.15,10276.30,10498.25
2018-02-07,10607.20,10614.00,10446.40,10476.70
2018-02-08,10518.50,10637.80,10479.55,10576.85
2018-02-09,10416.50,10480.20,10398.20,10454.95
2018-02-12,10518.20,10555.50,10485.40,10539.75
2018-02-14,10585.75,10590.55,10456.65,10500.90
2018-02-15,10537.90,10618.10,10511.05,10545.50
2018-02-16,10596.20,10612.90,10434.05,10452.30
2018-02-19,10488.90,10489.35,10302.75,10378.40
2018-02-20,10391.00,10429.35,10347.65,10360.40
2018-02-21,10426.00,10426.10,10349.60,10397.45
2018-02-22,10354.35,10397.55,10340.65,10382.70
2018-02-23,10408.10,10499.10,10396.65,10491.05
2018-02-26,10526.55,10592.95,10520.20,10582.60
2018-02-27,10615.20,10631.65,10537.25,10554.30
2018-02-28,10488.95,10535.50,10461.55,10492.85
2018-03-01,10479.95,10525.50,10447.15,10458.35
2018-03-05,10428.30,10428.70,10323.90,10358.85
2018-03-06,10420.50,10441.35,10215.90,10249.25
2018-03-07,10232.95,10243.35,10141.55,10154.20
2018-03-08,10216.25,10270.35,10146.40,10242.65
2018-03-09,10271.30,10296.70,10211.90,10226.85
2018-03-12,10301.60,10433.65,10295.45,10421.40
2018-03-13,10389.50,10478.60,10377.85,10426.85
2018-03-14,10393.05,10420.35,10336.30,10410.90
2018-03-15,10405.45,10420.00,10346.20,10360.15
2018-03-16,10345.15,10346.30,10180.25,10195.15
2018-03-19,10215.35,10224.55,10075.30,10094.25
2018-03-20,10051.55,10155.65,10049.10,10124.35
2018-03-21,10181.95,10227.30,10132.95,10155.25
2018-03-22,10167.50,10207.85,10105.40,10114.75
2018-03-23,9968.80,10027.70,9951.90,9998.05
2018-03-26,9989.15,10143.50,9958.55,10130.65
2018-03-27,10188.00,10207.90,10139.65,10184.15
2018-03-28,10143.60,10158.35,10096.90,10113.70
2018-04-02,10151.65,10220.10,10127.75,10211.80
2018-04-03,10186.85,10255.35,10171.05,10245.00
2018-04-04,10274.60,10279.85,10111.30,10128.40
2018-04-05,10228.45,10331.80,10227.45,10325.15
2018-04-06,10322.75,10350.45,10290.85,10331.60
2018-04-09,10333.70,10397.70,10328.50,10379.35
2018-04-10,10412.90,10424.85,10381.50,10402.25
2018-04-11,10428.15,10428.15,10355.60,10417.15
2018-04-12,10410.65,10469.90,10395.25,10458.65
2018-04-13,10495.30,10519.90,10451.45,10480.60
2018-04-16,10398.30,10540.15,10396.35,10528.35
2018-04-17,10557.30,10560.45,10495.65,10548.70
2018-04-18,10578.90,10594.20,10509.70,10526.20
2018-04-19,10563.65,10572.20,10546.20,10565.30
2018-04-20,10560.35,10582.35,10527.45,10564.05
2018-04-23,10592.80,10638.35,10514.95,10584.70
2018-04-24,10578.10,10636.80,10569.00,10614.35
2018-04-25,10612.40,10612.60,10536.45,10570.55
2018-04-26,10586.50,10628.40,10559.65,10617.80
2018-04-27,10651.65,10719.80,10647.55,10692.30
2018-04-30,10705.75,10759.00,10704.60,10739.35
2018-05-02,10783.85,10784.65,10689.80,10718.05
2018-05-03,10720.15,10720.60,10647.45,10679.65
2018-05-04,10700.45,10700.45,10601.60,10618.25
2018-05-07,10653.15,10725.65,10635.65,10715.50
2018-05-08,10757.90,10758.55,10689.40,10717.80
2018-05-09,10693.35,10766.25,10689.85,10741.70
2018-05-10,10779.65,10785.55,10705.00,10716.55
2018-05-11,10741.95,10812.05,10724.45,10806.50
2018-05-14,10815.15,10834.85,10774.75,10806.60
2018-05-15,10812.60,10929.20,10781.40,10801.85
2018-05-16,10751.95,10790.45,10699.70,10741.10
2018-05-17,10775.60,10777.25,10664.50,10682.70
2018-05-18,10671.85,10674.95,10589.10,10596.40
2018-05-21,10616.70,10621.70,10505.80,10516.70
2018-05-22,10518.45,10558.60,10490.55,10536.70
2018-05-23,10521.10,10533.55,10417.80,10430.35
2018-05-24,10464.85,10535.15,10419.80,10513.85
2018-05-25,10533.05,10628.05,10524.00,10605.15
2018-05-28,10648.35,10709.80,10640.55,10688.65
2018-05-29,10689.40,10717.25,10616.10,10633.30
2018-05-30,10579.00,10648.70,10558.45,10614.35
2018-05-31,10670.10,10763.80,10620.40,10736.15
2018-06-01,10738.45,10764.75,10681.50,10696.20
2018-06-04,10765.95,10770.30,10618.35,10628.50
2018-06-05,10630.70,10633.15,10550.90,10593.15
2018-06-06,10603.45,10698.35,10587.50,10684.65
2018-06-07,10722.60,10818.00,10722.60,10768.35
2018-06-08,10736.40,10779.45,10709.05,10767.65
2018-06-11,10781.85,10850.55,10777.05,10786.95
2018-06-12,10816.15,10856.55,10789.40,10842.85
2018-06-13,10887.50,10893.25,10842.65,10856.70
2018-06-14,10832.90,10833.70,10773.55,10808.05
2018-06-15,10808.65,10834.00,10755.40,10817.70
2018-06-18,10830.20,10830.20,10787.35,10799.85
2018-06-19,10789.45,10789.45,10701.20,10710.45
2018-06-20,10734.65,10781.80,10724.05,10772.05
2018-06-21,10808.45,10809.60,10725.90,10741.10
2018-06-22,10742.70,10837.00,10710.45,10821.85
2018-06-25,10822.90,10831.05,10753.05,10762.45
2018-06-26,10742.70,10805.25,10732.55,10769.15
2018-06-27,10785.50,10785.50,10652.40,10671.40
2018-06-28,10660.80,10674.20,10557.70,10589.10
2018-06-29,10612.85,10723.05,10612.35,10714.30
2018-07-02,10732.35,10736.15,10604.65,10657.30
2018-07-03,10668.60,10713.30,10630.25,10699.90
2018-07-04,10715.00,10777.15,10677.75,10769.90
2018-07-05,10786.05,10786.05,10726.25,10749.75
2018-07-06,10744.15,10816.35,10735.05,10772.65
2018-07-09,10838.30,10860.35,10807.15,10852.90
2018-07-10,10902.75,10956.90,10876.65,10947.25
2018-07-11,10956.40,10976.65,10923.00,10948.30
2018-07-12,11006.95,11078.30,10999.65,11023.20
2018-07-13,11056.90,11071.35,10999.75,11018.90
2018-07-16,11018.95,11019.50,10926.25,10936.85
2018-07-17,10939.65,11018.50,10925.60,11008.05
2018-07-18,11060.20,11076.20,10956.30,10980.45
2018-07-19,10999.50,11006.50,10935.45,10957.10
2018-07-20,10963.50,11030.25,10946.20,11010.20
2018-07-23,11019.85,11093.40,11010.95,11084.75
2018-07-24,11109.00,11143.40,11092.50,11134.30
2018-07-25,11148.40,11157.15,11113.25,11132.00
2018-07-26,11132.95,11185.85,11125.70,11167.30
2018-07-27,11232.75,11283.40,11210.25,11278.35
2018-07-30,11296.65,11328.10,11261.45,11319.55
2018-07-31,11311.05,11366.00,11267.75,11356.50
2018-08-01,11359.80,11390.55,11313.55,11346.20
2018-08-02,11328.90,11328.90,11234.95,11244.70
2018-08-03,11297.80,11368.00,11294.55,11360.80
2018-08-06,11401.50,11427.65,11370.60,11387.10
2018-08-07,11423.15,11428.95,11359.70,11389.45
2018-08-08,11412.50,11459.95,11379.30,11450.00
2018-08-09,11493.25,11495.20,11454.10,11470.70
2018-08-10,11474.95,11478.75,11419.65,11429.50
2018-08-13,11369.60,11406.30,11340.30,11355.75
2018-08-14,11381.70,11452.45,11370.80,11435.10
2018-08-16,11397.15,11449.85,11366.25,11385.05
2018-08-17,11437.15,11486.45,11431.80,11470.75
2018-08-20,11502.10,11565.30,11499.65,11551.75
2018-08-21,11576.20,11581.75,11539.60,11570.90
2018-08-23,11620.70,11620.70,11546.70,11582.75
2018-08-24,11566.60,11604.60,11532.00,11557.10
2018-08-27,11605.85,11700.95,11595.60,11691.95
2018-08-28,11731.95,11760.20,11710.50,11738.50
2018-08-29,11744.95,11753.20,11678.85,11691.90
2018-08-30,11694.75,11698.80,11639.70,11676.80
2018-08-31,11675.85,11727.65,11640.10,11680.50
2018-09-03,11751.80,11751.80,11567.40,11582.35
2018-09-04,11598.75,11602.55,11496.85,11520.30
2018-09-05,11514.85,11542.65,11393.85,11476.95
2018-09-06,11514.15,11562.25,11436.05,11536.90
2018-09-07,11558.25,11603.00,11484.40,11589.10
2018-09-10,11570.25,11573.00,11427.30,11438.10
2018-09-11,11476.85,11479.40,11274.00,11287.50
2018-09-12,11340.10,11380.75,11250.20,11369.90
2018-09-14,11443.50,11523.25,11430.55,11515.20
2018-09-17,11464.95,11464.95,11366.90,11377.75
2018-09-18,11381.55,11411.45,11268.95,11278.90
2018-09-19,11326.65,11332.05,11210.90,11234.35
2018-09-21,11271.30,11346.80,10866.45,11143.10
2018-09-24,11164.40,11170.15,10943.60,10967.40
2018-09-25,10969.95,11080.60,10882.85,11067.45
2018-09-26,11145.55,11145.55,10993.05,11053.80
2018-09-27,11079.80,11089.45,10953.35,10977.55
2018-09-28,11008.10,11034.10,10850.30,10930.45
2018-10-01,10930.90,11035.65,10821.55,11008.30
2018-10-03,10982.70,10989.05,10843.75,10858.25
2018-10-04,10754.70,10754.70,10547.25,10599.25
2018-10-05,10514.10,10540.65,10261.90,10316.45
2018-10-08,10310.15,10398.35,10198.40,10348.05
2018-10-09,10390.30,10397.60,10279.35,10301.05
2018-10-10,10331.85,10482.35,10318.25,10460.10
2018-10-11,10169.80,10335.95,10138.60,10234.65
2018-10-12,10331.55,10492.45,10322.15,10472.50
2018-10-15,10524.20,10526.30,10410.15,10512.50
2018-10-16,10550.15,10604.90,10525.30,10584.75
2018-10-17,10688.70,10710.15,10436.45,10453.05
2018-10-19,10339.70,10380.10,10249.60,10303.55
2018-10-22,10405.85,10408.55,10224.00,10245.25
2018-10-23,10152.60,10222.10,10102.35,10146.80
2018-10-24,10278.15,10290.65,10126.70,10224.75
2018-10-25,10135.05,10166.60,10079.30,10124.90
2018-10-26,10122.35,10128.85,10004.55,10030.00
2018-10-29,10078.10,10275.30,10020.35,10250.85
2018-10-30,10239.40,10285.10,10175.35,10198.40
2018-10-31,10209.55,10396.00,10105.10,10386.60
2018-11-01,10441.70,10441.90,10341.90,10380.45
2018-11-02,10462.30,10606.95,10457.70,10553.00
2018-11-05,10558.75,10558.80,10477.00,10524.00
2018-11-06,10552.00,10600.25,10491.45,10530.00
2018-11-07,10614.45,10616.45,10582.30,10598.40
2018-11-09,10614.70,10619.55,10544.85,10585.20
2018-11-12,10607.80,10645.50,10464.05,10482.20
2018-11-13,10451.90,10596.25,10440.55,10582.50
2018-11-14,10634.90,10651.60,10532.70,10576.30
2018-11-15,10580.60,10646.50,10557.50,10616.70
2018-11-16,10644.00,10695.15,10631.15,10682.20
2018-11-19,10731.25,10774.70,10688.80,10763.40
2018-11-20,10740.10,10740.85,10640.85,10656.20
2018-11-21,10670.95,10671.30,10562.35,10600.05
2018-11-22,10612.65,10646.25,10512.00,10526.75
2018-11-26,10568.30,10637.80,10489.75,10628.60
2018-11-27,10621.45,10695.15,10596.35,10685.60
2018-11-28,10708.75,10757.80,10699.85,10728.85
2018-11-29,10808.70,10883.05,10782.35,10858.70
2018-11-30,10892.10,10922.45,10835.10,10876.75
2018-12-03,10930.70,10941.20,10845.35,10883.75
2018-12-04,10877.10,10890.95,10833.35,10869.50
2018-12-05,10820.45,10821.05,10747.95,10782.90
2018-12-06,10718.15,10722.65,10588.25,10601.15
2018-12-07,10644.80,10704.55,10599.35,10693.70
2018-12-10,10508.70,10558.85,10474.95,10488.45
2018-12-11,10350.05,10567.15,10333.85,10549.15
2018-12-12,10591.00,10752.20,10560.80,10737.60
2018-12-13,10810.75,10838.60,10749.50,10791.55
2018-12-14,10784.50,10815.75,10752.10,10805.45
2018-12-17,10853.20,10900.35,10844.85,10888.35
2018-12-18,10850.90,10915.40,10819.10,10908.70
2018-12-19,10930.55,10985.15,10928.00,10967.30
2018-12-20,10885.20,10962.55,10880.05,10951.70
2018-12-21,10944.25,10963.65,10738.65,10754.00
2018-12-24,10780.90,10782.30,10649.25,10663.50
2018-12-26,10635.45,10747.50,10534.55,10729.85
2018-12-27,10817.90,10834.20,10764.45,10779.80
2018-12-28,10820.95,10893.60,10817.15,10859.90
2018-12-31,10913.20,10923.55,10853.20,10862.55
2019-01-01,10881.70,10923.60,10807.10,10910.10
2019-01-02,10868.85,10895.35,10735.05,10792.50
2019-01-03,10796.80,10814.05,10661.25,10672.25
2019-01-04,10699.70,10741.05,10628.65,10727.35
2019-01-07,10804.85,10835.95,10750.15,10771.80
2019-01-08,10786.25,10818.45,10733.25,10802.15
2019-01-09,10862.40,10870.40,10749.40,10855.15
2019-01-10,10859.35,10859.35,10801.80,10821.60
2019-01-11,10834.75,10850.15,10739.40,10794.95
2019-01-14,10807.00,10808.00,10692.35,10737.60
2019-01-15,10777.55,10896.95,10777.55,10886.80
2019-01-16,10899.65,10928.15,10876.90,10890.30
2019-01-17,10920.85,10930.65,10844.65,10905.20
2019-01-18,10914.85,10928.20,10852.20,10906.95
2019-01-21,10919.35,10987.45,10885.75,10961.85
2019-01-22,10949.80,10949.80,10864.15,10922.75
2019-01-23,10931.05,10944.80,10811.95,10831.50
2019-01-24,10844.05,10866.60,10798.65,10849.80
2019-01-25,10859.75,10931.70,10756.45,10780.55
2019-01-28,10792.45,10804.45,10630.95,10661.55
2019-01-29,10653.70,10690.35,10583.65,10652.20
2019-01-30,10702.25,10710.20,10612.85,10651.80
2019-01-31,10690.55,10838.05,10678.55,10830.95
2019-02-01,10851.35,10983.45,10813.45,10893.65
2019-02-04,10876.75,10927.90,10814.15,10912.25
2019-02-05,10908.65,10956.70,10886.70,10934.35
2019-02-06,10965.10,11072.60,10962.70,11062.45
2019-02-07,11070.45,11118.10,11043.60,11069.40
2019-02-08,11023.50,11041.20,10925.45,10943.60
2019-02-11,10930.90,10930.90,10857.10,10888.80
2019-02-12,10879.70,10910.90,10823.80,10831.40
2019-02-13,10870.55,10891.65,10772.10,10793.65
2019-02-14,10786.10,10792.70,10718.75,10746.05
2019-02-15,10780.25,10785.75,10620.40,10724.40
2019-02-18,10738.65,10759.90,10628.40,10640.95
2019-02-19,10636.70,10722.85,10585.65,10604.35
2019-02-20,10655.45,10752.70,10646.40,10735.45
2019-02-21,10744.10,10808.85,10721.50,10789.85
2019-02-22,10782.70,10801.55,10758.40,10791.65
2019-02-25,10813.25,10887.10,10788.05,10880.10
2019-02-26,10775.30,10888.75,10729.30,10835.30
2019-02-27,10881.20,10939.70,10751.20,10806.65
2019-02-28,10865.70,10865.70,10784.85,10792.50
2019-03-01,10842.65,10877.90,10823.10,10863.50
2019-03-05,10864.85,10994.90,10817.00,10987.45
2019-03-06,11024.85,11062.30,10998.85,11053.00
2019-03-07,11077.95,11089.05,11027.10,11058.20
2019-03-08,11038.85,11049.00,11008.95,11035.40
2019-03-11,11068.75,11180.90,11059.85,11168.05
2019-03-12,11231.35,11320.40,11227.00,11301.20
2019-03-13,11326.20,11352.30,11276.60,11341.70
2019-03-14,11382.50,11383.45,11313.75,11343.25
2019-03-15,11376.85,11487.00,11370.80,11426.85
2019-03-18,11473.85,11530.15,11412.50,11462.20
2019-03-19,11500.30,11543.85,11451.25,11532.40
2019-03-20,11553.35,11556.10,11503.10,11521.05
2019-03-22,11549.20,11572.80,11434.55,11456.90
2019-03-25,11395.65,11395.65,11311.60,11354.25
2019-03-26,11375.20,11496.75,11352.45,11483.25
2019-03-27,11531.45,11546.20,11413.00,11445.05
2019-03-28,11463.65,11588.50,11452.45,11570.00
2019-03-29,11625.45,11630.35,11570.15,11623.90
2019-04-01,11665.20,11738.10,11644.75,11669.15
2019-04-02,11711.55,11729.35,11655.85,11713.20
2019-04-03,11735.30,11761.00,11629.15,11643.95
2019-04-04,11660.20,11662.55,11559.20,11598.00
2019-04-05,11638.40,11689.65,11609.50,11665.95
2019-04-08,11704.35,11710.30,11549.10,11604.50
2019-04-09,11612.05,11683.90,11569.70,11671.95
2019-04-10,11646.85,11680.05,11571.75,11584.30
2019-04-11,11592.55,11606.70,11550.55,11596.70
2019-04-12,11612.85,11657.35,11578.80,11643.45
2019-04-15,11667.00,11704.60,11648.25,11690.35
2019-04-16,11736.20,11810.95,11731.55,11787.15
2019-04-18,11856.15,11856.15,11738.50,11752.80
2019-04-22,11727.05,11727.05,11583.95,11594.45
2019-04-23,11612.95,11645.95,11564.80,11575.95
2019-04-24,11601.50,11740.85,11578.85,11726.15
2019-04-25,11735.70,11796.75,11624.30,11641.80
2019-04-26,11683.75,11762.90,11661.75,11754.65
2019-04-30,11748.75,11756.25,11655.90,11748.15
2019-05-02,11725.55,11789.30,11699.55,11724.75
2019-05-03,11722.60,11770.90,11699.35,11712.25
2019-05-06,11605.80,11632.55,11571.35,11598.25
2019-05-07,11651.50,11657.05,11484.45,11497.90
2019-05-08,11478.70,11479.10,11346.95,11359.45
2019-05-09,11322.40,11357.60,11255.05,11301.80
2019-05-10,11314.15,11345.80,11251.05,11278.90
2019-05-13,11258.70,11300.20,11125.60,11148.20
2019-05-14,11151.65,11294.75,11108.30,11222.05
2019-05-15,11271.70,11286.80,11136.95,11157.00
2019-05-16,11180.35,11281.55,11143.35,11257.10
2019-05-17,11261.90,11426.15,11259.85,11407.15
2019-05-20,11651.90,11845.20,11591.70,11828.25
2019-05-21,11863.65,11883.55,11682.80,11709.10
2019-05-22,11727.95,11784.80,11682.40,11737.90
2019-05-23,11901.30,12041.15,11614.50,11657.05
2019-05-24,11748.00,11859.00,11658.10,11844.10
2019-05-27,11855.50,11957.15,11812.40,11924.75
2019-05-28,11958.35,11958.55,11864.90,11928.75
2019-05-29,11905.80,11931.90,11836.80,11861.10
2019-05-30,11865.30,11968.55,11859.40,11945.90
2019-05-31,11999.80,12039.25,11829.45,11922.80
2019-06-03,11953.75,12103.05,11920.10,12088.55
2019-06-04,12052.65,12095.20,12005.85,12021.65
2019-06-06,12039.80,12039.80,11830.25,11843.75
2019-06-07,11865.20,11897.50,11769.50,11870.65
2019-06-10,11934.90,11975.05,11871.75,11922.70
2019-06-11,11959.85,12000.35,11904.35,11965.60
2019-06-12,11962.45,11962.45,11866.35,11906.20
2019-06-13,11873.90,11931.35,11817.05,11914.05
2019-06-14,11910.10,11911.85,11797.70,11823.30
2019-06-17,11844.00,11844.05,11657.75,11672.15
2019-06-18,11677.05,11727.20,11641.15,11691.50
2019-06-19,11744.45,11802.50,11625.10,11691.45
2019-06-20,11653.65,11843.50,11635.05,11831.75
2019-06-21,11827.60,11827.95,11705.10,11724.10
2019-06-24,11725.80,11754.00,11670.20,11699.65
2019-06-25,11681.00,11814.40,11651.00,11796.45
2019-06-26,11768.15,11871.85,11757.55,11847.55
2019-06-27,11860.85,11911.15,11821.05,11841.55
2019-06-28,11861.15,11871.70,11775.50,11788.85
2019-07-01,11839.90,11884.65,11830.80,11865.60
2019-07-02,11890.30,11917.45,11814.70,11910.30
2019-07-03,11932.15,11945.20,11887.05,11916.75
2019-07-04,11928.80,11969.25,11923.65,11946.75
2019-07-05,11964.75,11981.75,11797.90,11811.15
2019-07-08,11770.40,11771.90,11523.30,11558.60
2019-07-09,11531.60,11582.55,11461.00,11555.90
2019-07-10,11536.15,11593.70,11475.65,11498.90
2019-07-11,11561.45,11599.00,11519.50,11582.90
2019-07-12,11601.15,11639.55,11538.60,11552.50
2019-07-15,11614.75,11618.40,11532.30,11588.35
2019-07-16,11596.65,11670.05,11573.95,11662.60
2019-07-17,11670.75,11706.65,11651.15,11687.50
2019-07-18,11675.60,11677.15,11582.40,11596.90
2019-07-19,11627.95,11640.35,11399.30,11419.25
2019-07-22,11392.85,11398.15,11301.25,11346.20
2019-07-23,11372.25,11398.15,11302.80,11331.05
2019-07-24,11322.45,11359.75,11229.80,11271.30
2019-07-25,11290.40,11361.40,11239.35,11252.15
2019-07-26,11247.45,11307.60,11210.05,11284.30
2019-07-29,11307.50,11310.95,11152.40,11189.20
2019-07-30,11213.70,11267.45,11072.65,11085.40
2019-07-31,11034.05,11145.30,10999.40,11118.00
2019-08-01,11060.20,11076.75,10881.00,10980.00
2019-08-02,10930.30,11080.15,10848.95,10997.35
2019-08-05,10895.80,10895.80,10782.60,10862.60
2019-08-06,10815.40,11018.55,10813.80,10948.25
2019-08-07,10958.10,10975.65,10835.90,10855.50
2019-08-08,10899.20,11058.05,10842.95,11032.45
2019-08-09,11087.90,11181.45,11062.80,11109.65
2019-08-13,11139.40,11145.90,10901.60,10925.85
2019-08-14,11003.25,11078.15,10935.60,11029.40
2019-08-16,11043.65,11068.65,10924.30,11047.80
2019-08-19,11094.80,11146.90,11037.85,11053.90
2019-08-20,11063.90,11076.30,10985.30,11017.00
2019-08-21,11018.15,11034.20,10906.65,10918.70
2019-08-22,10905.30,10908.25,10718.30,10741.35
2019-08-23,10699.60,10862.55,10637.15,10829.35
2019-08-26,11000.30,11070.30,10756.55,11057.85
2019-08-27,11106.55,11141.75,11049.50,11105.35
2019-08-28,11101.30,11129.65,10987.65,11046.10
2019-08-29,10996.05,11021.10,10922.40,10948.30
2019-08-30,10987.80,11042.60,10874.80,11023.25
2019-09-03,10960.95,10967.50,10772.70,10797.90
2019-09-04,10790.40,10858.75,10746.35,10844.65
2019-09-05,10860.95,10920.10,10816.00,10847.90
2019-09-06,10883.80,10957.05,10867.45,10946.20
2019-09-09,10936.70,11028.85,10889.80,11003.05
2019-09-11,11028.50,11054.80,11011.65,11035.70
2019-09-12,11058.30,11081.75,10964.95,10982.80
2019-09-13,10986.80,11084.45,10945.75,11075.90
2019-09-16,10994.85,11052.70,10968.20,11003.50
2019-09-17,11000.10,11000.10,10796.50,10817.60
2019-09-18,10872.80,10885.15,10804.85,10840.65
2019-09-19,10845.20,10845.20,10670.25,10704.80
2019-09-20,10746.80,11381.90,10691.00,11274.20
2019-09-23,11542.70,11694.85,11471.35,11600.20
2019-09-24,11590.70,11655.05,11539.20,11588.20
2019-09-25,11564.85,11564.95,11416.10,11440.20
2019-09-26,11469.85,11610.85,11466.35,11571.20
2019-09-27,11556.35,11593.60,11499.75,11512.40
2019-09-30,11491.15,11508.25,11390.80,11474.45
2019-10-01,11515.40,11554.20,11247.90,11359.90
2019-10-03,11322.25,11370.40,11257.35,11314.00
2019-10-04,11388.45,11400.30,11158.35,11174.75
2019-10-07,11196.20,11233.85,11112.65,11126.40
2019-10-09,11152.95,11321.60,11090.15,11313.30
2019-10-10,11280.50,11293.35,11208.55,11234.55
2019-10-11,11257.70,11362.90,11189.40,11305.05
2019-10-14,11335.90,11420.45,11290.05,11341.15
2019-10-15,11360.85,11462.35,11342.10,11428.30
2019-10-16,11464.95,11481.05,11411.10,11464.00
2019-10-17,11466.30,11599.10,11439.65,11586.35
2019-10-18,11580.30,11684.70,11553.15,11661.85
2019-10-22,11657.15,11714.35,11573.65,11588.35
2019-10-23,11596.20,11651.60,11554.40,11604.10
2019-10-24,11661.65,11679.60,11534.65,11582.60
2019-10-25,11646.15,11646.90,11490.75,11583.90
2019-10-27,11662.25,11672.40,11604.60,11627.15
2019-10-29,11643.95,11809.40,11627.35,11786.85
2019-10-30,11883.90,11883.95,11784.45,11844.10
2019-10-31,11890.45,11945.00,11855.10,11877.45
2019-11-01,11886.60,11918.30,11843.35,11890.60
2019-11-04,11928.90,11989.15,11905.35,11941.30
2019-11-05,11974.60,11978.95,11861.90,11917.20
2019-11-06,11911.50,12002.90,11850.25,11966.05
2019-11-07,12021.10,12021.40,11946.85,12012.05
2019-11-08,11987.15,12034.15,11888.75,11908.15
2019-11-11,11879.20,11932.65,11853.95,11913.45
2019-11-13,11908.30,11946.80,11823.20,11840.45
2019-11-14,11858.75,11895.65,11802.65,11872.10
2019-11-15,11904.20,11973.65,11879.25,11895.45
2019-11-18,11915.15,11946.20,11867.60,11884.50
2019-11-19,11919.45,11958.85,11881.75,11940.10
2019-11-20,12004.75,12038.60,11966.05,11999.10
2019-11-21,12025.65,12028.20,11956.90,11968.40
2019-11-22,11967.30,11968.10,11883.50,11914.40
2019-11-25,11922.45,12084.50,11919.75,12073.75
2019-11-26,12110.20,12132.45,12006.35,12037.70
2019-11-27,12068.50,12114.90,12055.15,12100.70
2019-11-28,12132.10,12158.80,12099.95,12151.15
2019-11-29,12146.20,12147.40,12017.40,12056.05
2019-12-02,12137.05,12137.15,12023.70,12048.20
2019-12-03,12067.65,12068.60,11956.40,11994.20
2019-12-04,11969.95,12054.70,11935.30,12043.20
2019-12-05,12071.25,12081.20,11998.75,12018.40
2019-12-06,12047.35,12057.05,11888.85,11921.50
2019-12-09,11939.10,11981.95,11888.05,11937.50
2019-12-10,11950.50,11953.20,11844.70,11856.80
2019-12-11,11867.35,11923.20,11832.30,11910.15
2019-12-12,11944.30,12005.50,11934.00,11971.80
2019-12-13,12026.40,12098.85,12023.60,12086.70
2019-12-16,12131.35,12134.65,12046.30,12053.95
2019-12-17,12082.45,12182.75,12070.35,12165.00
2019-12-18,12197.00,12237.70,12163.45,12221.65
2019-12-19,12223.40,12268.35,12191.15,12259.70
2019-12-20,12266.45,12293.90,12252.75,12271.80
2019-12-23,12235.45,12287.15,12213.25,12262.75
2019-12-24,12269.25,12283.70,12202.10,12214.55
2019-12-26,12211.85,12221.55,12118.85,12126.55
2019-12-27,12172.90,12258.45,12157.90,12245.80
2019-12-30,12274.90,12286.45,12213.80,12255.85
2019-12-31,12247.10,12247.10,12151.80,12168.45
2020-01-01,12202.15,12222.20,12165.30,12182.50
2020-01-02,12198.55,12289.90,12195.25,12282.20
2020-01-03,12261.10,12265.60,12191.35,12226.65
2020-01-06,12170.60,12179.10,11974.20,11993.05
2020-01-07,12079.10,12152.15,12005.35,12052.95
2020-01-08,11939.10,12044.95,11929.60,12025.35
2020-01-09,12153.15,12224.05,12132.55,12215.90
2020-01-10,12271.00,12311.20,12213.20,12256.80
2020-01-13,12296.70,12337.75,12285.80,12329.55
2020-01-14,12333.10,12374.25,12308.70,12362.30
2020-01-15,12349.40,12355.15,12278.75,12343.30
2020-01-16,12347.10,12389.05,12315.80,12355.50
2020-01-17,12328.40,12385.45,12321.40,12352.35
2020-01-20,12430.50,12430.50,12216.90,12224.55
2020-01-21,12195.30,12230.05,12162.30,12169.85
2020-01-22,12218.35,12225.05,12087.90,12106.90
2020-01-23,12123.75,12189.00,12094.10,12180.35
2020-01-24,12174.55,12272.15,12149.65,12248.25
2020-01-27,12197.10,12216.60,12107.00,12119.00
2020-01-28,12148.10,12163.55,12024.50,12055.80
2020-01-29,12114.90,12169.60,12103.80,12129.50
2020-01-30,12147.75,12150.30,12010.60,12035.80
2020-01-31,12100.40,12103.55,11945.85,11962.10
2020-02-01,11939.00,12017.35,11633.30,11661.85
2020-02-03,11627.45,11749.85,11614.50,11707.90
2020-02-04,11786.25,11986.15,11783.40,11979.65
2020-02-05,12005.85,12098.15,11953.35,12089.15
2020-02-06,12120.00,12160.60,12084.65,12137.95
2020-02-07,12151.15,12154.70,12073.95,12098.35
2020-02-10,12102.35,12103.55,11990.75,12031.50
2020-02-11,12108.40,12172.30,12099.00,12107.90
2020-02-12,12151.00,12231.75,12144.30,12201.20
2020-02-13,12219.55,12225.65,12139.80,12174.65
2020-02-14,12190.15,12246.70,12091.20,12113.45
2020-02-17,12131.80,12159.60,12037.00,12045.80
2020-02-18,12028.25,12030.75,11908.05,11992.50
2020-02-19,12090.60,12134.70,12042.10,12125.90
2020-02-20,12119.00,12152.00,12071.45,12080.85
2020-02-24,12012.55,12012.55,11813.40,11829.40
2020-02-25,11877.50,11883.05,11779.90,11797.90
2020-02-26,11738.55,11783.25,11639.60,11678.50
2020-02-27,11661.25,11663.85,11536.70,11633.30
2020-02-28,11382.00,11384.80,11175.05,11201.75
2020-03-02,11387.35,11433.00,11036.25,11132.75
2020-03-03,11217.55,11342.25,11152.55,11303.30
2020-03-04,11351.35,11356.60,11082.15,11251.00
2020-03-05,11306.05,11389.50,11244.60,11269.00
2020-03-06,10942.65,11035.10,10827.40,10989.45
2020-03-09,10742.05,10751.55,10294.45,10451.45
2020-03-11,10334.30,10545.10,10334.00,10458.40
2020-03-12,10039.95,10040.75,9508.00,9590.15
2020-03-13,9107.60,10159.40,8555.15,9955.20
2020-03-16,9587.80,9602.20,9165.10,9197.40
2020-03-17,9285.40,9403.80,8915.60,8967.05
2020-03-18,9088.45,9127.55,8407.05,8468.80
2020-03-19,8063.30,8575.45,7832.55,8263.45
2020-03-20,8284.45,8883.00,8178.20,8745.45
2020-03-23,7945.70,8159.25,7583.60,7610.25
2020-03-24,7848.30,8036.95,7511.10,7801.05
2020-03-25,7735.15,8376.75,7714.75,8317.85
2020-03-26,8451.00,8749.05,8304.90,8641.45
2020-03-27,8949.10,9038.90,8522.90,8660.25
2020-03-30,8385.95,8576.00,8244.00,8281.10
2020-03-31,8529.35,8678.30,8358.00,8597.75
2020-04-01,8584.10,8588.10,8198.35,8253.80
2020-04-03,8356.55,8356.55,8055.80,8083.80
2020-04-07,8446.30,8819.40,8360.95,8792.20
2020-04-08,8688.90,9131.70,8653.90,8748.75
2020-04-09,8973.05,9128.35,8904.55,9111.90
2020-04-13,9103.95,9112.05,8912.40,8993.85
2020-04-15,9196.40,9261.20,8874.10,8925.30
2020-04-16,8851.25,9053.75,8821.90,8992.80
2020-04-17,9323.45,9324.00,9091.35,9266.75
2020-04-20,9390.20,9390.85,9230.80,9261.85
2020-04-21,9016.95,9044.40,8909.40,8981.45
2020-04-22,9026.75,9209.75,8946.25,9187.30
2020-04-23,9232.35,9343.60,9170.15,9313.90
2020-04-24,9163.90,9296.90,9141.30,9154.40
2020-04-27,9259.70,9377.10,9250.35,9282.30
2020-04-28,9389.80,9404.40,9260.00,9380.90
2020-04-29,9408.60,9599.85,9392.35,9553.35
2020-04-30,9753.50,9889.05,9731.50,9859.90
2020-05-04,9533.50,9533.50,9266.95,9293.50
2020-05-05,9429.40,9450.90,9190.75,9205.60
2020-05-06,9226.80,9346.90,9116.50,9270.90
2020-05-07,9234.05,9277.85,9175.90,9199.05
2020-05-08,9376.95,9382.65,9238.20,9251.50
2020-05-11,9348.15,9439.90,9219.95,9239.20
2020-05-12,9168.85,9240.85,9043.95,9196.55
2020-05-13,9584.20,9584.50,9351.10,9383.55
2020-05-14,9213.95,9281.10,9119.75,9142.75
2020-05-15,9182.40,9182.40,9050.00,9136.85
2020-05-18,9158.30,9158.30,8806.75,8823.25
2020-05-19,8961.70,9030.35,8855.30,8879.10
2020-05-20,8889.15,9093.80,8875.35,9066.55
2020-05-21,9079.45,9178.55,9056.10,9106.25
2020-05-22,9067.90,9149.60,8968.55,9039.25
2020-05-26,9099.75,9161.65,8996.65,9029.05
2020-05-27,9082.20,9334.00,9004.25,9314.95
2020-05-28,9364.95,9511.25,9336.50,9490.10
2020-05-29,9422.20,9598.85,9376.90,9580.30
2020-06-01,9726.85,9931.60,9706.95,9826.15
2020-06-02,9880.85,9995.60,9824.05,9979.10
2020-06-03,10108.30,10176.20,10035.55,10061.55
2020-06-04,10054.25,10123.85,9944.25,10029.10
2020-06-05,10093.80,10177.80,10040.75,10142.15
2020-06-08,10326.75,10328.50,10120.25,10167.45
2020-06-09,10181.15,10291.15,10021.45,10046.65
2020-06-10,10072.60,10148.75,10036.85,10116.15
2020-06-11,10094.10,10112.05,9885.05,9902.00
2020-06-12,9544.95,9996.05,9544.35,9972.90
2020-06-15,9919.35,9943.35,9726.35,9813.70
2020-06-16,10014.80,10046.15,9728.50,9914.00
2020-06-17,9876.70,10003.60,9833.80,9881.15
2020-06-18,9863.25,10111.20,9845.05,10091.65
2020-06-19,10119.00,10272.40,10072.65,10244.40
2020-06-22,10318.75,10393.65,10277.60,10311.20
2020-06-23,10347.95,10484.70,10301.75,10471.00
2020-06-24,10529.25,10553.15,10281.95,10305.30
2020-06-25,10235.55,10361.80,10194.50,10288.90
2020-06-26,10378.90,10409.85,10311.25,10383.00
2020-06-29,10311.95,10337.95,10223.60,10312.40
2020-06-30,10382.60,10401.05,10267.35,10302.10
2020-07-01,10323.80,10447.05,10299.60,10430.05
2020-07-02,10493.05,10598.20,10485.55,10551.70
2020-07-03,10614.95,10631.30,10562.65,10607.35
2020-07-06,10723.85,10811.40,10695.10,10763.65
2020-07-07,10802.85,10813.80,10689.70,10799.65
2020-07-08,10818.65,10847.85,10676.55,10705.75
2020-07-09,10755.55,10836.85,10733.00,10813.45
2020-07-10,10764.10,10819.40,10713.00,10768.05
2020-07-13,10851.85,10894.05,10756.05,10802.70
2020-07-14,10750.85,10755.65,10562.90,10607.35
2020-07-15,10701.00,10827.45,10577.75,10618.20
2020-07-16,10706.20,10755.30,10595.20,10739.95
2020-07-17,10752.00,10933.45,10749.65,10901.70
2020-07-20,10999.45,11037.90,10953.00,11022.20
2020-07-21,11126.10,11179.55,11113.25,11162.25
2020-07-22,11231.20,11238.10,11056.55,11132.60
2020-07-23,11135.00,11239.80,11103.15,11215.45
2020-07-24,11149.95,11225.40,11090.30,11194.15
2020-07-27,11225.00,11225.00,11087.85,11131.80
2020-07-28,11154.10,11317.75,11151.40,11300.55
2020-07-29,11276.90,11341.40,11149.75,11202.85
2020-07-30,11254.30,11299.95,11084.95,11102.15
2020-07-31,11139.50,11150.40,11026.65,11073.45
2020-08-03,11057.55,11058.05,10882.25,10891.60
2020-08-04,10946.65,11112.25,10908.10,11095.25
2020-08-05,11155.75,11225.65,11064.05,11101.65
2020-08-06,11185.70,11256.80,11127.30,11200.15
2020-08-07,11186.65,11231.90,11142.05,11214.05
2020-08-10,11270.25,11337.30,11238.00,11270.15
2020-08-11,11322.25,11373.60,11299.15,11322.50
2020-08-12,11289.00,11322.00,11242.65,11308.40
2020-08-13,11334.85,11359.30,11269.95,11300.45
2020-08-14,11353.30,11366.25,11111.45,11178.40
2020-08-17,11248.90,11267.10,11144.50,11247.10
2020-08-18,11259.80,11401.70,11253.15,11385.35
2020-08-19,11452.15,11460.35,11394.10,11408.40
2020-08-20,11317.45,11361.45,11289.80,11312.20
2020-08-21,11409.65,11418.50,11362.20,11371.60
2020-08-24,11412.00,11497.25,11410.65,11466.45
2020-08-25,11513.10,11525.90,11423.35,11472.25
2020-08-26,11512.85,11561.75,11461.85,11549.60
2020-08-27,11609.30,11617.35,11540.60,11559.25
2020-08-28,11602.95,11686.05,11589.40,11647.60
2020-08-31,11777.55,11794.25,11325.85,11387.50
2020-09-01,11464.30,11553.55,11366.90,11470.25
2020-09-02,11478.55,11554.75,11430.40,11535.00
2020-09-03,11566.20,11584.95,11507.65,11527.45
2020-09-04,11354.40,11452.05,11303.65,11333.85
2020-09-07,11359.60,11381.15,11251.70,11355.05
2020-09-08,11378.55,11437.25,11290.45,11317.35
2020-09-09,11218.60,11298.15,11185.15,11278.00
2020-09-10,11363.30,11464.05,11327.40,11449.25
2020-09-11,11447.80,11493.50,11419.90,11464.45
2020-09-14,11540.15,11568.90,11383.55,11440.05
2020-09-15,11487.20,11535.95,11442.25,11521.80
2020-09-16,11538.45,11618.10,11516.75,11604.55
2020-09-17,11539.40,11587.20,11498.50,11516.10
2020-09-18,11584.10,11584.10,11446.10,11504.95
2020-09-21,11503.80,11535.25,11218.50,11250.55
2020-09-22,11301.75,11302.20,11084.65,11153.65
2020-09-23,11258.75,11259.55,11024.40,11131.85
2020-09-24,11011.00,11015.30,10790.20,10805.55
2020-09-25,10910.40,11072.60,10854.85,11050.25
2020-09-28,11140.85,11239.35,11099.85,11227.55
2020-09-29,11288.60,11305.40,11181.00,11222.40
2020-09-30,11244.45,11295.40,11184.55,11247.55
2020-10-01,11364.45,11428.60,11347.05,11416.95
2020-10-05,11487.80,11578.05,11452.30,11503.35
2020-10-06,11603.45,11680.30,11564.30,11662.40
2020-10-07,11679.25,11763.05,11629.35,11738.85
2020-10-08,11835.40,11905.70,11791.15,11834.60
2020-10-09,11852.05,11938.60,11805.20,11914.20
2020-10-12,11973.55,12022.05,11867.20,11930.95
2020-10-13,11934.65,11988.20,11888.90,11934.50
2020-10-14,11917.40,11997.20,11822.15,11971.05
2020-10-15,12023.45,12025.45,11661.30,11680.35
2020-10-16,11727.40,11789.75,11667.85,11762.45
2020-10-19,11879.20,11898.25,11820.40,11873.05
2020-10-20,11861.00,11949.25,11837.25,11896.80
2020-10-21,11958.55,12018.65,11775.75,11937.65
2020-10-22,11890.00,11939.55,11823.45,11896.45
2020-10-23,11957.90,11974.55,11908.75,11930.35
2020-10-26,11937.40,11942.85,11711.70,11767.75
2020-10-27,11807.10,11899.05,11723.00,11889.40
2020-10-28,11922.60,11929.40,11684.85,11729.60
2020-10-29,11633.30,11744.15,11606.45,11670.80
2020-10-30,11678.45,11748.95,11535.45,11642.40
2020-11-02,11697.35,11725.65,11557.40,11669.15
2020-11-03,11734.45,11836.20,11723.30,11813.50
2020-11-04,11783.35,11929.65,11756.40,11908.50
2020-11-05,12062.40,12131.10,12027.60,12120.30
2020-11-06,12156.65,12280.40,12131.85,12263.55
2020-11-09,12399.40,12474.05,12367.35,12461.05
2020-11-10,12556.40,12643.90,12475.25,12631.10
2020-11-11,12680.60,12769.75,12571.10,12749.15
2020-11-12,12702.15,12741.15,12624.85,12690.80
2020-11-13,12659.70,12735.95,12607.70,12719.95
2020-11-14,12823.35,12828.70,12749.45,12780.25
2020-11-17,12932.50,12934.05,12797.10,12874.20
2020-11-18,12860.10,12948.85,12819.35,12938.25
2020-11-19,12839.50,12963.00,12745.75,12771.70
2020-11-20,12813.40,12892.45,12730.25,12859.05
2020-11-23,12960.30,12968.85,12825.70,12926.45
2020-11-24,13002.60,13079.10,12978.00,13055.15
2020-11-25,13130.00,13145.85,12833.65,12858.40
2020-11-26,12906.45,13018.00,12790.40,12987.00
2020-11-27,13012.05,13035.30,12914.30,12968.95
2020-12-01,13062.20,13128.40,12962.80,13109.05
2020-12-02,13121.40,13128.50,12983.55,13113.75
2020-12-03,13215.30,13216.60,13107.90,13133.90
2020-12-04,13177.40,13280.05,13152.85,13258.55
2020-12-07,13264.85,13366.65,13241.95,13355.75
2020-12-08,13393.85,13435.45,13311.05,13392.95
2020-12-09,13458.10,13548.90,13449.60,13529.10
2020-12-10,13488.50,13503.55,13399.30,13478.30
2020-12-11,13512.30,13579.35,13402.85,13513.85
2020-12-14,13571.45,13597.50,13472.45,13558.15
2020-12-15,13547.20,13589.65,13447.05,13567.85
2020-12-16,13663.10,13692.35,13606.45,13682.70
2020-12-17,13713.55,13773.25,13673.55,13740.70
2020-12-18,13764.40,13772.85,13658.60,13760.55
2020-12-21,13741.90,13777.50,13131.45,13328.40
2020-12-22,13373.65,13492.05,13192.90,13466.30
2020-12-23,13473.50,13619.45,13432.20,13601.10
2020-12-24,13672.15,13771.75,13626.90,13749.25
2020-12-28,13815.15,13885.30,13811.55,13873.20
2020-12-29,13910.35,13967.60,13859.90,13932.60
2020-12-30,13980.90,13997.00,13864.95,13981.95
2020-12-31,13970.00,14024.85,13936.45,13981.75
2021-01-01,13996.10,14049.85,13991.35,14018.50
2021-01-04,14104.35,14147.95,13953.75,14132.90
2021-01-05,14075.15,14215.60,14048.15,14199.50
2021-01-06,14240.95,14244.15,14039.90,14146.25
2021-01-07,14253.75,14256.25,14123.10,14137.35
2021-01-08,14258.40,14367.30,14221.65,14347.25
2021-01-11,14474.05,14498.20,14383.10,14484.75
2021-01-12,14473.80,14590.65,14432.85,14563.45
2021-01-13,14639.80,14653.35,14435.70,14564.85
2021-01-14,14550.05,14617.80,14471.50,14595.60
2021-01-15,14594.35,14617.45,14357.85,14433.70
2021-01-18,14453.30,14459.15,14222.80,14281.30
2021-01-19,14371.65,14546.05,14350.85,14521.15
2021-01-20,14538.30,14666.45,14517.55,14644.70
2021-01-21,14730.95,14753.55,14517.25,14590.35
2021-01-22,14583.40,14619.90,14357.75,14371.90
2021-01-25,14477.80,14491.10,14218.60,14238.90
2021-01-27,14237.95,14237.95,13929.30,13967.50
2021-01-28,13810.40,13898.25,13713.25,13817.55
2021-01-29,13946.60,13966.85,13596.75,13634.60
2021-02-01,13758.60,14336.35,13661.75,14281.20
2021-02-02,14481.10,14731.70,14469.15,14647.85
2021-02-03,14754.90,14868.85,14574.15,14789.95
2021-02-04,14789.05,14913.70,14714.75,14895.65
2021-02-05,14952.60,15014.65,14864.75,14924.25
2021-02-08,15064.30,15159.90,15041.05,15115.80
2021-02-09,15164.15,15257.10,15064.30,15109.30
2021-02-10,15119.05,15168.25,14977.20,15106.50
2021-02-11,15073.25,15188.50,15065.40,15173.30
2021-02-12,15186.20,15243.50,15081.00,15163.30
2021-02-15,15270.30,15340.15,15243.40,15314.70
2021-02-16,15371.45,15431.75,15242.20,15313.45
2021-02-17,15279.90,15314.30,15170.75,15208.90
2021-02-18,15238.70,15250.75,15078.05,15118.95
2021-02-19,15074.80,15144.05,14898.20,14981.75
2021-02-22,14999.05,15010.10,14635.05,14675.70
2021-02-23,14782.25,14854.50,14651.85,14707.80
2021-02-24,14729.15,15008.80,14723.05,14982.00
2021-02-25,15079.85,15176.50,15065.35,15097.35
2021-02-26,14888.60,14919.45,14467.75,14529.15
2021-03-01,14702.50,14806.80,14638.55,14761.55
2021-03-02,14865.30,14959.10,14760.80,14919.10
2021-03-03,15064.40,15273.15,14995.80,15245.60
2021-03-04,15026.75,15202.35,14980.20,15080.75
2021-03-05,14977.95,15092.35,14862.10,14938.10
2021-03-08,15002.45,15111.15,14919.90,14956.20
2021-03-09,15049.90,15126.85,14925.45,15098.40
2021-03-10,15202.15,15218.45,15100.85,15174.80
2021-03-12,15321.15,15336.30,14953.60,15030.95
2021-03-15,15048.40,15048.40,14745.85,14929.50
2021-03-16,14996.10,15051.60,14890.65,14910.45
2021-03-17,14946.55,14956.55,14696.05,14721.30
2021-03-18,14855.50,14875.20,14478.60,14557.85
2021-03-19,14471.15,14788.25,14350.10,14744.00
2021-03-22,14736.30,14763.90,14597.85,14736.40
2021-03-23,14768.55,14878.60,14707.00,14814.75
2021-03-24,14712.45,14752.35,14535.00,14549.40
2021-03-25,14570.90,14575.60,14264.40,14324.90
2021-03-26,14506.30,14572.90,14414.25,14507.30
2021-03-30,14628.50,14876.30,14617.60,14845.10
2021-03-31,14811.85,14813.75,14670.25,14690.70
2021-04-01,14798.40,14883.20,14692.45,14867.35
2021-04-05,14837.70,14849.85,14459.50,14637.80
2021-04-06,14737.00,14779.10,14573.90,14683.50
2021-04-07,14716.45,14879.80,14649.85,14819.05
2021-04-08,14875.65,14984.15,14821.10,14873.80
2021-04-09,14882.65,14918.45,14785.65,14834.85
2021-04-12,14644.65,14652.50,14248.70,14310.80
2021-04-13,14364.90,14528.90,14274.90,14504.80
2021-04-15,14522.40,14597.55,14353.20,14581.45
2021-04-16,14599.60,14697.70,14559.00,14617.85
2021-04-19,14306.60,14382.30,14191.40,14359.45
2021-04-20,14526.70,14526.95,14207.30,14296.40
2021-04-22,14219.15,14424.75,14151.40,14406.15
2021-04-23,14326.35,14461.15,14273.30,14341.35
2021-04-26,14449.45,14557.50,14421.30,14485.00
2021-04-27,14493.80,14667.55,14484.85,14653.05
2021-04-28,14710.50,14890.25,14694.95,14864.55
2021-04-29,14979.00,15044.35,14814.45,14894.90
2021-04-30,14747.35,14855.45,14601.70,14631.10
2021-05-03,14481.05,14673.85,14416.25,14634.15
2021-05-04,14687.25,14723.40,14461.50,14496.50
2021-05-05,14604.15,14637.90,14506.60,14617.85
2021-05-06,14668.35,14743.90,14611.50,14724.80
2021-05-07,14816.85,14863.05,14765.50,14823.15
2021-05-10,14928.25,14966.90,14892.50,14942.35
2021-05-11,14789.70,14900.00,14771.40,14850.75
2021-05-12,14823.55,14824.05,14649.70,14696.50
2021-05-14,14749.40,14749.65,14591.90,14677.80
2021-05-17,14756.25,14938.00,14725.35,14923.15
2021-05-18,15067.20,15137.25,15043.70,15108.10
2021-05-19,15058.60,15133.40,15008.85,15030.15
2021-05-20,15042.60,15069.80,14884.90,14906.05
2021-05-21,14987.80,15190.00,14985.85,15175.30
2021-05-24,15211.35,15256.25,15145.45,15197.70
2021-05-25,15291.75,15293.85,15163.40,15208.45
2021-05-26,15257.05,15319.90,15194.95,15301.45
2021-05-27,15323.95,15384.55,15272.50,15337.85
2021-05-28,15421.20,15469.65,15394.75,15435.65
2021-05-31,15437.75,15606.35,15374.00,15582.80
2021-06-01,15629.65,15660.75,15528.30,15574.85
2021-06-02,15520.35,15597.45,15459.85,15576.20
2021-06-03,15655.55,15705.10,15611.00,15690.35
2021-06-04,15712.50,15733.60,15622.35,15670.25
2021-06-07,15725.10,15773.45,15678.10,15751.65
2021-06-08,15773.90,15778.80,15680.00,15740.10
2021-06-09,15766.30,15800.45,15566.90,15635.35
2021-06-10,15692.10,15751.25,15648.50,15737.75
2021-06-11,15796.45,15835.55,15749.80,15799.35
2021-06-14,15791.40,15823.05,15606.50,15811.85
2021-06-15,15866.95,15901.60,15842.40,15869.25
2021-06-16,15847.50,15880.85,15742.60,15767.55
2021-06-17,15648.30,15769.35,15616.75,15691.40
2021-06-18,15756.50,15761.50,15450.90,15683.35
2021-06-21,15525.85,15765.15,15505.65,15746.50
2021-06-22,15840.50,15895.75,15752.10,15772.75
2021-06-23,15862.80,15862.95,15673.95,15686.95
2021-06-24,15737.30,15821.40,15702.70,15790.45
2021-06-25,15839.35,15870.80,15772.30,15860.35
2021-06-28,15915.35,15915.65,15792.15,15814.70
2021-06-29,15807.50,15835.90,15724.05,15748.45
2021-06-30,15776.90,15839.10,15708.75,15721.50
2021-07-01,15755.05,15755.55,15667.05,15680.00
2021-07-02,15705.85,15738.35,15635.95,15722.20
2021-07-05,15793.40,15845.95,15762.05,15834.35
2021-07-06,15813.75,15914.20,15801.00,15818.25
2021-07-07,15819.60,15893.55,15779.70,15879.65
2021-07-08,15855.40,15885.75,15682.90,15727.90
2021-07-09,15688.25,15730.85,15632.75,15689.80
2021-07-12,15766.80,15789.20,15644.75,15692.60
2021-07-13,15794.00,15820.80,15744.60,15812.35
2021-07-14,15808.70,15877.35,15764.20,15853.95
2021-07-15,15872.15,15952.35,15855.00,15924.20
2021-07-16,15958.35,15962.25,15882.60,15923.40
2021-07-19,15754.50,15836.90,15707.50,15752.40
2021-07-20,15703.95,15728.45,15578.55,15632.10
2021-07-22,15736.60,15834.80,15726.40,15824.05
2021-07-23,15856.80,15899.80,15768.40,15856.05
2021-07-26,15849.30,15893.35,15797.00,15824.45
2021-07-27,15860.50,15881.55,15701.00,15746.45
2021-07-28,15761.55,15767.50,15513.45,15709.40
2021-07-29,15762.70,15817.35,15737.80,15778.45
2021-07-30,15800.60,15862.80,15744.85,15763.05
2021-08-02,15874.90,15892.90,15834.65,15885.15
2021-08-03,15951.55,16146.90,15914.35,16130.75
2021-08-04,16195.25,16290.20,16176.15,16258.80
2021-08-05,16288.95,16349.45,16210.30,16294.60
2021-08-06,16304.40,16336.75,16223.30,16238.20
2021-08-09,16281.35,16320.75,16179.05,16258.25
2021-08-10,16274.80,16359.25,16202.25,16280.10
2021-08-11,16327.30,16338.75,16162.55,16282.25
2021-08-12,16303.65,16375.50,16286.90,16364.40
2021-08-13,16385.70,16543.60,16376.30,16529.10
2021-08-16,16518.40,16589.40,16480.75,16563.05
2021-08-17,16545.25,16628.55,16495.40,16614.60
2021-08-18,16691.95,16701.85,16535.85,16568.85
2021-08-20,16382.50,16509.55,16376.05,16450.50
2021-08-23,16592.25,16592.50,16395.70,16496.45
2021-08-24,16561.40,16647.10,16495.30,16624.60
2021-08-25,16654.00,16712.45,16617.50,16634.65
2021-08-26,16627.95,16683.70,16603.40,16636.90
2021-08-27,16642.55,16722.05,16565.60,16705.20
2021-08-30,16775.85,16951.50,16764.85,16931.05
2021-08-31,16947.50,17153.50,16915.85,17132.20
2021-09-01,17185.60,17225.75,17055.05,17076.25
2021-09-02,17095.40,17245.50,17059.70,17234.15
2021-09-03,17262.45,17340.10,17212.20,17323.60
2021-09-06,17399.35,17429.55,17345.55,17377.80
2021-09-07,17401.55,17436.50,17287.00,17362.10
2021-09-08,17375.75,17383.40,17254.20,17353.50
2021-09-09,17312.85,17379.65,17302.70,17369.25
2021-09-13,17363.55,17378.35,17269.15,17355.30
2021-09-14,17420.35,17438.55,17367.05,17380.00
2021-09-15,17387.65,17532.70,17386.90,17519.45
2021-09-16,17539.20,17644.60,17510.45,17629.50
2021-09-17,17709.65,17792.95,17537.65,17585.15
2021-09-20,17443.85,17622.75,17361.80,17396.90
2021-09-21,17450.50,17578.35,17326.10,17562.00
2021-09-22,17580.90,17610.45,17524.00,17546.65
2021-09-23,17670.85,17843.90,17646.55,17822.95
2021-09-24,17897.45,17947.65,17819.40,17853.20
2021-09-27,17932.20,17943.50,17802.90,17855.10
2021-09-28,17906.45,17912.85,17576.10,17748.60
2021-09-29,17657.95,17781.75,17608.15,17711.30
2021-09-30,17718.90,17742.15,17585.35,17618.15
2021-10-01,17531.90,17557.15,17452.90,17532.05
2021-10-04,17615.55,17750.90,17581.35,17691.25
2021-10-05,17661.35,17833.45,17640.90,17822.30
2021-10-06,17861.50,17884.60,17613.15,17646.00
2021-10-07,17810.55,17857.55,17763.80,17790.35
2021-10-08,17886.85,17941.85,17840.35,17895.20
2021-10-11,17867.55,18041.95,17839.10,17945.95
2021-10-12,17915.80,18008.65,17864.95,17991.95
2021-10-13,18097.85,18197.80,18050.75,18161.75
2021-10-14,18272.85,18350.75,18248.70,18338.55
2021-10-18,18500.10,18543.15,18445.30,18477.05
2021-10-19,18602.35,18604.45,18377.70,18418.75
2021-10-20,18439.90,18458.30,18209.35,18266.60
2021-10-21,18382.70,18384.20,18048.00,18178.10
2021-10-22,18230.70,18314.25,18034.35,18114.90
2021-10-25,18229.50,18241.40,17968.50,18125.40
2021-10-26,18154.50,18310.45,18099.30,18268.40
2021-10-27,18295.85,18342.05,18167.90,18210.95
2021-10-28,18187.65,18190.70,17799.45,17857.25
2021-10-29,17833.05,17915.85,17613.10,17671.65
2021-11-01,17783.15,17954.10,17697.10,17929.65
2021-11-02,17970.90,18012.25,17847.60,17888.95
2021-11-03,17947.95,17988.75,17757.95,17829.20
2021-11-04,17935.05,17947.55,17900.60,17916.80
2021-11-08,18040.20,18087.80,17836.10,18068.55
2021-11-09,18084.35,18112.60,17983.05,18044.25
2021-11-10,17973.45,18061.25,17915.00,18017.20
2021-11-11,17967.45,17971.35,17798.20,17873.60
2021-11-12,17977.60,18123.00,17905.90,18102.75
2021-11-15,18140.95,18210.15,18071.30,18109.45
2021-11-16,18127.05,18132.65,17958.80,17999.20
2021-11-17,17939.35,18022.65,17879.25,17898.65
2021-11-18,17890.55,17945.60,17688.50,17764.80
2021-11-22,17796.25,17805.25,17280.45,17416.55
2021-11-23,17281.75,17553.70,17216.10,17503.35
2021-11-24,17550.05,17600.60,17354.00,17415.05
2021-11-25,17417.30,17564.35,17351.70,17536.25
2021-11-26,17338.75,17355.40,16985.70,17026.45
2021-11-29,17055.80,17160.70,16782.40,17053.95
2021-11-30,17051.15,17324.65,16931.40,16983.20
2021-12-01,17104.40,17213.05,17064.25,17166.90
2021-12-02,17183.20,17420.35,17149.30,17401.65
2021-12-03,17424.90,17489.80,17180.80,17196.70
2021-12-06,17209.05,17216.75,16891.70,16912.25
2021-12-07,17044.10,17251.65,16987.75,17176.70
2021-12-08,17315.25,17484.60,17308.95,17469.75
2021-12-09,17524.40,17543.25,17379.60,17516.85
2021-12-10,17476.05,17534.35,17405.25,17511.30
2021-12-13,17619.10,17639.50,17355.95,17368.25
2021-12-14,17283.20,17376.20,17225.80,17324.90
2021-12-15,17323.65,17351.20,17192.20,17221.40
2021-12-16,17373.00,17379.35,17184.95,17248.40
2021-12-17,17276.00,17298.15,16966.45,16985.20
2021-12-20,16824.25,16840.10,16410.20,16614.20
2021-12-21,16773.15,16936.40,16688.25,16770.85
2021-12-22,16865.55,16971.00,16819.50,16955.45
2021-12-23,17066.80,17118.65,17015.55,17072.60
2021-12-24,17149.50,17155.60,16909.60,17003.75
2021-12-27,16937.75,17112.05,16833.20,17086.25
2021-12-28,17177.60,17250.25,17161.15,17233.25
2021-12-29,17220.10,17285.95,17176.65,17213.60
2021-12-30,17201.45,17264.05,17146.35,17203.95
2021-12-31,17244.50,17400.80,17238.50,17354.05
2022-01-03,17387.15,17646.65,17383.30,17625.70
2022-01-04,17681.40,17827.60,17593.55,17805.25
2022-01-05,17820.10,17944.70,17748.85,17925.25
2022-01-06,17768.50,17797.95,17655.55,17745.90
2022-01-07,17797.60,17905.00,17704.55,17812.70
2022-01-10,17913.30,18017.45,17879.15,18003.30
2022-01-11,17997.75,18081.25,17964.40,18055.75
2022-01-12,18170.40,18227.95,18128.80,18212.35
2022-01-13,18257.00,18272.25,18163.80,18257.80
2022-01-14,18185.00,18286.95,18119.65,18255.75
2022-01-17,18235.65,18321.55,18228.75,18308.10
2022-01-18,18337.20,18350.95,18085.90,18113.05
2022-01-19,18129.20,18129.20,17884.90,17938.40
2022-01-20,17921.00,17943.70,17648.45,17757.00
2022-01-21,17613.70,17707.60,17485.85,17617.15
2022-01-24,17575.15,17599.40,16997.85,17149.10
2022-01-25,17001.55,17309.15,16836.80,17277.95
2022-01-27,17062.00,17182.50,16866.75,17110.15
2022-01-28,17208.30,17373.50,17077.10,17101.95
2022-01-31,17301.05,17410.00,17264.15,17339.85
2022-02-01,17529.45,17622.40,17244.55,17576.85
2022-02-02,17706.20,17794.60,17674.80,17780.00
2022-02-03,17767.75,17781.15,17511.15,17560.20
2022-02-04,17590.20,17617.80,17462.55,17516.30
2022-02-07,17456.30,17536.75,17119.40,17213.60
2022-02-08,17279.85,17306.45,17043.65,17266.75
2022-02-09,17370.10,17477.15,17339.00,17463.80
2022-02-10,17554.10,17639.45,17427.15,17605.85
2022-02-11,17451.00,17454.75,17303.00,17374.75
2022-02-14,17076.15,17099.50,16809.65,16842.80
2022-02-15,16933.25,17375.00,16839.25,17352.45
2022-02-16,17408.45,17490.60,17257.70,17322.20
2022-02-17,17396.55,17442.90,17235.85,17304.60
2022-02-18,17236.05,17380.80,17219.20,17276.30
2022-02-21,17192.25,17351.05,17070.70,17206.65
2022-02-22,16847.95,17148.55,16843.80,17092.20
2022-02-23,17194.50,17220.70,17027.85,17063.25
2022-02-24,16548.90,16705.25,16203.25,16247.95
2022-02-25,16515.65,16748.80,16478.30,16658.40
2022-02-28,16481.60,16815.90,16356.30,16793.90
2022-03-02,16593.10,16678.50,16478.65,16605.95
2022-03-03,16723.20,16768.95,16442.95,16498.05
2022-03-04,16339.45,16456.00,16133.80,16245.35
2022-03-07,15867.95,15944.60,15711.45,15863.15
2022-03-08,15747.75,16028.75,15671.45,16013.45
2022-03-09,16078.00,16418.05,15990.00,16345.35
2022-03-10,16757.10,16757.30,16447.90,16594.90
2022-03-11,16528.80,16694.40,16470.90,16630.45
2022-03-14,16633.70,16887.95,16606.50,16871.30
2022-03-15,16900.65,16927.75,16555.00,16663.00
2022-03-16,16876.65,16987.90,16837.85,16975.35
2022-03-17,17202.90,17344.60,17175.75,17287.05
2022-03-21,17329.50,17353.35,17096.40,17117.60
2022-03-22,17120.40,17334.40,17006.30,17315.50
2022-03-23,17405.05,17442.40,17199.60,17245.65
2022-03-24,17094.95,17291.75,17091.15,17222.75
2022-03-25,17289.00,17294.90,17076.55,17153.00
2022-03-28,17181.85,17235.10,17003.90,17222.00
2022-03-29,17297.20,17343.65,17235.70,17325.30
2022-03-30,17468.15,17522.50,17387.20,17498.25
2022-03-31,17519.20,17559.80,17435.20,17464.75
2022-04-01,17436.90,17703.70,17422.70,17670.45
2022-04-04,17809.10,18114.65,17791.40,18053.40
2022-04-05,18080.60,18095.45,17921.55,17957.40
2022-04-06,17842.75,17901.00,17779.85,17807.65
2022-04-07,17723.30,17787.50,17623.70,17639.55
2022-04-08,17698.15,17842.75,17600.55,17784.35
2022-04-11,17740.90,17779.05,17650.95,17674.95
2022-04-12,17584.85,17595.30,17442.35,17530.30
2022-04-13,17599.90,17663.65,17457.40,17475.65
2022-04-18,17183.45,17237.75,17067.85,17173.65
2022-04-19,17258.95,17275.65,16824.70,16958.65
2022-04-20,17045.25,17186.90,16978.95,17136.55
2022-04-21,17234.60,17414.70,17215.50,17392.60
2022-04-22,17242.75,17315.30,17149.20,17171.95
2022-04-25,17009.05,17054.30,16888.70,16953.95
2022-04-26,17121.30,17223.85,17064.45,17200.80
2022-04-27,17073.35,17110.70,16958.45,17038.40
2022-04-28,17189.50,17322.50,17071.05,17245.05
2022-04-29,17329.25,17377.65,17053.25,17102.55
2022-05-02,16924.45,17092.25,16917.25,17069.10
2022-05-04,17096.60,17132.85,16623.95,16677.60
2022-05-05,16854.75,16945.70,16651.85,16682.65
2022-05-06,16415.55,16484.20,16340.90,16411.25
2022-05-09,16227.70,16403.70,16142.10,16301.85
2022-05-10,16248.90,16404.55,16197.30,16240.05
2022-05-11,16270.05,16318.75,15992.60,16167.10
2022-05-12,16021.10,16041.95,15735.75,15808.00
2022-05-13,15977.00,16083.60,15740.85,15782.15
2022-05-16,15845.10,15977.95,15739.65,15842.30
2022-05-17,15912.60,16284.25,15900.80,16259.30
2022-05-18,16318.15,16399.80,16211.20,16240.30
2022-05-19,15917.40,15984.75,15775.20,15809.40
2022-05-20,16043.80,16283.05,16003.85,16266.15
2022-05-23,16290.95,16414.70,16185.75,16214.70
2022-05-24,16225.55,16262.80,16078.60,16125.15
2022-05-25,16196.35,16223.35,16006.95,16025.80
2022-05-26,16105.00,16204.45,15903.70,16170.15
2022-05-27,16296.60,16370.60,16221.95,16352.45
2022-05-30,16527.90,16695.50,16506.15,16661.40
2022-05-31,16578.45,16690.75,16521.90,16584.55
2022-06-01,16594.40,16649.20,16438.85,16522.75
2022-06-02,16481.65,16646.40,16443.05,16628.00
2022-06-03,16761.65,16793.85,16567.90,16584.30
2022-06-06,16530.70,16610.95,16444.55,16569.55
2022-06-07,16469.60,16487.25,16347.10,16416.35
2022-06-08,16474.95,16514.30,16293.35,16356.25
2022-06-09,16263.85,16492.80,16243.85,16478.10
2022-06-10,16283.95,16324.70,16172.60,16201.80
2022-06-13,15877.55,15886.15,15684.00,15774.40
2022-06-14,15674.25,15858.00,15659.45,15732.10
2022-06-15,15729.25,15783.65,15678.90,15692.15
2022-06-16,15832.25,15863.15,15335.10,15360.60
2022-06-17,15272.65,15400.40,15183.40,15293.50
2022-06-20,15334.50,15382.50,15191.10,15350.15
2022-06-21,15455.95,15707.25,15419.85,15638.80
2022-06-22,15545.65,15565.40,15385.95,15413.30
2022-06-23,15451.55,15628.45,15367.50,15556.65
2022-06-24,15657.40,15749.25,15619.45,15699.25
2022-06-27,15926.20,15927.45,15815.50,15832.05
2022-06-28,15757.45,15892.10,15710.15,15850.20
2022-06-29,15701.70,15861.60,15687.80,15799.10
2022-06-30,15774.50,15890.00,15728.85,15780.25
2022-07-01,15703.70,15793.95,15511.05,15752.05
2022-07-04,15710.50,15852.35,15661.80,15835.35
2022-07-05,15909.15,16025.75,15785.45,15810.85
2022-07-06,15818.20,16011.35,15800.90,15989.80
2022-07-07,16113.75,16150.50,16045.95,16132.90
2022-07-08,16273.65,16275.50,16157.90,16220.60
2022-07-11,16136.15,16248.55,16115.50,16216.00
2022-07-12,16126.20,16158.75,16031.15,16058.30
2022-07-13,16128.20,16140.00,15950.15,15966.65
2022-07-14,16018.85,16070.85,15858.20,15938.65
2022-07-15,16010.80,16066.95,15927.30,16049.20
2022-07-18,16151.40,16287.95,16142.20,16278.50
2022-07-19,16187.05,16359.50,16187.05,16340.55
2022-07-20,16562.80,16588.00,16490.95,16520.85
2022-07-21,16523.55,16626.95,16483.90,16605.25
2022-07-22,16661.25,16752.25,16610.90,16719.45
2022-07-25,16662.55,16706.05,16564.25,16631.00
2022-07-26,16632.90,16636.10,16463.30,16483.85
2022-07-27,16475.35,16653.45,16438.75,16641.80
2022-07-28,16774.85,16947.65,16746.25,16929.60
2022-07-29,17079.50,17172.80,17018.15,17158.25
2022-08-01,17243.20,17356.25,17154.80,17340.05
2022-08-02,17310.15,17390.15,17215.85,17345.45
2022-08-03,17349.25,17407.50,17225.85,17388.15
2022-08-04,17463.10,17490.70,17161.25,17382.00
2022-08-05,17423.65,17474.40,17348.75,17397.50
2022-08-08,17401.50,17548.80,17359.75,17525.10
2022-08-10,17566.10,17566.10,17442.80,17534.75
2022-08-11,17711.65,17719.30,17631.95,17659.00
2022-08-12,17659.65,17724.65,17597.85,17698.15
2022-08-16,17797.20,17839.10,17764.05,17825.25
2022-08-17,17868.15,17965.95,17833.35,17944.25
2022-08-18,17898.65,17968.45,17852.05,17956.50
2022-08-19,17966.55,17992.20,17710.75,17758.45
2022-08-22,17682.90,17690.05,17467.35,17490.70
2022-08-23,17357.35,17625.55,17345.20,17577.50
2022-08-24,17525.45,17623.65,17499.25,17604.95
2022-08-25,17679.00,17726.50,17487.45,17522.45
2022-08-26,17619.30,17685.85,17519.35,17558.90
2022-08-29,17188.65,17380.15,17166.20,17312.90
2022-08-30,17414.95,17777.65,17401.50,17759.30
2022-09-01,17485.70,17695.60,17468.45,17542.80
2022-09-02,17598.40,17643.85,17476.45,17539.45
2022-09-05,17546.45,17683.15,17540.35,17665.80
2022-09-06,17695.70,17764.65,17587.65,17655.60
2022-09-07,17519.40,17650.75,17484.30,17624.40
2022-09-08,17748.15,17807.65,17691.95,17798.75
2022-09-09,17923.35,17925.95,17786.00,17833.35
2022-09-12,17890.85,17980.55,17889.15,17936.35
2022-09-13,18044.45,18088.30,18015.45,18070.05
2022-09-14,17771.15,18091.55,17771.15,18003.75
2022-09-15,18046.35,18096.15,17861.50,17877.40
2022-09-16,17796.80,17820.05,17497.25,17530.85
2022-09-19,17540.65,17667.20,17429.70,17622.25
2022-09-20,17770.40,17919.30,17744.40,17816.25
2022-09-21,17766.35,17838.70,17663.60,17718.35
2022-09-22,17609.65,17722.75,17532.45,17629.80
2022-09-23,17593.85,17642.15,17291.65,17327.35
2022-09-26,17156.30,17196.40,16978.30,17016.30
2022-09-27,17110.90,17176.45,16942.35,17007.40
2022-09-28,16870.55,17037.60,16820.40,16858.60
2022-09-29,16993.60,17026.05,16788.60,16818.10
2022-09-30,16798.05,17187.10,16747.70,17094.35
2022-10-03,17102.10,17114.65,16855.55,16887.35
2022-10-04,17147.45,17287.30,17117.30,17274.30
2022-10-06,17379.25,17428.80,17315.65,17331.80
2022-10-07,17287.20,17337.35,17216.95,17314.65
2022-10-10,17094.35,17280.15,17064.70,17241.00
2022-10-11,17256.05,17261.80,16950.30,16983.55
2022-10-12,17025.55,17142.35,16960.05,17123.60
2022-10-13,17087.35,17112.35,16956.95,17014.35
2022-10-14,17322.30,17348.55,17169.75,17185.70
2022-10-17,17144.80,17328.55,17098.55,17311.80
2022-10-18,17438.75,17527.80,17434.05,17486.95
2022-10-19,17568.15,17607.60,17472.85,17512.25
2022-10-20,17423.10,17584.15,17421.00,17563.95
2022-10-21,17622.85,17670.15,17520.75,17576.30
2022-10-24,17736.35,17777.55,17707.40,17730.75
2022-10-25,17808.30,17811.50,17637.00,17656.35
2022-10-27,17771.40,17783.90,17654.50,17736.95
2022-10-28,17756.40,17838.90,17723.70,17786.80
2022-10-31,17910.20,18022.80,17899.90,18012.20
2022-11-01,18130.70,18175.80,18060.15,18145.40
2022-11-02,18177.90,18178.75,18048.65,18082.85
2022-11-03,17968.35,18106.30,17959.20,18052.70
2022-11-04,18053.40,18135.10,18017.15,18117.15
2022-11-07,18211.75,18255.50,18064.75,18202.80
2022-11-09,18288.25,18296.40,18117.50,18157.00
2022-11-10,18044.35,18103.10,17969.40,18028.20
2022-11-11,18272.35,18362.30,18259.35,18349.70
2022-11-14,18376.40,18399.45,18311.40,18329.15
2022-11-15,18362.75,18427.95,18282.00,18403.40
2022-11-16,18398.25,18442.15,18344.15,18409.65
2022-11-17,18358.70,18417.60,18312.95,18343.90
2022-11-18,18382.95,18394.60,18209.80,18307.65
2022-11-21,18246.40,18262.30,18133.35,18159.95
2022-11-22,18179.15,18261.85,18137.70,18244.20
2022-11-23,18325.20,18325.40,18246.00,18267.25
2022-11-24,18326.10,18529.70,18294.25,18484.10
2022-11-25,18528.45,18534.90,18445.10,18512.75
2022-11-28,18430.55,18614.25,18365.60,18562.75
2022-11-29,18552.45,18678.10,18552.15,18618.05
2022-11-30,18625.70,18816.05,18616.55,18758.35
2022-12-01,18871.95,18887.60,18778.20,18812.50
2022-12-02,18752.40,18781.95,18639.20,18696.10
2022-12-05,18719.55,18728.60,18591.35,18701.05
2022-12-06,18600.65,18654.90,18577.90,18642.75
2022-12-07,18638.85,18668.30,18528.40,18560.50
2022-12-08,18570.85,18625.00,18536.95,18609.35
2022-12-09,18662.40,18664.70,18410.10,18496.60
2022-12-12,18402.15,18521.55,18345.70,18497.15
2022-12-13,18524.40,18617.25,18490.20,18608.00
2022-12-14,18671.25,18696.10,18632.90,18660.30
2022-12-15,18614.40,18652.90,18387.70,18414.90
2022-12-16,18319.10,18440.95,18255.15,18269.00
2022-12-19,18288.10,18431.65,18244.55,18420.45
2022-12-20,18340.30,18404.90,18202.65,18385.30
2022-12-21,18435.15,18473.35,18162.75,18199.10
2022-12-22,18288.80,18318.75,18068.60,18127.35
2022-12-23,17977.65,18050.45,17779.50,17806.80
2022-12-26,17830.40,18084.10,17774.25,18014.60
2022-12-27,18089.80,18149.25,17967.45,18132.30
2022-12-28,18084.75,18173.10,18068.35,18122.50
2022-12-29,18045.70,18229.70,17992.80,18191.00
2022-12-30,18259.10,18265.25,18080.30,18105.30
2023-01-02,18131.70,18215.15,18086.50,18197.45
2023-01-03,18163.20,18251.95,18149.80,18232.55
2023-01-04,18230.65,18243.00,18020.60,18042.95
2023-01-05,18101.95,18120.30,17892.60,17992.15
2023-01-06,18008.05,18047.40,17795.55,17859.45
2023-01-09,17952.55,18141.40,17936.15,18101.20
2023-01-10,18121.30,18127.60,17856.00,17914.15
2023-01-11,17924.25,17976.35,17824.35,17895.70
2023-01-12,17920.85,17945.80,17761.65,17858.20
2023-01-13,17867.50,17999.35,17774.25,17956.60
2023-01-16,18033.15,18049.65,17853.65,17894.85
2023-01-17,17922.80,18072.05,17886.95,18053.30
2023-01-18,18074.30,18183.75,18032.45,18165.35
2023-01-19,18119.80,18155.20,18063.75,18107.85
2023-01-20,18115.60,18145.45,18016.20,18027.65
2023-01-23,18118.45,18162.60,18063.45,18118.55
2023-01-24,18183.95,18201.25,18078.65,18118.30
2023-01-25,18093.35,18100.60,17846.15,17891.95
2023-01-27,17877.20,17884.75,17493.55,17604.35
2023-01-30,17541.95,17709.15,17405.55,17648.95
2023-01-31,17731.45,17735.70,17537.55,17662.15
2023-02-01,17811.60,17972.20,17353.40,17616.30
2023-02-02,17517.10,17653.90,17445.95,17610.40
2023-02-03,17721.75,17870.30,17584.20,17854.05
2023-02-06,17818.55,17823.70,17698.35,17764.60
2023-02-07,17790.10,17811.15,17652.55,17721.50
2023-02-08,17750.30,17898.70,17744.15,17871.70
2023-02-09,17885.50,17916.90,17779.80,17893.45
2023-02-10,17847.55,17876.95,17801.00,17856.50
2023-02-13,17859.10,17880.70,17719.75,17770.90
2023-02-14,17840.35,17954.55,17800.05,17929.85
2023-02-15,17896.60,18034.10,17853.80,18015.85
2023-02-16,18094.75,18134.75,18000.65,18035.85
2023-02-17,17974.85,18034.25,17884.60,17944.20
2023-02-20,17965.55,18004.35,17818.40,17844.60
2023-02-21,17905.80,17924.90,17800.30,17826.70
2023-02-22,17755.35,17772.50,17529.45,17554.30
2023-02-23,17574.65,17620.05,17455.40,17511.25
2023-02-24,17591.35,17599.75,17421.80,17465.80
2023-02-27,17428.60,17451.60,17299.00,17392.70
2023-02-28,17383.25,17440.45,17255.20,17303.95
2023-03-01,17360.10,17467.75,17345.25,17450.90
2023-03-02,17421.50,17445.80,17306.00,17321.90
2023-03-03,17451.25,17644.75,17427.70,17594.35
2023-03-06,17680.35,17799.95,17671.95,17711.45
2023-03-08,17665.75,17766.50,17602.25,17754.40
2023-03-09,17772.05,17772.35,17573.60,17589.60
2023-03-10,17443.80,17451.50,17324.35,17412.90
2023-03-13,17421.90,17529.90,17113.45,17154.30
2023-03-14,17160.55,17224.65,16987.10,17043.30
2023-03-15,17166.45,17211.35,16938.90,16972.15
2023-03-16,16994.65,17062.45,16850.15,16985.60
2023-03-17,17111.80,17145.80,16958.15,17100.05
2023-03-20,17066.60,17066.60,16828.35,16988.40
2023-03-21,17060.40,17127.70,17016.00,17107.50
2023-03-22,17177.45,17207.25,17107.85,17151.90
2023-03-23,17097.40,17205.40,17045.30,17076.90
2023-03-24,17076.20,17109.45,16917.35,16945.05
2023-03-27,16984.30,17091.00,16918.55,16985.70
2023-03-28,17031.75,17061.75,16913.75,16951.70
2023-03-29,16977.30,17126.15,16940.60,17080.70
2023-03-31,17210.35,17381.60,17204.65,17359.75
2023-04-03,17427.95,17428.05,17312.75,17398.05
2023-04-05,17422.30,17570.55,17402.70,17557.05
2023-04-06,17533.85,17638.70,17502.85,17599.15
2023-04-10,17634.90,17694.10,17597.95,17624.05
2023-04-11,17704.80,17748.75,17655.15,17722.30
2023-04-12,17759.55,17825.75,17717.25,17812.40
2023-04-13,17807.30,17842.15,17729.65,17828.00
2023-04-17,17863.00,17863.00,17574.05,17706.85
2023-04-18,17766.60,17766.60,17610.20,17660.15
2023-04-19,17653.35,17666.15,17579.85,17618.75
2023-04-20,17638.60,17684.45,17584.35,17624.45
2023-04-21,17639.75,17663.20,17553.95,17624.05
2023-04-24,17707.55,17754.50,17612.50,17743.40
2023-04-25,17761.55,17807.45,17716.85,17769.25
2023-04-26,17767.30,17827.75,17711.20,17813.60
2023-04-27,17813.10,17931.60,17797.90,17915.05
2023-04-28,17950.40,18089.15,17885.30,18065.00
2023-05-02,18124.80,18180.25,18101.75,18147.65
2023-05-03,18113.80,18116.35,18042.40,18089.85
2023-05-04,18081.00,18267.45,18066.70,18255.80
2023-05-05,18117.30,18216.95,18055.45,18069.00
2023-05-08,18120.60,18286.95,18100.30,18264.40
2023-05-09,18303.40,18344.20,18229.65,18265.95
2023-05-10,18313.60,18326.75,18211.95,18315.10
2023-05-11,18357.80,18389.70,18270.40,18297.00
2023-05-12,18273.75,18342.75,18194.55,18314.80
2023-05-15,18339.30,18458.90,18287.90,18398.85
2023-05-16,18432.35,18432.35,18264.35,18286.50
2023-05-17,18300.45,18309.00,18115.35,18181.75
2023-05-18,18287.50,18297.20,18104.85,18129.95
2023-05-19,18186.15,18218.10,18060.40,18203.40
2023-05-22,18201.10,18335.25,18178.85,18314.40
2023-05-23,18362.90,18419.75,18324.20,18348.00
2023-05-24,18294.80,18392.60,18262.95,18285.40
2023-05-25,18268.90,18338.10,18202.40,18321.15
2023-05-26,18368.35,18508.55,18333.15,18499.35
2023-05-29,18619.15,18641.20,18581.25,18598.65
2023-05-30,18606.65,18662.45,18575.50,18633.85
2023-05-31,18594.20,18603.90,18483.85,18534.40
2023-06-01,18579.40,18580.30,18464.55,18487.75
2023-06-02,18550.85,18573.70,18478.40,18534.10
2023-06-05,18612.00,18640.15,18582.80,18593.85
2023-06-06,18600.80,18622.75,18531.60,18599.00
2023-06-07,18665.60,18738.95,18636.00,18726.40
2023-06-08,18725.35,18777.90,18615.60,18634.55
2023-06-09,18655.90,18676.65,18555.40,18563.40
2023-06-12,18595.05,18633.60,18559.75,18601.50
2023-06-13,18631.80,18728.90,18631.80,18716.15
2023-06-14,18744.60,18769.70,18690.00,18755.90
2023-06-15,18774.45,18794.10,18669.05,18688.10
2023-06-16,18723.30,18864.70,18710.50,18826.00
2023-06-19,18873.30,18881.45,18719.15,18755.45
2023-06-20,18752.35,18839.70,18660.65,18816.70
2023-06-21,18849.40,18875.90,18794.85,18856.85
2023-06-22,18853.60,18886.60,18759.50,18771.25
2023-06-23,18741.85,18756.40,18647.10,18665.50
2023-06-26,18682.35,18722.05,18646.70,18691.20
2023-06-27,18748.55,18829.25,18714.25,18817.40
2023-06-28,18908.15,19011.25,18861.35,18972.10
2023-06-30,19076.85,19201.70,19024.60,19189.05
2023-07-03,19246.50,19345.10,19234.40,19322.55
2023-07-04,19406.60,19434.15,19300.00,19389.00
2023-07-05,19405.95,19421.60,19339.60,19398.50
2023-07-06,19385.70,19512.20,19373.00,19497.30
2023-07-07,19422.80,19523.60,19303.60,19331.80
2023-07-10,19400.35,19435.85,19327.10,19355.90
2023-07-11,19427.10,19515.10,19406.45,19439.40
2023-07-12,19497.45,19507.70,19361.75,19384.30
2023-07-13,19495.20,19567.00,19385.80,19413.75
2023-07-14,19493.45,19595.35,19433.50,19564.50
2023-07-17,19612.15,19731.85,19562.95,19711.45
2023-07-18,19787.50,19819.45,19690.20,19749.25
2023-07-19,19802.95,19851.70,19727.45,19833.15
2023-07-20,19831.70,19991.85,19758.40,19979.15
2023-07-21,19800.45,19887.40,19700.00,19745.00
2023-07-24,19748.45,19782.75,19658.30,19672.35
2023-07-25,19729.35,19729.35,19615.95,19680.60
2023-07-26,19733.35,19825.60,19716.70,19778.30
2023-07-27,19850.90,19867.55,19603.55,19659.90
2023-07-28,19659.75,19695.90,19563.10,19646.05
2023-07-31,19666.35,19772.75,19597.60,19753.80
2023-08-01,19784.00,19795.60,19704.60,19733.55
2023-08-02,19655.40,19678.25,19423.55,19526.55
2023-08-03,19463.75,19537.65,19296.45,19381.65
2023-08-04,19462.80,19538.85,19436.45,19517.00
2023-08-07,19576.85,19620.45,19524.80,19597.30
2023-08-08,19627.20,19634.40,19533.10,19570.85
2023-08-09,19578.80,19645.50,19467.50,19632.55
2023-08-10,19605.55,19623.60,19495.40,19543.10
2023-08-11,19554.25,19557.75,19412.75,19428.30
2023-08-14,19383.95,19465.85,19257.90,19434.55
2023-08-16,19369.00,19482.75,19317.20,19465.00
2023-08-17,19450.55,19461.55,19326.25,19365.25
2023-08-18,19301.75,19373.80,19253.60,19310.15
2023-08-21,19320.65,19425.95,19296.30,19393.60
2023-08-22,19417.10,19443.50,19381.30,19396.45
2023-08-23,19439.20,19472.05,19366.60,19444.00
2023-08-24,19535.15,19584.45,19369.00,19386.70
2023-08-25,19297.40,19339.55,19229.70,19265.80
2023-08-28,19298.35,19366.85,19249.70,19306.05
2023-08-29,19374.85,19377.90,19309.10,19342.65
2023-08-30,19433.45,19452.80,19334.75,19347.45
2023-08-31,19375.55,19388.20,19223.65,19253.80
2023-09-01,19258.15,19458.55,19255.70,19435.30
2023-09-04,19525.05,19545.15,19432.85,19528.80
2023-09-05,19564.65,19587.05,19525.75,19574.90
2023-09-06,19581.20,19636.45,19491.50,19611.05
2023-09-07,19598.65,19737.00,19550.05,19727.05
2023-09-08,19774.80,19867.15,19728.05,19819.95
2023-09-11,19890.00,20008.15,19865.35,19996.35
2023-09-12,20110.15,20110.35,19914.65,19993.20
2023-09-13,19989.50,20096.90,19944.10,20070.00
2023-09-14,20127.95,20167.65,20043.45,20103.10
2023-09-15,20156.45,20222.45,20129.70,20192.35
2023-09-18,20155.95,20195.35,20115.70,20133.30
2023-09-20,19980.75,20050.65,19878.85,19901.40
2023-09-21,19840.55,19848.75,19709.95,19742.35
2023-09-22,19744.85,19798.65,19657.50,19674.25
2023-09-25,19678.20,19734.15,19601.55,19674.55
2023-09-26,19682.80,19699.35,19637.45,19664.70
2023-09-27,19637.05,19730.70,19554.00,19716.45
2023-09-28,19761.80,19766.65,19492.10,19523.55
2023-09-29,19581.20,19726.25,19551.05,19638.30
2023-10-03,19622.40,19623.20,19479.65,19528.75
2023-10-04,19446.30,19457.80,19333.60,19436.10
2023-10-05,19521.85,19576.95,19487.30,19545.75
2023-10-06,19621.20,19675.75,19589.40,19653.50
2023-10-09,19539.45,19588.95,19480.50,19512.35
2023-10-10,19565.60,19717.80,19565.45,19689.85
2023-10-11,19767.00,19839.20,19756.95,19811.35
2023-10-12,19822.70,19843.30,19772.65,19794.00
2023-10-13,19654.55,19805.40,19635.30,19751.05
2023-10-16,19737.25,19781.30,19691.85,19731.75
2023-10-17,19843.20,19849.75,19775.65,19811.50
2023-10-18,19820.45,19840.95,19659.95,19671.10
2023-10-19,19545.20,19681.80,19512.35,19624.70
2023-10-20,19542.15,19593.80,19518.70,19542.65
2023-10-23,19521.60,19556.85,19257.85,19281.75
2023-10-25,19286.45,19347.30,19074.15,19122.15
2023-10-26,19027.25,19041.70,18837.85,18857.25
2023-10-27,18928.75,19076.15,18926.65,19047.25
2023-10-30,19053.40,19158.50,18940.00,19140.90
2023-10-31,19232.95,19233.70,19056.45,19079.60
2023-11-01,19064.05,19096.05,18973.70,18989.15
2023-11-02,19120.00,19175.25,19064.15,19133.25
2023-11-03,19241.00,19276.25,19210.90,19230.60
2023-11-06,19345.85,19423.00,19309.70,19411.75
2023-11-07,19404.05,19423.50,19329.10,19406.70
2023-11-08,19449.60,19464.40,19401.50,19443.50
2023-11-09,19457.40,19463.90,19378.35,19395.30
2023-11-10,19351.85,19451.30,19329.45,19425.35
2023-11-12,19547.25,19547.25,19510.25,19525.55
2023-11-13,19486.75,19494.40,19414.75,19443.55
2023-11-15,19651.40,19693.20,19579.65,19675.45
2023-11-16,19674.70,19875.25,19627.00,19765.20
2023-11-17,19674.75,19806.00,19667.45,19731.80
2023-11-20,19731.15,19756.45,19670.50,19694.00
2023-11-21,19770.90,19829.10,19754.05,19783.40
2023-11-22,19784.00,19825.55,19703.85,19811.85
2023-11-23,19828.45,19875.15,19786.75,19802.00
2023-11-24,19809.60,19832.85,19768.85,19794.70
2023-11-28,19844.65,19916.85,19800.00,19889.70
2023-11-29,19976.55,20104.65,19956.30,20096.60
2023-11-30,20108.50,20158.70,20015.85,20133.15
2023-12-01,20194.10,20291.55,20183.70,20267.90
2023-12-04,20601.95,20702.65,20507.75,20686.80
2023-12-05,20808.90,20864.05,20711.15,20855.10
2023-12-06,20950.75,20961.95,20852.15,20937.70
2023-12-07,20932.40,20941.25,20850.80,20901.15
2023-12-08,20934.10,21006.10,20862.70,20969.40
2023-12-11,20965.30,21026.10,20923.70,20997.10
2023-12-12,21018.55,21037.90,20867.15,20906.40
2023-12-13,20929.75,20950.00,20769.50,20926.35
2023-12-14,21110.40,21210.90,21074.45,21182.70
2023-12-15,21287.45,21492.30,21235.30,21456.65
2023-12-18,21434.80,21482.80,21365.35,21418.65
2023-12-19,21477.65,21505.05,21337.75,21453.10
2023-12-20,21543.50,21593.00,21087.35,21150.15
2023-12-21,21033.95,21288.35,20976.80,21255.05
2023-12-22,21295.85,21390.50,21232.45,21349.40
2023-12-26,21365.20,21477.15,21329.45,21441.35
2023-12-27,21497.65,21675.75,21495.80,21654.75
2023-12-28,21715.00,21801.45,21678.00,21778.70
2023-12-29,21737.65,21770.30,21676.90,21731.40
2024-01-01,21727.75,21834.35,21680.85,21741.90
2024-01-02,21751.35,21755.60,21555.65,21665.80
2024-01-03,21661.10,21677.00,21500.35,21517.35
2024-01-04,21605.80,21685.65,21564.55,21658.60
2024-01-05,21705.75,21749.60,21629.20,21710.80
2024-01-08,21747.60,21763.95,21492.90,21513.00
2024-01-09,21653.60,21724.45,21517.85,21544.85
2024-01-10,21529.30,21641.85,21448.65,21618.70
2024-01-11,21688.00,21726.50,21593.75,21647.20
2024-01-12,21773.55,21928.25,21715.15,21894.55
2024-01-15,22053.15,22115.55,21963.55,22097.45
2024-01-16,22080.50,22124.15,21969.80,22032.30
2024-01-17,21647.25,21851.50,21550.45,21571.95
2024-01-18,21414.20,21539.40,21285.55,21462.25
2024-01-19,21615.20,21670.60,21575.00,21622.40
2024-01-20,21706.15,21720.30,21541.80,21571.80
2024-01-23,21716.70,21750.25,21192.60,21238.80
2024-01-24,21185.25,21482.35,21137.20,21453.95
2024-01-25,21454.60,21459.00,21247.05,21352.60
2024-01-29,21433.10,21763.25,21429.60,21737.60
2024-01-30,21775.75,21813.05,21501.80,21522.10
2024-01-31,21487.25,21741.35,21448.85,21725.70
2024-02-01,21780.65,21832.95,21658.75,21697.45
2024-02-02,21812.75,22126.80,21805.55,21853.80
2024-02-05,21921.05,21964.30,21726.95,21771.70
2024-02-06,21825.20,21951.40,21737.55,21929.40
2024-02-07,22045.05,22053.30,21860.15,21930.50
2024-02-08,22009.65,22011.05,21665.30,21717.95
2024-02-09,21727.00,21804.45,21629.90,21782.50
2024-02-12,21800.80,21831.70,21574.75,21616.05
2024-02-13,21664.30,21766.80,21543.35,21743.25
2024-02-14,21578.15,21870.85,21530.20,21840.05
2024-02-15,21906.55,21953.85,21794.80,21910.75
2024-02-16,22020.30,22068.65,21968.95,22040.70
2024-02-19,22103.45,22186.65,22021.05,22122.25
2024-02-20,22099.20,22215.60,22045.85,22196.95
2024-02-21,22248.85,22249.40,21997.95,22055.05
2024-02-22,22081.55,22252.50,21875.25,22217.45
2024-02-23,22290.00,22297.50,22186.10,22212.70
2024-02-26,22169.20,22202.15,22075.15,22122.05
2024-02-27,22090.20,22218.25,22085.65,22198.35
2024-02-28,22214.10,22229.15,21915.85,21951.15
2024-02-29,21935.20,22060.55,21860.65,21982.80
2024-03-01,22048.30,22353.30,22047.75,22338.75
2024-03-02,22406.95,22419.55,22367.05,22378.40
2024-03-04,22403.50,22440.90,22358.30,22405.60
2024-03-05,22371.25,22416.90,22269.15,22356.30
2024-03-06,22327.50,22497.20,22224.35,22474.05
2024-03-07,22505.30,22525.65,22430.00,22493.55
2024-03-11,22517.50,22526.60,22307.25,22332.65
2024-03-12,22334.45,22452.55,22256.00,22335.70
2024-03-13,22432.20,22446.75,21905.65,21997.70
2024-03-14,21982.55,22204.60,21917.50,22146.65
2024-03-15,22064.85,22120.90,21931.70,22023.35
2024-03-18,21990.10,22123.70,21916.55,22055.70
2024-03-19,21946.45,21978.30,21793.10,21817.45
2024-03-20,21843.90,21930.90,21710.20,21839.10
2024-03-21,21989.90,22080.95,21941.30,22011.95
2024-03-22,21932.20,22180.70,21883.30,22096.75
2024-03-26,21947.90,22073.20,21947.55,22004.70
2024-03-27,22053.95,22193.60,22052.85,22123.65
2024-03-28,22163.60,22516.00,22163.60,22326.90
2024-04-01,22455.00,22529.95,22427.75,22462.00
2024-04-02,22458.80,22497.60,22388.15,22453.30
2024-04-03,22385.70,22521.10,22346.50,22434.65
2024-04-04,22592.10,22619.00,22303.80,22514.65
2024-04-05,22486.40,22537.60,22427.60,22513.70
2024-04-08,22578.35,22697.30,22550.35,22666.30
2024-04-09,22765.10,22768.40,22612.25,22642.75
2024-04-10,22720.25,22775.70,22673.70,22753.80
2024-04-12,22677.40,22726.45,22503.75,22519.40
2024-04-15,22339.05,22427.45,22259.55,22272.50
2024-04-16,22125.30,22213.75,22079.45,22147.90
2024-04-18,22212.35,22326.50,21961.70,21995.85
2024-04-19,21861.50,22179.55,21777.65,22147.00
2024-04-22,22336.90,22375.65,22198.15,22336.40
2024-04-23,22447.05,22447.55,22349.45,22368.00
2024-04-24,22421.55,22476.45,22384.00,22402.40
2024-04-25,22316.90,22625.95,22305.25,22570.35
2024-04-26,22620.40,22620.40,22385.55,22419.95
2024-04-29,22475.55,22655.80,22441.90,22643.40
2024-04-30,22679.65,22783.35,22568.40,22604.85
2024-05-02,22567.85,22710.50,22567.85,22648.20
2024-05-03,22766.35,22794.70,22348.05,22475.85
2024-05-06,22561.60,22588.80,22409.45,22442.70
2024-05-07,22489.75,22499.05,22232.05,22302.50
2024-05-08,22231.20,22368.65,22185.20,22302.50
2024-05-09,22224.80,22307.75,21932.40,21957.50
2024-05-10,21990.95,22131.30,21950.30,22055.20
2024-05-13,22027.95,22131.65,21821.05,22104.05
2024-05-14,22112.90,22270.05,22081.25,22217.85
2024-05-15,22255.60,22297.55,22151.75,22200.55
2024-05-16,22319.20,22432.25,22054.55,22403.85
2024-05-17,22415.25,22502.15,22345.65,22466.10
2024-05-18,22512.85,22520.25,22470.05,22502.00
2024-05-21,22404.55,22591.10,22404.55,22529.05
2024-05-22,22576.60,22629.50,22483.15,22597.80
2024-05-23,22614.10,22993.60,22577.45,22967.65
2024-05-24,22930.75,23026.40,22908.00,22957.10
2024-05-27,23038.95,23110.80,22871.20,22932.45
2024-05-28,22977.15,22998.55,22858.50,22888.15
2024-05-29,22762.75,22825.50,22685.45,22704.70
2024-05-30,22617.45,22705.75,22417.00,22488.65
2024-05-31,22568.10,22653.75,22465.10,22530.70
2024-06-03,23337.90,23338.70,23062.30,23263.90
2024-06-04,23179.50,23179.50,21281.45,21884.50
2024-06-05,22128.35,22670.40,21791.95,22620.35
2024-06-06,22798.60,22910.15,22642.60,22821.40
2024-06-07,22821.85,23320.20,22789.05,23290.15
2024-06-10,23319.15,23411.90,23227.15,23259.20
2024-06-11,23283.75,23389.45,23206.65,23264.85
2024-06-12,23344.45,23441.95,23295.95,23322.95
2024-06-13,23480.95,23481.05,23353.90,23398.90
2024-06-14,23464.95,23490.40,23334.25,23465.60
2024-06-18,23570.80,23579.05,23499.70,23557.90
2024-06-19,23629.85,23664.00,23412.90,23516.00
2024-06-20,23586.15,23624.00,23442.60,23567.00
2024-06-21,23661.15,23667.10,23398.20,23501.10
2024-06-24,23382.30,23558.10,23350.00,23537.85
2024-06-25,23577.10,23754.15,23562.05,23721.30
2024-06-26,23723.10,23889.90,23670.45,23868.80
2024-06-27,23881.55,24087.45,23805.40,24044.50
2024-06-28,24085.90,24174.00,23985.80,24010.60
2024-07-01,23992.95,24164.00,23992.70,24141.95
2024-07-02,24228.75,24236.35,24056.40,24123.85
2024-07-03,24291.75,24309.15,24207.10,24286.50
2024-07-04,24369.95,24401.00,24281.00,24302.15
2024-07-05,24213.35,24363.00,24168.85,24323.85
2024-07-08,24329.45,24344.60,24240.55,24320.55
2024-07-09,24351.00,24443.60,24331.90,24433.20
2024-07-10,24459.85,24461.05,24141.80,24324.45
2024-07-11,24396.55,24402.65,24193.75,24315.95
2024-07-12,24387.95,24592.20,24331.15,24502.15
2024-07-15,24587.60,24635.05,24522.75,24586.70
2024-07-16,24615.90,24661.25,24587.65,24613.00
2024-07-18,24543.80,24837.75,24504.45,24800.85
2024-07-19,24853.80,24854.80,24508.15,24530.90
2024-07-22,24445.75,24595.20,24362.30,24509.25
2024-07-23,24568.90,24582.55,24074.20,24479.05
2024-07-24,24444.95,24504.25,24307.25,24413.50
2024-07-25,24230.95,24426.15,24210.80,24406.10
2024-07-26,24423.35,24861.15,24410.90,24834.85
2024-07-29,24943.30,24999.75,24774.60,24836.10
2024-07-30,24839.40,24971.75,24798.65,24857.30
2024-07-31,24886.70,24984.60,24856.50,24951.15
2024-08-01,25030.95,25078.30,24956.40,25010.90
2024-08-02,24789.00,24851.90,24686.85,24717.70
2024-08-05,24302.85,24350.05,23893.70,24055.60
2024-08-06,24189.85,24382.60,23960.40,23992.55
2024-08-07,24289.40,24337.70,24184.90,24297.50
2024-08-08,24248.55,24340.50,24079.70,24117.00
2024-08-09,24386.85,24419.75,24311.20,24367.50
2024-08-12,24320.05,24472.80,24212.10,24347.00
2024-08-13,24342.35,24359.95,24116.50,24139.00
2024-08-14,24184.40,24196.50,24099.70,24143.75
2024-08-16,24334.85,24563.90,24204.50,24541.15
2024-08-19,24636.35,24638.80,24522.95,24572.65
2024-08-20,24648.90,24734.30,24607.20,24698.85
2024-08-21,24680.55,24787.95,24654.50,24770.20
2024-08-22,24863.40,24867.35,24784.45,24811.50
2024-08-23,24845.40,24858.40,24771.65,24823.15
2024-08-26,24906.10,25043.80,24874.70,25010.60
2024-08-27,25024.80,25073.10,24973.65,25017.75
2024-08-28,25030.80,25129.60,24964.65,25052.35
2024-08-29,25035.30,25192.90,24998.50,25151.95
2024-08-30,25249.70,25268.35,25199.40,25235.90
2024-09-02,25333.60,25333.65,25235.50,25278.70
2024-09-03,25313.40,25321.70,25235.80,25279.85
2024-09-04,25089.95,25216.00,25083.80,25198.70
2024-09-05,25250.50,25275.45,25127.75,25145.10
2024-09-06,25093.70,25168.75,24801.30,24852.15
2024-09-09,24823.40,24957.50,24753.15,24936.40
2024-09-10,24999.40,25130.50,24896.80,25041.10
2024-09-11,25034.00,25113.70,24885.15,24918.45
2024-09-12,25059.65,25433.35,24941.45,25388.90
2024-09-13,25430.45,25430.50,25292.45,25356.50
2024-09-16,25406.65,25445.70,25336.20,25383.75
2024-09-17,25416.90,25441.65,25352.25,25418.55
2024-09-18,25402.40,25482.20,25285.55,25377.55
2024-09-19,25487.05,25611.95,25376.05,25415.80
2024-09-20,25525.95,25849.25,25426.60,25790.95
2024-09-23,25872.55,25956.00,25847.35,25939.05
2024-09-24,25921.45,26011.55,25886.85,25940.40
2024-09-25,25899.45,26032.80,25871.35,26004.15
2024-09-26,26005.40,26250.90,25998.40,26216.05
2024-09-27,26248.25,26277.35,26151.40,26178.95
2024-09-30,26061.30,26134.70,25794.10,25810.85
2024-10-01,25788.45,25907.60,25739.20,25796.90
2024-10-03,25452.85,25639.45,25230.30,25250.10
2024-10-04,25181.90,25485.05,24966.80,25014.60
2024-10-07,25084.10,25143.00,24694.35,24795.75
2024-10-08,24832.20,25044.00,24756.80,25013.15
2024-10-09,25065.80,25234.05,24947.70,24981.95
2024-10-10,25067.05,25134.05,24979.40,24998.45
2024-10-11,24985.30,25028.65,24920.05,24964.25
2024-10-14,25023.45,25159.75,25017.50,25127.95
2024-10-15,25186.30,25212.05,25008.15,25057.35
2024-10-16,25008.55,25093.40,24908.45,24971.30
2024-10-17,25027.40,25029.50,24728.90,24749.85
2024-10-18,24664.95,24886.20,24567.65,24854.05
2024-10-21,24956.15,24978.30,24679.60,24781.10
2024-10-22,24798.65,24882.00,24445.80,24472.10
2024-10-23,24378.15,24604.25,24378.10,24435.50
2024-10-24,24412.70,24480.65,24341.20,24399.40
2024-10-25,24418.05,24440.25,24073.90,24180.80
2024-10-28,24251.10,24492.60,24134.90,24339.15
2024-10-29,24328.85,24484.50,24140.85,24466.85
2024-10-30,24371.45,24498.20,24307.30,24340.85
2024-10-31,24349.85,24372.45,24172.60,24205.35
2024-11-01,24302.75,24368.25,24280.20,24304.35
2024-11-04,24315.75,24316.75,23816.15,23995.35
2024-11-05,23916.50,24229.05,23842.75,24213.30
2024-11-06,24308.75,24537.60,24204.05,24484.05
2024-11-07,24489.60,24503.35,24179.05,24199.35
2024-11-08,24207.70,24276.15,24066.65,24148.20
2024-11-11,24087.25,24336.80,24004.60,24141.30
2024-11-12,24225.80,24242.00,23839.15,23883.45
2024-11-13,23822.45,23873.60,23509.60,23559.05
2024-11-14,23542.15,23675.90,23484.15,23532.70
2024-11-18,23605.30,23606.80,23350.40,23453.80
2024-11-19,23529.55,23780.65,23464.80,23518.50
2024-11-21,23488.45,23507.30,23263.15,23349.90
2024-11-22,23411.80,23956.10,23359.00,23907.25
2024-11-25,24253.55,24351.55,24135.45,24221.90
2024-11-26,24343.30,24343.30,24125.40,24194.50
2024-11-27,24204.80,24354.55,24145.65,24274.90
2024-11-28,24274.15,24345.75,23873.35,23914.15
2024-11-29,23927.15,24188.45,23927.15,24131.10
2024-12-02,24140.85,24301.70,24008.65,24276.05
2024-12-03,24367.50,24481.35,24280.00,24457.15
2024-12-04,24488.75,24573.20,24366.30,24467.45
2024-12-05,24539.15,24857.75,24295.55,24708.40
2024-12-06,24729.45,24751.05,24620.50,24677.80
2024-12-09,24633.90,24705.00,24580.05,24619.00
2024-12-10,24652.65,24677.80,24510.65,24610.05
2024-12-11,24620.50,24691.75,24583.85,24641.80
2024-12-12,24604.45,24675.25,24527.95,24548.70
2024-12-13,24498.35,24792.30,24180.80,24768.30
2024-12-16,24753.40,24781.25,24601.75,24668.25
2024-12-17,24584.80,24624.10,24303.45,24336.00
2024-12-18,24297.95,24394.45,24149.85,24198.85
2024-12-19,23877.15,24004.90,23870.30,23951.70
2024-12-20,23960.70,24065.80,23537.35,23587.50
2024-12-23,23738.20,23869.55,23647.20,23753.45
2024-12-24,23769.10,23867.65,23685.15,23727.65
2024-12-26,23775.80,23854.50,23653.60,23750.20
2024-12-27,23801.40,23938.85,23800.60,23813.40
2024-12-30,23796.90,23915.35,23599.30,23644.90
2024-12-31,23560.60,23689.85,23460.45,23644.80
2025-01-01,23637.65,23822.80,23562.80,23742.90
2025-01-02,23783.00,24226.70,23751.55,24188.65
2025-01-03,24196.40,24196.45,23976.00,24004.75
2025-01-06,24045.80,24089.95,23551.90,23616.05
2025-01-07,23679.90,23795.20,23637.80,23707.90
2025-01-08,23746.65,23751.85,23496.15,23688.95
2025-01-09,23674.75,23689.50,23503.05,23526.50
2025-01-10,23551.90,23596.60,23344.35,23431.50
2025-01-13,23195.40,23340.95,23047.25,23085.95
2025-01-14,23165.90,23264.95,23134.15,23176.05
2025-01-15,23250.45,23293.65,23146.45,23213.20
2025-01-16,23377.25,23391.65,23272.05,23311.80
2025-01-17,23277.10,23292.10,23100.35,23203.20
2025-01-20,23290.40,23391.10,23170.65,23344.75
2025-01-21,23421.65,23426.30,22976.85,23024.65
2025-01-22,23099.15,23169.55,22981.30,23155.35
2025-01-23,23128.30,23270.80,23090.65,23205.35
2025-01-24,23183.90,23347.30,23050.00,23092.20
2025-01-27,22940.15,23007.45,22786.90,22829.15
2025-01-28,22960.45,23137.95,22857.65,22957.25
2025-01-29,23026.75,23183.35,22976.50,23163.10
2025-01-30,23169.50,23322.05,23139.20,23249.50
2025-01-31,23296.75,23546.80,23277.40,23508.40
2025-02-01,23528.60,23632.45,23318.30,23482.15
2025-02-03,23319.35,23381.60,23222.00,23361.05
2025-02-04,23509.90,23762.75,23423.15,23739.25
2025-02-05,23801.75,23807.30,23680.45,23696.30
2025-02-06,23761.95,23773.55,23556.25,23603.35
2025-02-07,23649.50,23694.50,23443.20,23559.95
2025-02-10,23543.80,23568.60,23316.30,23381.60
2025-02-11,23383.55,23390.05,22986.65,23071.80
2025-02-12,23050.80,23144.70,22798.35,23045.25
2025-02-13,23055.75,23235.50,22992.20,23031.40
2025-02-14,23096.45,23133.70,22774.85,22929.25
2025-02-17,22809.90,22974.20,22725.45,22959.50
2025-02-18,22963.65,22992.50,22801.50,22945.30
2025-02-19,22847.25,23049.95,22814.85,22932.90
2025-02-20,22821.10,22923.85,22812.75,22913.15
2025-02-21,22857.20,22921.00,22720.30,22795.90
2025-02-24,22609.35,22668.05,22518.80,22553.35
2025-02-25,22516.45,22625.30,22513.90,22547.55
2025-02-27,22568.95,22613.30,22508.40,22545.05
2025-02-28,22433.40,22450.35,22104.85,22124.70
2025-03-03,22194.55,22261.55,22004.70,22119.30
2025-03-04,21974.45,22105.05,21964.60,22082.65
2025-03-05,22073.05,22394.90,22067.80,22337.30
2025-03-06,22476.35,22556.45,22245.85,22544.70
2025-03-07,22508.65,22633.80,22464.75,22552.50
2025-03-10,22521.85,22676.75,22429.05,22460.30
2025-03-11,22345.95,22522.10,22314.70,22497.90
2025-03-12,22536.35,22577.40,22329.55,22470.50
2025-03-13,22541.50,22558.05,22377.35,22397.20
2025-03-17,22353.15,22577.00,22353.15,22508.75
2025-03-18,22662.25,22857.80,22599.20,22834.30
2025-03-19,22874.95,22940.70,22807.95,22907.60
2025-03-20,23036.60,23216.70,22973.95,23190.65
2025-03-21,23168.25,23402.70,23132.80,23350.40
2025-03-24,23515.40,23708.75,23433.50,23658.35
2025-03-25,23751.50,23869.60,23601.40,23668.65
2025-03-26,23700.95,23736.50,23451.70,23486.85
2025-03-27,23433.95,23646.45,23412.20,23591.95
2025-03-28,23600.40,23649.20,23450.20,23519.35
2025-04-01,23341.10,23565.15,23136.40,23165.70
2025-04-02,23192.60,23350.00,23158.45,23332.35
2025-04-03,23150.30,23306.50,23145.80,23250.10
2025-04-04,23190.40,23214.70,22857.45,22904.45
2025-04-07,21758.40,22254.00,21743.65,22161.60
2025-04-08,22446.75,22697.20,22270.85,22535.85
2025-04-09,22460.30,22468.70,22353.25,22399.15
2025-04-11,22695.40,22923.90,22695.40,22828.55
2025-04-15,23368.35,23368.35,23207.00,23328.55
2025-04-16,23344.10,23452.20,23273.05,23437.20
2025-04-17,23401.85,23872.35,23298.55,23851.65
2025-04-21,23949.15,24189.55,23903.65,24125.55
2025-04-22,24185.40,24242.60,24072.00,24167.25
2025-04-23,24357.60,24359.30,24119.95,24328.95
2025-04-24,24277.90,24347.85,24216.15,24246.70
2025-04-25,24289.00,24365.45,23847.85,24039.35
2025-04-28,24070.25,24355.10,24054.05,24328.50
2025-04-29,24370.70,24457.65,24290.75,24335.95
2025-04-30,24342.05,24396.15,24198.75,24334.20
2025-05-02,24311.90,24589.15,24238.50,24346.70
2025-05-05,24419.50,24526.40,24400.65,24461.15
2025-05-06,24500.75,24509.65,24331.80,24379.60
2025-05-07,24233.30,24449.60,24220.00,24414.40
2025-05-08,24431.50,24447.25,24150.20,24273.80
2025-05-09,23935.75,24164.25,23935.75,24008.00
2025-05-12,24420.10,24944.80,24378.85,24924.70
2025-05-13,24864.05,24973.80,24547.50,24578.35
2025-05-14,24613.80,24767.55,24535.55,24666.90
2025-05-15,24694.45,25116.25,24494.45,25062.10
2025-05-16,25064.65,25070.00,24953.05,25019.80
2025-05-19,25005.35,25062.95,24916.65,24945.45
2025-05-20,24996.20,25010.35,24669.70,24683.90
2025-05-21,24744.25,24946.20,24685.35,24813.45
2025-05-22,24733.95,24737.50,24462.40,24609.70
2025-05-23,24639.50,24909.05,24614.05,24853.15
2025-05-26,24919.35,25079.20,24900.50,25001.15
2025-05-27,24956.65,25062.90,24704.10,24826.20
2025-05-28,24832.50,24864.25,24737.05,24752.45
2025-05-29,24825.10,24892.60,24677.30,24833.60
2025-05-30,24812.60,24863.95,24717.40,24750.70
2025-06-02,24669.70,24754.40,24526.15,24716.60
2025-06-03,24786.30,24845.10,24502.15,24542.50
2025-06-04,24560.45,24644.25,24530.45,24620.20
2025-06-05,24691.20,24899.85,24613.10,24750.90
2025-06-06,24748.70,25029.50,24671.45,25003.05
2025-06-09,25160.10,25160.10,25077.15,25103.20
2025-06-10,25196.05,25199.30,25055.45,25104.25
2025-06-11,25134.15,25222.40,25081.30,25141.40
2025-06-12,25164.45,25196.20,24825.90,24888.20
2025-06-13,24473.00,24754.35,24473.00,24718.60
2025-06-16,24732.35,24967.10,24703.60,24946.50
2025-06-17,24977.85,24982.05,24813.70,24853.40
2025-06-18,24788.35,24947.55,24750.45,24812.05
2025-06-19,24803.25,24863.10,24733.40,24793.25
2025-06-20,24787.65,25136.20,24783.65,25112.40
2025-06-23,24939.75,25057.00,24824.85,24971.90
2025-06-24,25179.90,25317.70,24999.70,25044.35
2025-06-25,25150.35,25266.80,25125.05,25244.75
2025-06-26,25268.95,25565.30,25259.90,25549.00
2025-06-27,25576.65,25654.20,25523.55,25637.80
2025-06-30,25661.65,25669.35,25473.30,25517.05
2025-07-01,25551.35,25593.40,25501.80,25541.80
2025-07-02,25588.30,25608.10,25378.75,25453.40
2025-07-03,25505.10,25587.50,25384.35,25405.30
2025-07-04,25428.85,25470.25,25331.65,25461.00
2025-07-07,25450.45,25489.80,25407.25,25461.30
2025-07-08,25427.85,25548.05,25424.15,25522.50
2025-07-09,25514.60,25548.70,25424.35,25476.10
2025-07-10,25511.65,25524.05,25340.45,25355.25
2025-07-11,25255.50,25322.45,25129.00,25149.85
2025-07-14,25149.50,25151.10,25001.95,25082.30
2025-07-15,25089.50,25245.20,25088.45,25195.80
2025-07-16,25196.60,25255.30,25121.05,25212.05
2025-07-17,25230.75,25238.35,25101.00,25111.45
2025-07-18,25108.55,25144.60,24918.65,24968.40
2025-07-21,24999.00,25111.40,24882.30,25090.70
2025-07-22,25166.65,25182.00,25035.55,25060.90
2025-07-23,25139.35,25233.50,25085.50,25219.90
2025-07-24,25243.30,25246.25,25018.70,25062.10
2025-07-25,25010.35,25010.35,24806.35,24837.00
2025-07-28,24782.45,24889.20,24646.60,24680.90
2025-07-29,24609.65,24847.15,24598.60,24821.10
2025-07-30,24890.40,24902.30,24771.95,24855.05
2025-07-31,24642.25,24956.50,24635.00,24768.35
2025-08-01,24734.90,24784.15,24535.05,24565.35
2025-08-04,24596.05,24736.25,24554.00,24722.75
2025-08-05,24720.25,24733.10,24590.30,24649.55
2025-08-06,24641.35,24671.40,24539.20,24574.20
2025-08-07,24464.20,24634.20,24344.15,24596.15
2025-08-08,24544.25,24585.50,24337.50,24363.30
2025-08-11,24371.50,24600.85,24347.45,24585.05
2025-08-12,24563.35,24702.60,24465.65,24487.40
2025-08-13,24586.20,24664.55,24535.25,24619.35
2025-08-14,24607.25,24673.65,24596.90,24631.30
2025-08-18,24938.20,25022.00,24852.85,24876.95
2025-08-19,24891.35,25012.65,24873.95,24980.65
2025-08-20,24965.80,25088.70,24929.70,25050.55
2025-08-21,25142.00,25153.65,25054.90,25083.75
2025-08-22,25064.15,25084.85,24859.15,24870.10
2025-08-25,24949.15,25021.55,24894.35,24967.75
2025-08-26,24899.50,24919.65,24689.60,24712.05
2025-08-28,24695.80,24702.65,24481.60,24500.90
2025-08-29,24466.70,24572.45,24404.70,24426.85
2025-09-01,24432.70,24635.60,24432.70,24625.05
2025-09-02,24653.00,24756.10,24522.35,24579.60
2025-09-03,24616.50,24737.05,24533.20,24715.05
2025-09-04,24980.75,24980.75,24708.20,24734.30
2025-09-05,24818.85,24832.35,24621.60,24741.00
2025-09-08,24802.60,24885.50,24751.55,24773.15
2025-09-09,24864.10,24891.80,24814.00,24868.60
2025-09-10,24991.00,25035.70,24915.05,24973.10
2025-09-11,24945.50,25037.30,24940.15,25005.50
2025-09-12,25074.45,25139.45,25038.05,25114.00
2025-09-15,25118.90,25138.45,25048.75,25069.20
2025-09-16,25073.60,25261.40,25070.45,25239.10
2025-09-17,25276.60,25346.50,25275.35,25330.25
2025-09-18,25441.05,25448.95,25329.75,25423.60
2025-09-19,25410.20,25431.40,25286.30,25327.05
2025-09-22,25238.10,25331.70,25151.05,25202.35
2025-09-23,25209.00,25261.90,25084.65,25169.50
2025-09-24,25108.75,25149.85,25027.45,25056.90
2025-09-25,25034.50,25092.70,24878.30,24890.85
2025-09-26,24818.55,24868.60,24629.45,24654.70
2025-09-29,24728.55,24791.30,24606.20,24634.90
2025-09-30,24691.95,24731.80,24587.70,24611.10
2025-10-01,24620.55,24867.95,24605.95,24836.30
2025-10-03,24759.55,24904.80,24747.55,24894.25
2025-10-06,24916.55,25095.95,24881.65,25077.65
2025-10-07,25085.30,25220.90,25076.30,25108.30
2025-10-08,25079.75,25192.50,25008.50,25046.15
2025-10-09,25074.30,25199.25,25024.30,25181.80
2025-10-10,25167.65,25330.75,25156.85,25285.35
2025-10-13,25177.30,25267.30,25152.30,25227.35
2025-10-14,25277.55,25310.35,25060.55,25145.50
2025-10-15,25181.95,25365.15,25159.35,25323.55
2025-10-16,25394.90,25625.40,25376.85,25585.30
2025-10-17,25546.85,25781.50,25508.60,25709.85
2025-10-20,25824.60,25926.20,25788.50,25843.15
2025-10-21,25901.20,25934.35,25825.80,25868.60
2025-10-23,26057.20,26104.20,25862.45,25891.40
2025-10-24,25935.10,25944.15,25718.20,25795.15
2025-10-27,25843.20,26005.95,25827.00,25966.05
2025-10-28,25939.95,26041.70,25810.05,25936.20
2025-10-29,25982.00,26097.85,25960.30,26053.90
2025-10-30,25984.40,26032.05,25845.25,25877.85
2025-10-31,25863.80,25953.75,25711.20,25722.10
2025-11-03,25696.85,25803.10,25645.50,25763.35
2025-11-04,25744.75,25787.40,25578.40,25597.65
2025-11-06,25593.35,25679.15,25491.55,25509.70
2025-11-07,25433.80,25551.25,25318.45,25492.30
2025-11-10,25503.50,25653.45,25503.50,25574.35
2025-11-11,25617.00,25715.80,25449.25,25694.95
2025-11-12,25834.30,25934.55,25781.15,25875.80
2025-11-13,25906.10,26010.70,25808.40,25879.15
2025-11-14,25767.90,25940.20,25740.80,25910.05
2025-11-17,25948.20,26024.20,25906.35,26013.45
2025-11-18,26021.80,26029.85,25876.50,25910.05
2025-11-19,25918.10,26074.65,25856.20,26052.65
2025-11-20,26132.10,26246.65,26063.20,26192.15
2025-11-21,26109.55,26179.20,26052.20,26068.15
2025-11-24,26122.80,26142.80,25912.15,25959.50
2025-11-25,25998.50,26032.60,25857.50,25884.80
2025-11-26,25842.95,26215.15,25842.95,26205.30
2025-11-27,26261.25,26310.45,26141.90,26215.55
2025-11-28,26237.45,26280.75,26172.40,26202.95
2025-12-01,26325.80,26325.80,26124.20,26175.75
2025-12-02,26087.95,26154.60,25997.85,26032.20
2025-12-03,26004.90,26066.45,25891.00,25986.00
2025-12-04,25981.85,26098.25,25938.95,26033.75
2025-12-05,25999.80,26202.60,25985.35,26186.45
2025-12-08,26159.80,26178.70,25892.25,25960.55
2025-12-09,25867.10,25923.65,25728.00,25839.65
2025-12-10,25864.05,25947.65,25734.55,25758.00
2025-12-11,25771.40,25922.80,25693.25,25898.55
2025-12-12,25971.20,26057.60,25938.45,26046.95
2025-12-15,25930.05,26047.15,25904.75,26027.30
2025-12-16,25951.50,25980.75,25834.35,25860.10
2025-12-17,25902.40,25929.15,25770.35,25818.55
2025-12-18,25764.70,25902.35,25726.30,25815.55
2025-12-19,25911.50,25993.35,25880.45,25966.40
2025-12-22,26055.85,26180.70,26047.80,26172.40
2025-12-23,26205.20,26233.55,26119.05,26177.15
2025-12-24,26170.65,26236.40,26123.00,26142.10
2025-12-26,26121.25,26144.20,26008.60,26042.30
2025-12-29,26063.35,26106.80,25920.30,25942.10
2025-12-30,25940.90,25976.75,25878.00,25938.85
2025-12-31,25971.05,26187.95,25969.00,26129.60
2026-01-01,26173.30,26197.55,26113.40,26146.55
2026-01-02,26155.10,26340.00,26118.40,26328.55
2026-01-05,26333.70,26373.20,26210.05,26250.30
2026-01-06,26189.70,26273.95,26124.75,26178.70
2026-01-07,26143.10,26187.15,26067.90,26140.75
2026-01-08,26106.50,26133.20,25858.45,25876.85
2026-01-09,25840.40,25940.60,25623.00,25683.30
2026-01-12,25669.05,25813.15,25473.40,25790.25
2026-01-13,25897.35,25899.80,25603.30,25732.30
2026-01-14,25648.55,25791.75,25603.95,25665.60
2026-01-16,25696.05,25873.50,25662.40,25694.35
2026-01-19,25653.10,25653.30,25494.35,25585.50
2026-01-20,25580.30,25585.00,25171.35,25232.50
2026-01-21,25141.00,25300.95,24919.80,25157.50
2026-01-22,25344.15,25435.75,25168.50,25289.90
2026-01-23,25344.60,25347.95,25025.30,25048.65
2026-01-27,25063.35,25246.65,24932.55,25175.40
2026-01-28,25258.85,25372.10,25187.65,25342.75
2026-01-29,25345.00,25458.15,25159.80,25418.90
2026-01-30,25247.55,25370.70,25213.65,25320.65
2026-02-01,25333.75,25440.90,24571.75,24825.45
2026-02-02,24796.50,25108.10,24679.40,25088.40
2026-02-03,26308.05,26341.20,25641.30,25727.55
2026-02-04,25675.05,25818.55,25563.95,25776.00
2026-02-05,25755.90,25757.65,25579.50,25642.80
2026-02-06,25605.80,25703.95,25491.90,25693.70
2026-02-09,25888.70,25922.25,25780.90,25867.30
2026-02-10,25922.65,25989.45,25870.45,25935.15
2026-02-11,25997.45,26009.40,25899.80,25953.85
2026-02-12,25906.70,25906.70,25752.40,25807.20
2026-02-13,25571.15,25630.35,25444.30,25471.10
2026-02-16,25423.60,25697.00,25372.70,25682.75
2026-02-17,25637.95,25764.40,25570.30,25725.40
2026-02-18,25752.65,25828.05,25645.15,25819.35
2026-02-19,25873.35,25885.30,25388.75,25454.35
2026-02-20,25406.55,25663.55,25379.75,25571.25
2026-02-23,25678.40,25771.45,25609.35,25713.00
2026-02-24,25641.80,25641.80,25327.60,25424.65
2026-02-25,25512.60,25652.60,25428.20,25482.50
2026-02-26,25556.30,25572.95,25400.95,25496.55
2026-02-27,25459.85,25476.40,25141.30,25178.65
2026-03-02,24659.25,24989.35,24603.50,24865.70
2026-03-04,24388.80,24602.45,24305.40,24480.50
2026-03-05,24615.95,24854.20,24529.40,24765.90
2026-03-06,24656.40,24700.80,24415.75,24450.45
2026-03-09,23868.05,24078.15,23697.80,24028.05
2026-03-10,24280.80,24303.80,24079.95,24261.60
2026-03-11,24231.85,24299.00,23834.30,23866.85
2026-03-12,23674.85,23833.15,23556.30,23639.15
2026-03-13,23462.50,23492.40,23112.00,23151.10
2026-03-16,23116.10,23502.00,22955.25,23408.80
2026-03-17,23493.20,23656.80,23346.60,23581.15
2026-03-18,23632.90,23862.25,23618.45,23777.80
2026-03-19,23197.75,23378.70,22930.35,23002.15
2026-03-20,23110.15,23345.15,23067.60,23114.50
2026-03-23,22824.35,22851.70,22471.25,22512.65
2026-03-24,22878.45,23057.30,22624.20,22912.40
2026-03-25,23064.40,23465.35,23063.20,23306.45
2026-03-27,23173.55,23186.10,22804.55,22819.60
2026-03-30,22549.65,22714.10,22283.85,22331.40
2026-04-01,22899.00,22941.30,22618.60,22679.40
2026-04-02,22383.40,22782.30,22182.55,22713.10
2026-04-06,22780.30,22998.35,22542.95,22968.25
2026-04-07,22838.70,23153.85,22719.30,23123.65
2026-04-08,23855.15,24025.15,23828.50,23997.35
2026-04-09,23909.05,23990.75,23682.80,23775.10
2026-04-10,23880.55,24074.05,23856.35,24050.60
2026-04-13,23589.60,23907.40,23555.60,23842.65
2026-04-15,24163.80,24280.90,24145.80,24231.30
2026-04-16,24385.20,24400.95,24102.80,24196.75
2026-04-17,24165.90,24371.90,24096.05,24353.55
2026-04-20,24391.50,24480.65,24241.25,24364.85
2026-04-21,24374.55,24601.70,24354.90,24576.60
2026-04-22,24470.85,24515.95,24352.90,24378.10
2026-04-23,24202.35,24310.20,24134.80,24173.05
2026-04-24,24100.55,24206.00,23813.65,23897.95
2026-04-27,23945.45,24130.70,23936.20,24092.70
2026-04-28,24049.90,24181.80,23957.05,23995.70
2026-04-29,24096.90,24334.70,24059.95,24177.65
2026-04-30,23996.95,24087.45,23796.85,23997.55
2026-05-04,24063.55,24290.20,24004.75,24119.30
2026-05-05,24052.60,24081.70,23882.05,24032.80
2026-05-06,24171.00,24356.50,23997.90,24330.95
2026-05-07,24398.50,24482.10,24284.00,24326.65
2026-05-08,24233.65,24253.80,24126.65,24176.15
2026-05-11,23970.10,23997.45,23799.10,23815.85
2026-05-12,23722.60,23757.55,23348.40,23379.55
2026-05-13,23362.45,23582.95,23262.55,23412.60
2026-05-14,23530.25,23777.20,23426.55,23689.60
2026-05-15,23731.40,23839.30,23610.30,23643.50
2026-05-18,23482.20,23695.65,23317.10,23649.95
2026-05-19,23675.30,23782.30,23587.20,23618.00
2026-05-20,23457.25,23690.90,23397.30,23659.00
2026-05-21,23830.05,23859.90,23596.60,23654.70
2026-05-22,23671.20,23835.65,23671.00,23719.30
2026-05-25,23940.25,24054.45,23922.85,24031.70
2026-05-26,24004.10,24089.80,23885.45,23913.70
2026-05-27,23880.35,23983.20,23858.25,23907.15
2026-05-29,23902.15,24002.80,23484.75,23547.75
2026-06-01,23654.50,23733.70,23357.95,23382.60
2026-06-02,23229.15,23556.95,23229.15,23483.55
2026-06-03,23415.95,23459.65,23151.50,23405.60
2026-06-04,23282.45,23465.30,23247.30,23416.55
2026-06-05,23478.95,23516.35,23282.65,23366.70
2026-06-08,23080.70,23267.30,23070.15,23123.00
2026-06-09,23259.05,23279.40,23104.45,23242.10
2026-06-10,23233.95,23425.35,23184.60,23214.95
2026-06-11,23104.40,23327.45,23072.05,23161.60
2026-06-12,23412.55,23645.35,23313.90,23622.90
2026-06-15,23984.85,24011.40,23817.80,23853.90
2026-06-16,23923.90,24002.60,23888.20,23989.15
2026-06-17,24044.50,24108.20,23969.70,24085.70
2026-06-18,24073.80,24189.25,24036.95,24168.00
2026-06-19,23991.20,24047.20,23901.90,24013.10
2026-06-22,24106.60,24168.05,24073.15,24102.90
2026-06-23,24071.30,24135.50,23784.95,23824.10
2026-06-24,23795.80,24090.05,23789.25,24021.65
2026-06-25,24125.85,24261.60,24039.00,24056.00
2026-06-29,24061.75,24120.00,23924.55,23946.25
2026-06-30,24032.05,24035.55,23829.20,23865.75
2026-07-01,23897.65,24049.90,23895.10,24005.85
2026-07-02,24062.20,24194.55,24058.80,24175.70
2026-07-03,24375.65,24378.15,24252.35,24270.85
2026-07-06,24306.85,24458.65,24287.10,24430.35
2026-07-07,24464.45,24530.90,24348.95,24398.70
2026-07-08,24259.55,24300.00,23805.20,23882.05
2026-07-09,23928.95,24134.70,23925.70,23962.80
2026-07-10,24124.70,24228.45,24120.35,24206.90
2026-07-13,24039.40,24259.80,24000.20,24211.00
2026-07-14,24068.00,24157.10,24023.70,24052.05
2026-07-15,24085.85,24220.35,24010.55,24078.50
2026-07-16,24142.10,24186.50,24050.00,24072.75
2026-07-17,24127.60,24367.30,24099.05,24334.30
2026-07-20,24190.05,24266.10,24135.85,24238.50
2026-07-21,24216.05,24262.20,24135.65,24187.70
2026-07-22,24150.45,24166.30,23961.40,23996.25
2026-07-23,23904.80,23990.75,23807.20,23869.60
2026-07-24,23666.35,23823.60,23606.30,23767.45
2026-07-27,23928.40,24011.60,23891.55,23995.95
2026-07-28,23971.25,24041.15,23954.60,23985.35
2026-07-29,24176.65,24283.55,24136.75,24250.20
2026-07-30,24249.55,24342.95,24187.10,24317.15
2026-07-31,24361.45,24429.40,24299.70,24383.60
2026-08-03,24572.70,24774.30,24515.15,24774.30
2026-08-04,24703.90,24703.90,24427.95,24614.90
2026-08-05,24669.20,24677.60,24497.95,24624.65
2026-08-06,24641.00,24677.05,24604.15,24636.00
2026-08-07,24538.90,24630.40,24522.75,24570.65
2026-08-10,24581.25,24620.95,24511.10,24583.80
2026-08-11,24575.10,24576.85,24429.25,24471.70
2026-08-12,24472.45,24473.30,24265.95,24435.95
2026-08-13,24431.60,24431.60,24311.40,24395.85
2026-08-14,24361.90,24405.20,24296.80,24366.00
2026-08-17,24343.45,24360.10,24226.95,24287.65
2026-08-18,24223.85,24269.65,24154.90,24154.90
2026-08-19,24152.05,24172.85,24025.65,24078.30
2026-08-20,24225.45,24265.15,24184.55,24231.85
2026-08-21,24284.05,24284.05,24206.80,24252.00
2026-08-24,24285.05,24313.00,24144.30,24219.05
2026-08-25,24175.75,24334.55,24115.45,24334.55
2026-08-26,24341.95,24378.60,24207.75,24207.75
2026-08-27,24277.60,24297.45,24090.85,24090.85
2026-08-28,24122.60,24188.30,24076.85,24175.65
2026-08-31,24117.55,24128.70,23993.60,24080.40
2026-09-01,24077.55,24143.15,23952.55,24055.80
